assessment_pattern_id,assessment_pattern_flag_type_id
"259ba381bca83fa96822bc500b02bbc4",2
"3e4ff1ea66d2a46714052c484c7591a0",2
"3eaaf2c20baf1e1d91a3025c65b92cda",32
"f4b73cffe000e6f184ef2fb404e097cb",2
"f9785438e154ba5b6ff4164b17930892",2
"5390d519e58194710ff45d0c92976ef9",2
"abcdcb340ddf8c8c163053fe24e7ae0c",2
"4ac4eb247d1feeedeb505d095db0180e",2
"10645fc984cd6bbf7c5c3c33c08a4778",2
"a387de4cd83c85e8d8ca11c817d0264f",2
"c562a0800828d0725eb525d867f326ac",2
"ceec0e82c8a8a0e4382ffc8d92df4bb0",2
"d3ad304434329063e9b0d84208964b26",2
"0b3fa54e1ed24f5e279f85eaf738801a",2
"b96b5551b7d35122ae7d1df585cb6ab2",2
"feef8619e88e1373f51d626f25ede31b",2
"12769224776f8e3b2d2ac01d901e7da2",2
"a425b37ab0f900d8a08649ec07244eaf",2
"a5e569b5a05556aa396624db7e261b6a",2
"0571e97b78fc36b503c1daaf9359c1a1",2
"170cc07091041c9f245dd8cf98ecc6f1",2
"1edb69d7b2f741bebd80db51dbdf2539",2
"32774ce30ecaf25521bf05daa2427916",2
"4782313f992f717c9cf3b42eb464de29",2
"f3f20eac811467b0a42fa2f748c3bfad",2
"3964bfcb80d9282eb50c2102b6423ccc",2
"4f4bd23ad86d0c05a675f8cd28165c72",2
"59731b065fc6ada45504fe06c273bba9",2
"99833348016ec074b3f556b19f77fb94",2
"9c4271f74bab687fdaea94141d10da38",2
"be6dc825f5b6cb49801da211da9b7aa1",2
"e90a40460004c99a4fbabef3619b617a",2
"0b9894f16573d259ae34c934b5f89f2a",2
"5de285d36e03fb78ada8440d706b360e",2
"f22cdfa88db01576ac0086f6036dc052",2
"4ca380a292e9d9f3f5cbd59c298ad73a",2
"813157372cc9208019f48142b5a7be5c",2
"8ade6134c0298102e99b277f12806a04",2
"5998dfd536ab94f3e23a89abfd289a87",2
"60917ae9f4247b7512844f2332bc3edc",2
"7f78c0e412fd14be0c1daa77613f14c1",2
"af31dce9b9f9b3cd0d5a94d3f2baaff6",2
"e088837f841326c4565fe4dcdd7b6ac6",2
"6874f70f7961c0fd9529fa9ab0d01d9a",2
"94912301171fdcc932704a735ccbec7a",2
"1f07be628786c9e7daae2124a029c39e",2
"f507255104241858c1115d30828b88b6",2
"ae411362d4f6df8df612742f3f21a9fb",2
"0146d916bfe0982b50193c4d920a75e2",2
"eb67fbbe9df89f7e541b756043e905ce",2
"073e988a847e5cc66caed619e26053aa",2
"7bb67e2c69ee4a8f5314762636d443dc",2
"9a9ce54f06fbeb38d1f5de613230991a",2
"af5d1fe783ba149338b64ed963cd607a",2
"0899558510d73343500e8d6831c1d143",2
"0b3cb8c50241f82ff4f68f56a21c2ddc",2
"75b6f91dcf52d3f698ad18001079b65b",2
"9ac460e1d1225995610c398d195ce769",2
"3213cf7a1fe00c91eed202e250d6aa89",2
"4f1864ea0a4e246d01bc4279296a5c90",2
"b8a237838c928a83b884e189f97f47b3",2
"c0f3bdb9351c5f9e8681511110e5de0f",2
"39565a3c1dbeb0a85d1479352e3bfdd0",2
"9870aaf02be76295a845db81355414a1",2
"C06t-UsrEeSatSIACyQUhQ",32
"ad9f101af3807b0b7f7ad67df4812405",2
"e1f0148d29c7cd4ffe262711624e409b",2
"04f8b9884d9b11e227fe397e54262e5e",2
"0fb0bdafeef014b6884f5fa7ec5e5fa0",2
"4f4b3e2883889f1d1cb1692480387773",2
"7eb51a77a9d58984c930c49e21e8bf81",2
"8d71f804a79bf13fa3a08831f8744a48",2
"f27f965481f915112cbda7a836c585c8",2
"0b0ceafd0a992821f4ac15921eddc03a",2
"201c5d2682ba8e853c81d5b066778a8f",2
"510220ef169e195f2acd340c284c0625",2
"7c19bcc7cebb4765cd2313d11745ecc3",32
"b4efdcb5f095252ea56aa13057cd625b",2
"0158b7a9d2c71abbc617afa8d2cb2a83",2
"4f591975b57b5bab331f59ad265383a0",2
"8ade5efa64761e3ab5eb4ad363991b8a",2
"49cfc8ae8f63cc2bc4791016d42f55e1",2
"6a7241640e27c39215b63692bc4a5602",2
"daa08fb18f328b65c28849a9838e75c2",2
"04483fded674f3a0db1cf25ec37e07fb",2
"13e93e2c55c805f1cc67d06c7eb77786",2
"24d9123ba7c4c1688f2a00fca13a7fa0",2
"28787db7a768e71ef34fc9c27565329d",2
"777217763781572c55cf2341ace2fc13",2
"1d989b4d65be90a5594c181d066dd515",2
"55ce4b707aa36a4c2db74ca2b5067def",2
"8026d8bed5e2b8bd6238fe5b7cb2ceb8",2
"cde4c00e2d4a2b0d45aedef925fff2c2",2
"dd416adb0bcce4bbec187e0dcc3ad491",2
"68e6d6570eb67e232be80d54def31eec",2
"bd66e7b90c2880e4d77f2ec6a13eb493",2
"07f03fda6ea5d4a8a9a36cd0a771a051",2
"4ba776504af40a9c373c2cdbd979bbff",2
"92f3486cfee87aa0593c70ac4fff95a4",2
"bce6920d4697631900a825455504586c",2
"e50a56fba2569e9f6e76aa0b4558376c",2
"ee24575563ff072d7e5584ea56f79703",2
"97d15c6e8cb245af5ee51f60ba07189e",2
"c19527ad00cdb196bf9a321300a4baa0",2
"10b7c8115b463886d612d48c28347cf9",2
"149b5abcbcec7bc10ba75702057bcb6c",2
"14ac89e22d5ae1e6d271d9c0e720136d",2
"a362abb5ad1b7dd3c04eb2efede02fc3",2
"c99928cacf08565ea0a0f7449342fbb8",2
"cc31164ca85bcb50a7f3da45b106a29c",2
"1576a78a48c1f0ef9380a9c832f60555",2
"dfa90efea2592c37c9d5c476b7bafc44",2
"ed81d39be282ce0e69734c267ebb024a",2
"29bab80f13ccc6ad4d31d7f9c2093b9a",2
"370e2369df4f7937120f8b2353a1ae3a",2
"6665e310885f157efc419b8d6caefd95",2
"b4a462a31c9cfc4eca926f882301e72e",2
"ff16c37cb319e8bf19c71bb24781fce2",2
"26e4fe810d0f859e8e3f0cc16a9d77c6",2
"337acbbb24449ca93e96301388cc998a",2
"536a96ee0290b26b0b7b20a3cc5fb1d3",2
"d215a538aae73d6f9cb4917e1af33a2a",2
"3202f0543ce97ba5d8834f0b1ca38e4c",2
"44eb5a3f3bc25c773f4412f8181a8814",2
"55477ecc515d69467b7b890614b2ae76",2
"8a55b93d154606f24ebffd1cdec1b793",2
"bc385355c4c484fe00ae96424f5b242f",2
"be6b36853bffd079d7b6a786321c2a85",2
"c8c2aacb00d1dd134f3a6448002e58ba",2
"d76f9fd9f9bc40f5cdeab3bd0c5f3a00",32
"f32e62f9aed15341c4debed23de3db8a",2
"3a6693f81fd5190b549ad57fb553195b",32
"55e3e6070edca95b776c96aef7bf764b",2
"677c93ac0950edc7cdb17a1ffe062c5b",2
"ad793248ac3787ec9ba1ac32b987f04f",2
"fcbfa67991ad9fc21a9adcdffa1fadea",2
"238ced3084c67c48f65784f62b129195",2
"5ddcafb8eb6b7908a72bb4127d57a1f9",2
"5e4c42cdf4d8ae4905a0492d9f2b1bef",2
"db38c04b46cddd387e7572043b7f7029",2
"08536b1abf7b887513f85a916d6bdd2d",2
"5531221ee61fc34923d90c2321a759d9",2
"81ba3a1e61235dbb50e3c7bbcafa3e00",2
"a08a091b49b99326fe0e8d33e370e13a",2
"ba15a9e8ab131bcccccee17f9d5274ce",2
"01451be8be6eab5ddc87aa7772c6d510",2
"07ad2d6a351955b86fdaa46c41f752f8",2
"26af149fa28e2513971a4fd1f30045a8",2
"2d42720757f39848f67ebe09c4b636e7",2
"c94dda539f461102b67bf1689a26cd6e",2
"da4835e7d338ddd1b4996bf43d235222",2
"5808b1526a1bc6e6aa79f9373800381f",2
"bcf8b9caaf69828cc0e714d89b894a0a",2
"08f3ce578df7fc5065002583ca91e585",2
"1dfe0daa9259a729d75c0ffcb5a57688",2
"77494d4f996fc560cff5cc6a4810d51b",2
"d75e8cdd8e9b008bd7a008c2de7eb486",2
"ff5ad11cc761adf2e95108eb322c944e",2
"3801f6cb330139fc02a9da6b5832b8a0",2
"983c7964e27a9a21dde587dc6da74f37",2
"e687af60d0f3ef59f5690f1ff0df9695",2
"6fb4e97e30eee67e8d9e6fe2544cb93c",2
"8bae0679c8b01dd50c1dec2c2eda5d28",2
"b70604c6d9d248f648253f7f7809f218",2
"050aee367592fd267e9116c867aca98e",2
"13ed701261d0e21fd800de288d8ceb92",2
"71e34b12aff5840dfd993ccbf1069b2c",2
"d355c512d4baede04faab50f76448f43",2
"6606c5b372854a46124e17b6af66c051",2
"9bbdc750e028d6b5d4b1cedcb2f06405",2
"c09ddb161b4037bd15fbae517a61ab0b",2
"da3a595115f1d107c378c8cc44097c5a",2
"11717b0cd2fca711843e55f16cc3af03",2
"5d774fd04693462361f0ff6e51212f01",2
"9ec952b57c33911a7f59aaad05221fdc",2
"C06t-EsrEeSatSIACyQUhQ",2
"b9347002c0b5b77bf29ac9b937c2571d",2
"cbb57e9cb219589ca566e0ce0b64653b",2
"dde18c8012cdbeb3d704672a356c4600",2
"8090772fa96f5a6fe1353ae879fd947b",2
"c5fba532d02c8e1c678d03a7d52891ee",2
"0087a4d3ff20a28eadae4b9f5960b6ac",2
"34926674476fbeb44c34fb9ec7326322",2
"a0fbe37495f45597112e8844c2257119",2
"af68a0b627d23197fdd830f24739ad96",2
"b83e6f6e2719a653e942cba03097510c",2
"57926080bdbb906b1853e89614ed402d",2
"b38f257ed61ed5897cef7906fe40e482",2
"b78957350ce8060fb3eb22a214ffbacf",2
"f52ca6e934d77762d5db93a67fd2a122",2
"0851b2f75ca5b990ad08b1c71b7e62c2",2
"355bcadbef2fa55fcabbef63a8731b32",2
"7a39ccbc2f570f5b5a379e72ff3de722",2
"b81cf31bb9f131fc6c9f420639576325",2
"d95cda95abd5d4f6b6ea7ee8cf25e6cc",2
"ea0b6d50be916490c89e1dce05844886",2
"8a8c97dad77edf6b0f5b08a7e180cf3afadsf",2
"8a8c97dad77edf6b0f5b08a7e180cf3afadsf",4
"ab6175a05ca68fbc0bd3ef044f26898b",2
"59d767d395b039cdeb4e035c0c358787",2
"8707b8459f9fa3d002bb64892faa4d8b",2
"8b68f124820a1e273dfcd8aadba2e229",2
"c7d4742289660fc3e333fa1a6c7f03fe",2
"cb646f73d2bc6b9552625bbe3639a5fa",2
"2277e6397a7c503f7cf3dea4f9fdff57",32
"b4a654e44208b187167567dc1fc2a735",2
"bbdac565477ce95280f51d1b56144df4",2
"1b5c58c7ac2dfe54c9e49989d2692fec",2
"2",2
"2",32
"383ddd2e66863c4d9fb38782a9557b59",2
"56e11cdcd866d3fad1fb8e66f6b8bacb",32
"022691f4fcbcb832b0a0f46679039a63",2
"448178dce593895c24f7c18b1401e8ac",2
"5d7dc84988d39c17d474d2e247fdb817",2
"0fbdb9730a17f4c90d2b5f21fe39c7f4",2
"4bd2f9749ad2ef8593628b9596ab76e3",2
"7cbae4ab6215365e62d3f280e529681f",2
"e9b963b041d2150015d7da22d0171cb8",2
"cd0908d986e74689455a2593b93959a7",2
"d38a1751df77f7c5b778ef1f0f913aa9",32
"19185d145c2a8339e33ee7beb6aa0bd5",2
"198a1121e78d7af53aebb97c97bb1446",2
"250667dae2e7fce705d2818ec2f65ab5",2
"a4d76bab8508d1a3feeea1024bb269aa",2
"e17b73e3f64908f34391ee5af097f8ab",2
"f3827bb46f55cca6fd0c01e9da4fc3da",2
"4e4ba40850d55788f107b57972a0590a",2
"8bc6828358da1b948179d91cf1a90b6e",2
"34b67f628b34a13254c365bc7ffc9483",2
"5086d4ec1b804a31130b0ee51c0e97b9",2
"5d12bb634dcd0ce8455a26bb91bfd563",2
"edf37452117e799f56fdd686390e1b47",2
"188bd438558534d04a9691968e61f05e",2
"1a63bce4b313f33a093ab7149f243db3",2
"9ee89bcfe376134ed298b87899e338eb",2
"f93c314bc63b1f2962400282c696b7f9",2
"1d04bc19d80a61e9efc9da819adc7bfd",2
"2dd16d9c7b71783eabee5a77dc97f95a",2
"54152751a4a3f2995c11dc7c7d8165a7",2
"56128688d92d1e1ff4e0a88181b4915b",2
"66d1d23ed896d90e354354fc5ccc6b13",2
"cbb56991fef2e4ff436f4748f6149836",2
"40349b4b645d0ed7cd6d4ae75afe2b65",2
"5e3509453ff7a582b543129efaef65e6",2
"a3ffd7ccd82b2cd41042ce3743c24746",2
"510bd326c72a78ea343efbde6a534751",2
"96ef0f13d85d4d6f03119dd0875dce3a",2
"ba200f5d1a0bd96235a3a73cb2c57718",2
"c5792e4f5cbaea51ce088932d266dd49",2
"e03ba6723cb1cf1d85423bdde6783729",2
"e0645ed8a57446695fd91bd5d95fe32b",2
"37c1fb95312d7286c409b84b50b3477c",2
"963690c46225b3ffa9d657008e6858b0",2
"012753edd3824aa20a2ee5e2009aa9ac",2
"2bbbd6f0e1df2cc72d6d4b70b8410955",2
"35c2ddc9578efc19eefbc489a9568650",2
"4f10bc28a0201f5a6a78c033c0af3742",2
"cd188290cc2fa3b6afe1b407f12366e6",2
"d54e7af1c3a2906507b393e476d44353",2
"f87138eb9e2d244e7a372ea50a5ff642",2
"1421a8aee8e6663ad70bad7a851def64",2
"ee1656cdb39ac339bd5c12dbd919018f",2
"20ea50ca0fe373d5147d523baf7a6dd8",2
"bfd04b63a6d6d94f7c531357f9fe727a",2
"d24f1eb4cadd52a35d99b33f213158c7",2
"ea88d1b1c00a701fd4cf581db3aa2fe7",2
"871304004d7a9329ccfa0f84e6f7dda3",2
"8f13e008a903f3ee676d4ce71589c739",2
"9e5f56cd711a50c8c37de16f7ee69480",2
"b881a6763c7a8848f2021a2a2bcb3fc2",2
"890ea25d8ee20bfca19967beba7514b3",2
"b9e4cfa60f7b0b3711dc6fd5a4d412d4",2
"1370d76d13c07fde5a5816800db8b895",2
"36c2d4d65443dd6a5ce310444621b226",2
"9bc1b206a7a99879589a7df26c993063",2
"a5e914a98de188e3136f96520b379669",2
"00432d792091bd170378d6070c7a7d64",2
"2da9f38d9bb4c6b551a286b1d05b2560",2
"4a12cf0ea3f4f2127188fd0db7d76ebc",2
"5922058372cdb14931369da0efae2b42",2
"8c78e093d0921dc73442e96fa8afa0b3",2
"d83e04d2e1b405b95904c8cc65e979e6",2
"ecc23753a879cc5ac16c3add6eca7089",2
"0c5977cafc3dc8cd2426c8f492609f6e",2
"a493d161e94ff42682ca67f00924a3d3",2
"b1bce2a5b6202112c43b19d904e5b626",2
"d54f6080ae480df15a19771dfef081ac",2
"22385045617cfdd569adbcc7883d6f62",2
"5bbac757cd2fffafc25ab35084e5c6b3",2
"6ab40b8170e4950b650d2c42403522b6",2
"756a9447f69c77d8864b21e2dfa227e6",2
"9236fb7b1b8b57136a8a9cbfb4c1981e",2
"9236fb7b1b8b57136a8a9cbfb4c1981e",4
"79663fe7395175839d4eb3a927b7f2a6",2
"25ca3d6c4c184ceabce86a1a66f7dfc9",2
"47b4a63ff4c68c336c0a140922c208e1",2
"838173fa2cd5ed1d1a7fb624997ec48a",2
"cdae425ab5b81ba71bc456b262942a7a",2
"d2e5201a4b4e3e1ef558f9c36d524f30",2
"3a5fbd87f34b65a9fa7f794ed26573ed",2
"886964713263cca612de4f8989df02d6",2
"af237beeaf25377d7132cd71258db225",2
"b9905a00c105656f38dbb0323d23c8af",2
"29354b5a43ba20a829308c8d15ee728f",2
"6cd16b9c7fee22bf52c71c7ea61e2e1c",32
"6f60ae3007946e3501d834668e547742",2
"a45f336cf831e78ac6d11a2dba8ebc82",2
"b9ab9ceec1f73adda266c1fb4e7f295e",2
"e710b31121ee94abc6246dff42d06e8f",2
"1",2
"46569fe269a790791f4018fc81d3944c",2
"9968538b8aa83cce99c19dde7339a643",32
"f65ffc2a4318353a60515a526c6a4abe",2
"7598bf9f0c9bc791c765006998c34f30",2
"a7d11c770ec70f4ba1bc340b9b421d4c",2
"aa80fb9ba5cba7c6cb756a2aa34e4b30",2
"0f315732e30ecdd0e396cfb94de4b1e5",2
"8a735c0852ecd771e69cd62403dffb0e",2
"a383a3b0640b645efec588e2580bc3ef",2
"eb97dd1d80a7ef85a6d890b19bd81c6c",2
"fdfe54b84ae8539538dc3c14f22e862a",32
"0c9f8a082c1775289c30d43e9c434d9c",2
"3e017d063689818e94b3a201a7458198",2
"5b56df2a2980215335a6a539b96fbbfe",2
"e80915b2179315aed610575971af1b6b",2
"3f4cfdcf0dced11920672dbde53771a3",2
"6ad4558cdaa370ac9566b0e2e11c859b",2
"8ff9b6dbcc732d05ce5d6e70db68000a",2
"f5e8a32066ffeda6839cdbe65416354b",2
"3757222b9c103959c0e938ae0985313d",2
"455852aa75b79af55a6c5e6fd1315166",2
"fbdf21edb92e80d1f6b2f9817b2e69b8",2
"86080771202331b8ececc2238091b67e",2
"c1b9034609e2be2daa5a64448cee9579",2
"14eab42bc37620b93b942ac09e603905",2
"30ecd15c2561e7d5844c90dfce973511",2
"45f3a219bb6b3b5a3014c8a8480b5164",2
"45fda06849816bc54ece5dfe4ebd6d1d",2
"817de96426c1b2137cd84fac668130f7",2
"c0d09c5cc2b3df5b10fd6fba0a9cd201",2
"e769c0a71ce579df441b2749c75900c7",2
"b1b1181ef541ffdad9edcf7bf6cfb480",2
"047df9166e7a025f0d86fc2d5779402c",2
"056875737c2e18ffb71462aea27a2e46",2
"10a498a3e78f425aae705c463742f26a",2
"259399274e638ce29ffeafdf69d2d7f9",2
"5902949160b7b8d77943adc500e32380",2
"8c3282983e28e8ed2f4de3593532ad79",32
"333ddcadd9c19306851cd718a0ecfb1d",2
"5cec63e06b01c822fdef0001b3383d70",2
"5df85ed73bb43207cfae2b73611dbf4e",2
"7b1cb221f17a1dc1add60c7ed3e157ab",2
"a2f9ccb1d18eaa6cafb05ca88f152172",2
"c297e1dee80b1b17f2e9433ff2376c3e",2
"2a86d30281e96ff18781e910b79b938e",32
"942be6f032198e621d5173610fe1f7fa",2
"f3e7ba433af9e26e55b9a75343d54261",2
"f4311cdbd74efe9abf44180704717023",2
"0a38c1127f5496df3b1729b853235bef",2
"2e800b4b2426707fd6e66d7364cce8b9",2
"5351085d73a99493cdac3d332bd825a2",2
"828deb06f11b618abb954da75cb25a7a",2
"9875fe93503fbffc9864e7bf05cca55f",2
"db8e1f16470164422bf1347fbcd9fd0d",2
"713ffbb892e21c252fb1fe33895769a8",2
"91601ec86aad8e4f7e35e3fe935f2dc3",2
"b90ebfad6e9970891e39a00942e57197",2
"e455ce906d0c84ce28dba6b5ab41f7a7",2
"ed1f55bfd8160f05a7e9c469e3624304",2
"f0843f8c305fba8e1fb76e678b78f856",2
"0d59f9d2eacca3c7e6cc6206488564dd",2
"321c2ad0890e8fef09cab9fddf6dcc56",2
"33a6f047f181d41dd76869c402c6abc9",2
"7bf608c0d4e09a8449e72d8373e6e4cb",2
"805be1af41b8242b8eff2a46de601937",2
"deb5fdb255f9d97b1fc3c75b7daeeb22",2
"0df756b1f1db419f79d7583ae01c96fa",2
"262d8f2eada97fdec4f724b18e8540d1",2
"610f6b2d08a4868930c3e02cc0b4d31c",2
"91b278c701d9bfae32b90b01142bd253",2
"b5a49b1f31d8045fd17644e81d6ada61",2
"b5e279e822e7c1dc34d6f490fc6bc8b1",2
"38b35ee90e96b93c79cb76384958bc60",2
"d26e5d17276d6b2ed169022e39ff11bb",2
"d4e0f237a41482e9138d0214067993e7",2
"021bb82ce5d3358c6f1f7a87e4833d50",2
"b1c282bf2968b1b84482112e8e511ea6",2
"c16ac49a24a06c7fad90ea9f5ad053a9",2
"d81ae86e2165adf83ced3f666a6c5cdd",2
"41e9fbb3eb2da2b153981d8a4f88db9f",2
"b6083e9eaf55b5c1d5e1b63828da1343",2
"7d977295f64c5ac59568257a5f9913be",2
"c002c2a06a252cc4b9fe80f60d7cfd94",2
"c5c5b0a4e68f33e2914c7b163ea94a2f",32
"2bf1df889738b97673bfdbfcb056763b",2
"878704b65468483884ea6c5f1a5adddd",2
"959920b4765f7dd29f7fc1cc6e476642",2
"cc11a6155e5fed84fd1092c7910dd53b",2
"08a758f01737595dfcba028764fa203f",2
"176c7ed9349596d770edbd46b8e53791",2
"3af45dd003cbb61517d163853b1e12c1",2
"5d271655af603254c2510bef035c8e07",2
"cb98b3a818d73a63eeb15b306bc39b2a",32
"65b894ff90cf0dc0206db286bbf10fb7",2
"b1c28650a7bb0d85eeffaf77dff28d95",2
"4a07450132ae0927bd57f02523a34ee1",2
"bc2ecf686e02eb7d281dea3692f319e9",2
"0a18a74ad7c91d521ec6cba56645b0cd",32
"c702d1133533a53133ba67858e6277dd",2
"f3e6db0e2d809b9940bad00fce4b9f88",2
"390c8c92c82d31e3068eb10a8f4eebe2",2
"4b77cde35df9c640282e90d381b91201",2
"a0aaa3138060de08c4ec5547618d23f7",2
"89b9d4d914815243023ba990c1d124bc",2
"e298add4818e4201f674723c2c70742e",2
"2b2c7dfd025d8124b96e7abb23bee6ec",2
"6a39284d20379c60954bf440e0ba7c76",2
"7a87a7a6dd395831d4d4318687748bc6",2
"10fbd77ad5604f73be2b13e6bcae201f",2
"38fc63e3414edfbccb0e850edd7e8a23",2
"621c31c0dd7019fcb7c7edc8f7dc3753",2
"6a97b48ccb36dc1d99c36db3258d09d9",2
"b502b3354a76d78c22a83bbaa1d9256e",2
"b76bb6b53f0a4b38909ce9d3426b7804",2
"fa2febbcb403de95325fcb9b620e7ce6",2
"7845b71c2927296250f45997ca02b2a9",2
"8f860b212a799c7678754433b2231979",2
"9dccbbec3c8033ba80caa8e380399a8d",2
"4ebe569a47b2eacee9ba5b0d7ac36650",2
"98cd725681c1ada4a90958c9bef58741",2
"c1d0e516ecf2686fed59c4966bf47439",2
"c6e746ec8832f499a6013b6156807b52",2
"d17708f95a486e1d0a847a50e52fc3fc",2
"feb51efe21779e9a82ac7faec5dac9ac",2
"72fb3eaf08f6057992f841dd51f4b0ee",2
"f802c271aec8f3cccb4d964adf5b0bed",2
"072eda0662264a0ec84bb46e220dc06d",2
"2daad214b8f7851d8ca532bd4a8975a7",2
"3cd3692baaa80a0d55dcd198c507bc7b",2
"44065b3a3fb96c583fa653faade9894e",2
"5d34efabe550afa116cd4684476aa439",2
"9392e94b54f2b50cbbf0e9fa59e62c5a",2
"aee6423cc6d64e637532a44948ece38c",2
"d0141f61d4b2f9309aca4b5215a6aefd",32
"e34b7b3a7184ed59e2a87e5a69fb3b5d",2
"28b13da8d972eafa2dc7164218276a8a",2
"7ca761fe88c61a3436287362cecdbdf0",2
"1eba63999086cc0f3cae451fcaaa737d",2
"8460af039c298666a1cc322834c00478",2
"050827bf8eeca13a58d6b50de08c5663",2
"3e35baeb0b0d10d115e7518a1103c5e5",2
"8170bc9c50c8d902c8b5fce073417282",2
"ae67a6ed48b7860e9ded785090d517ac",2
"ce103ca416de66bc8e29387dbeccfaad",2
"db7ccc254f248a754d56178a22153811",2
"fe673d7482e9e96c26fc59f001820bee",2
"3a2f63bb7d6472007517c93f29508948",2
"755ced37ef4ee16a63cb36a190761d0a",2
"d97ef50c9c9469b128a1c65c2c27a87c",2
"f964f445148eeff6f3e601a11e7c4f25",2
"0b860554bc3ba7c84251e401bd06a709",2
"0c2580f2ec895742caa643bbec7f5e96",2
"2df5e150ebb4246e81bc9462bdcbbd5b",2
"6c9303f52deb5804215908b6fd54858f",2
"95a261da3dcb39a64317a13a5cd17462",2
"fef3002062a6a42cdc7c52b13f7b60fc",2
"15cf5364d820562c38d9bfd4335b1d5b",2
"2ed44c0cce15fb6875a4b1a15cc62f26",2
"692178a6aeba5982359dbe20d88bd887",2
"19674049513be280fc289fe47be0e2ee",32
"2bff3a3d56a391e91427b0fbc4a7de55",2
"6a78153ede672874240e3417de2d1674",2
"ad6dea57e586a50f780442c92001a95f",2
"d6d34517eadd1a2e90db938a7fdd7ef2",2
"bae9bc694005da0a8592ae08495aa868",2
"db14ed7fd188553fe715334b1d49fa31",2
"dcf5dd827ab2ac8c2a4ceb0dc6c39ccc",2
"5c4c72c5c9cee49fd6aee0ef3d3abdf8",2
"2805131dab3d5a95494c6ddf9d96ffcf",2
"3f455b654535116bacaba0c11bf13718",2
"47bfbfd183f85fa2ce0f812e93769dfd",2
"7f78d289876258e10a423153b80cbb43",2
"efb09ce97ab54b6ec5dd137865d7f6af",2
"77900e6e7060d2a1062c6e1cec288777",2
"81fd32dbeb1dc81b730b1aecc40126fa",2
"9be256545ba8df272759e3db707e04b9",2
"a69274cc6affec4bd2ab84166f4cb783",2
"cb9a2153766c7c792cccd07521725345",2
"0aee6fbcbf2af3599f08303fbf759155",2
"21c88d00f911d5cb0094f170997ebe78",2
"5ce1ebddbb8ce0dbdb3dc23c9b113bdf",2
"6f529b236d942eae68c55d6cd67a0d70",2
"7542d3545c9800cc87f1d05ef226f692",2
"f36f7d88f069458bb298c5bd3f9197da",2
"fc30cb4201c9a38bf18f0b3f90e21352",2
"04976801f717b87a4e930bb05c7d07e4",2
"8013da6b3ce8ed22d8e67747b33dd22f",2
"823bb1f0f9681129049158a9d64cb997",2
"ba047782f5a7c2e9f52ab934dd60ee7a",2
"ec67bd3fe30c02d64413e75641751e69",2
"3a783a99d574a2737eb81ad66ddb1e0b",2
"47442f17126419fb5bba1092b9324a7e",32
"8a80fc4b4c6f5c6210545eff80c098c7",2
"f195e9f60d89d25494a8a2615094882d",2
"87920f9f0730f631a980ad413d586a7c",2
"9c79bcd335a57caf037565efdbaa8e48",2
"aced7510e116470055789a2ec4dc5cdf",2
"d71274b094daee6af0cad64a498d353e",2
"22df2443dec5c5513497b25a4434fc4b",2
"416b11e1a127204deb73f19220824eb6",2
"a703dd7825e591f070a02ff5bfd95c9f",2
"06dfa60978dfc2b3ffcb072ce0131575",2
"1473f22af49e4859db8b0fe5046c71a3",2
"3262aecc950eca55513fa30ed1e136b7",2
"79f41b4c9b4de47fde9dccbfdd90cb45",2
"8e26e963e61a534dcb12c981039db25b",2
"967b65cbff568b06c9456783d38306cf",2
"45c3cc127b9d860c7568261150b7bb79",2
"91265743c7ed93d50a01397e72234ad7",2
"cfcd03198467cc701b6d42fe4eb5e06b",2
"dde6af45d40d2a9fd7d93ddc092a21bb",2
"f5d9a714cd111eca4ae52fe46ec9aab5",2
"08f53e94b5966c79e32bee2c49f473c2",2
"eefc5f6d8137695bade1ff89e65e9b4e",2
"55980659c34fa40f37bdf8a646f40336",2
"578b459f01752a7589465e5a0b6b0409",2
"77d43f870fe2115561b00e569624fe13",2
"915bf629dd339dd8b87efe07162d02b9",2
"21e2aa5142e44b7ae7e0a2b81ad39633",2
"4e24920febf1e97172ef9eabfa01f21d",2
"506d89cba749e11cec457480c6ceb904",2
"78375eb8999a69d2f1b1036c1a7c1804",2
"e416db727e63605d35fe0ed1f62597f0",2
"f1d76b60fd7d58f3ff7250f1fac5db94",2
"652204a8ce3f99eb088447d76d4229c0",2
"6f606150daad41dbeb08befc3fa7b857",2
"766cdc13c4c09034936c3fb2c4a411c1",2
"204e0a9d3bb45fb055a264d79a343f1f",2
"9490f6cfefd3098020764bd5fe1cbcfb",2
"459a0fc3a2565ee45e678605657d9ea8",2
"823a741a42e20693efd02e8a26e3b08a",2
"da8d151a7a8594da384d949795ab0ad3",2
"0f65b4527a71f84dc048e516f19a522f",2
"58274bd0f48e64519eaa7602d159acc7",2
"bad4f336e5bbf094093b688bd42bc2e6",2
"38cfa5fd344d4245ee34981a335d1c7c",2
"81df8eb380fa9488880a97b1e1a6e1e5",2
"9917bec9b18ba28c20cc241726b1b935",2
"b1c1ed3203674138b3b7246450633223",2
"173b1747a3106912b5c5bcf123a372ec",2
"212de3f111b99eefa7a8a17b97d9de2a",2
"807dcdfee98de268ff5b6c6e11ff1399",2
"8323fc360176c50e5aace1127f167527",2
"46889700f45fc77c34baf105cb6d8361",2
"b8dfb094e27ea4c75077df7394947302",2
"e49e52ad30599c02d9ce7bb7ebbf3f70",2
"727c111c6b4da3d959950d0c6ae768fc",2
"d405a7e5c427a69ad9b95ad3c9886807",2
"f537644907e21b0c12a155c7e0a57b84",2
"5f6fb02d07bd931153fd408c689c4ee0",2
"688f857eec571f9355bf098d4af10a7b",2
"acfcc11512cdd612d6d672820ff2121e",2
"fad0954aa57092b3545402d44aff0662",2
"364b260424e3f43a2f984b2781eb1a05",2
"ac12cb96d17a0c1b06b7f00bb4759300",2
"e6a677ead8187ebe4eaa1ac9aaefcb34",2
"19bc51716c3005133b3ab1bebba95633",2
"2e56da3913a1ad12645dac123056d550",32
"8c837d2f16ca7059c0d691a7debc7fb8",2
"b1fa28328fc7b7c3ec1cda911ca139e8",2
"c80cfc748b1444f76eb52a5ab9aed997",2
"f715ac681e35bfbe7cb17a054bc03401",2
"12a0f4b0409182b29c507cb003fa351a",2
"2c967a99e7bd6babf9f16cd105a3de91",2
"a9bbb5b4586af76c81b760a567cba069",2
"231352561d73f9ffdcc3ee5b7c9f02b5",2
"55fe981240396c0bc5dfd6758b12015d",2
"da2ed27f326013e91bad89f0d9866fa0",2
"8fea0dabbe89ce6a176a949b9f77071e",2
"dc2c709d9279cdc6e457e82640a43a78",2
"e81b9e2a2ed2485a8b695e31becd0f0b",2
"e92756af170e48800c9af315840b0b8e",2
"6e29d01ed1d3c9ee1e485a5b067dd640",4
"6e29d01ed1d3c9ee1e485a5b067dd640",2
"fac398b1f0b21498a634fc1e1c179d77",2
"2b21a13d9099f908756f324d2ef2c37e",2
"3466ac3d58a0f0562e9d3032fb1ebd54",2
"a3dab6c25ce84d8cdc457e1d86dc067e",32
"0928d63db33754b4c21120a5a33e20f2",2
"69f3e3e1b173c230c7e4ae8d789a94e8",32
"995823c355c734145400bcb70c4e1fb3",2
"d1cbd7ab953e7d349d8e192c606c8ad4",2
"ebb1b0a0801b08b0e38a1914168dffae",2
"13667132d8f20620f5d2b5ca6aa6307f",2
"1ec1c5475585b9b45f1a7550981d0a6d",2
"655c364010a4d683a012894896534c93",2
"8015431f26c15fb59169071fb2bdf7e0",2
"9893f6ccd9e164552c2499e4ff74a6d5",2
"c871110a990575dd35faaeab488bb388",2
"dffe8a8741ae3b84e077f7cb29d6c192",2
"e11e381785d66c638f96ed3d944a8b80",2
"c199c867971b21090a5156dd1aa37410",2
"c2ba3af3eecfaca50db3c83254feeda0",2
"98c8f8034e204f5d18395fc14f5e196c",2
"dad0eeb6e5f501cb9bdbb4243abecc94",2
"f95fd0f3407bde1a6fb8a87e5659c796",2
"fa4e9280a4052f4c79fe02b5f9ba8dc0",2
"8376d7e21320a309790584e1b88a7498",2
"99285bd5c6d6b42b5450e91bc7850e58",2
"f13779765b6cbc9db71461663b055ca9",2
"4a9046cc81e569cd6c24047ac03af516",2
"8e8c96e29b5006195d5522fb758c76b4",2
"cf4e91a172169b28a2d0f3e49837e41f",2
"247e4520da74b234e28ea7cd907a3774",2
"53f0298e766569ebf13cb700a07edef6",2
"9d8c74bc07b2b96c7d5dba4a7f6d8a4d",2
"0053709c4009a19b75358ff6162e6798",2
"231b68a654bb8b409112babe020819a5",2
"2d1a78d993f0e6688c1b23cfdfdea20c",2
"5308e43859028b78be1c316c26c0973d",2
"d18fc95530ddcbcf038f7bc2aabd2623",2
"dde377c05d40b244dd5f48cba5dc8b33",2
"1c738dd2a2c3def0930c1a8f556b8457",2
"e4ea5863afcf926f667abdf99a45dc50",2
"e5f28c9043183ad5a8f959c754bec679",2
"013428308bf78842dc26126293a26479",2
"235d6529e25fa3943f8bbd68edf70595",2
"327c39c7fde22ac78cd34eabde93e90c",2
"3d73c4e8be10f92e250625bc5731f641",2
"4154ee686c26c71fa61b0a6aa072b303",2
"603f47c1b6320fb5ec407bd5daf21813",2
"cd220e828d51b8126cb1da761b4239ad",2
"f4b90008879831299b0ef761f23d3169",2
"4520a496d603f7e9962e8b2614359d6d",32
"8b0458dfa1a455bdd083d0445eae4c0f",2
"2d56b556bc60ca6d15c4b0dbd9bdac9d",2
"dc487d18d47b08fee8656b7375f2b30c",2
"3abd17d8d9ec3450e3077f885b9e8a7d",2
"bd971a11552c6e55cb89762851b90e1e",2
"fb976c594d2cb9e2c03c7006c2cbce30",2
"137d839b9139bad71de99857fbeed22c",2
"4779e848b4d1d9bc73065b0c23678cb4",2
"bf1619b423e3c2808150934262b65a79",2
"4e7ae72156a5cd8b7387b4fa2095b7bd",2
"8689cc0224275499cc0947305e586305",2
"b22abc8693d0ec9fdbef84548090c669",2
"0e5cfdd5576b199e022df91a5c168ef4",2
"1be7cc3b2fbb258c4188bca950e817c6",2
"96d374b96826bd381abc88d99364ab32",2
"c7f973765d95bfb42028845bcd463167",2
"c82bd8212e352b77b9a4a0159b988fb5",2
"db253185c9654c37ba26fedc1d6b9ece",2
"e8833df8b0674967078a70e16f8273e2",2
"6533efbddbaec40b2f9b81b547085675",2
"9a3ab2fa8099394b0b676b3344698c33",2
"a304b134956ee67fbd51c1add1c3b664",2
"a81b31d10f61910447082b0078b567c2",2
"aceddf6d1a303bc410e02db8597c6916",32
"e937033fc0f280af8b668bf733e9fe52",2
"16a7720c6debd20751daf26a69594473",32
"569f3567e785c04254171ac5a7b4e258",2
"883814f630a78a43564674e662a15e3c",2
"8ff885b34f3196677422d2affd21e2c8",2
"d2bca1c83b26eb2dbf1cee02a0b0446d",2
"4e7ee24481120e674a4beea9ed700f2f",2
"d24d640c5ade2e194a530508b5296681",2
"07c46b3166369f5c922913ba2b665492",2
"b58ce51c93478209c26c90dce7ff7888",2
"1478f5ec60554333255ed6e87cebcc00",2
"26bec805adfa5acba88cb1d67ecac3e2",2
"322f8b2ecdcd08b3a28781b7b52db966",2
"559f746ed04d8841b944a137b45e5b2f",2
"5e5f1d3e9ce2eed4ff5e0f059ff05177",2
"72a6fb5696879e17d51b8ba56ddeb951",2
"be844115366d3e01852a6cca074f920a",2
"24c4b93d8ec6e3bfd735e49a89dc64c8",2
"257dce411f744b4b597d5a0c78af5f35",2
"38bdfe739cea9c75eee1290d39c7ac82",2
"47201a7784de36d0ff33bb2a6ad827ad",2
"7ae7370a5beb9a43b6eb42d29569f3cd",2
"9a4777b6f21b972336a7c131dff34ed8",2
"18a51b31d30ede1b25b78456d6419d58",2
"3d1da0fb71544e4012a3c6f874c8db99",2
"ccc4807e57eec06dd91e1903f5bdfc4c",2
"e2443fb734f41734c9a6f6a593dad879",2
"05e0ea61ca2a4f3dba9006757e4dea57",2
"6e5d01c9903b8dfc6647f110783eda7f",2
"6fc7ddaddd3f57939995ecd2e4ddb62f",2
"c67156fcbad180a7182d9af84b36a6e0",2
"62549fabe23e010f22e6677aa3fff8c2",2
"64860d297637758952be413437f82577",2
"eb837d929a0f3fd9813d351982e3fc35",2
"6cd4ffd0b1959794657becaf3a8dbb51",2
"842695d74d628907a506d6fd4adb5c22",2
"845440d2b9b6e8b7d415655877e23352",32
"c511b0253e73093aa571b4b22558b1b3",2
"0a2187d2e1ab7eca7f6c115788801829",2
"0a7af6c63be6bce8ac99f909f0c21341",2
"1ff4bbeb0c9055084a13c3d4f198a79c",2
"4f9b8f5a770021c4a81b2cc94a7f15cc",2
"527ea9a3fd93b8941084da4d0f5cfba2",2
"6e3f235a7e28480de85bccf8bbba2896",2
"c9db5b9a59441c64a600f1d2e4c59dd2",2
"08dc475036ce2fc4fdae76e48fc483c4",2
"0945716becb02fab940140b26aaf86db",2
"309463e3b452954966eda5f89ce4e8f4",2
"45939c0c377fa3fa4277b5934b7eb756",2
"19798526f7c2fb3e0e12b2730070edd5",2
"21f5a0bc5080d3fc7d9c9e589be42c4b",2
"39400983cbe9bda44c84109a78d8bb31",2
"4f8e2fe8e3c5cf227e8e335a246c3387",2
"970cb5847866a0784da808ee3e75b480",2
"ed962ca4e51d20e18ab1c6216eaebdb9",2
"4954f9a6583d938d62bb7efa9f165d88",2
"fd0d44f906c86b6888916898884e3590",2
"e05c700b0e9a286189d286af94b379d0",2
"4063f974b51f67a7383cba7ec34ade58",2
"95bc04ad4c3af09b51f26627dc3ebeee",2
"b67d65de40cfbbc3a5587b94cef0cd5b",2
"0e1f5b8c2a107588f42d53bf05d6e9c8",2
"50b41d5ac5efd9683985058cb8aa80ba",2
"a2f7cc0e9c58d1d196ed8eeaa8fedf8f",2
"04461524e7a6dc96eca3b6b50bae5511",2
"531c6255c1a79166b6206f245784aa44",2
"d434e694d32531aed86123d296537f2e",2
"f5a4dcca4a8aa57b26e520c159b629e1",2
"1f873eca207830c0a684f05b6bd26498",2
"4be66881e7ee76f0bee4e2b66c8843b9",2
"f8f70d5d9caeb859b4ac274151c9d723",2
"ae996321d75840d4e2c7ec7f77dfa9c7",2
"c06551b7ae20ba919773c9429a709a29",2
"e2d655626ef1757d4caf1dec0fef7afa",2
"04ccbcf58ef3a5ac93586058be4615e7",2
"05923351af508759bbc169d6c8320f10",2
"20242afff354681d8e6acb646c5425d0",2
"26480bf999132614ba352de2d26b9c60",2
"2e502437dc17ed8667c24b5c8c288cf8",2
"dbdd63dd3df5f1c39f2884fbabea4a93",2
"1ef79c12435a04b06f98e33b3566d433",2
"86b29ec8166d9676e8d0f5eb2e08c5f3",2
"8f1afb88d3e84cf587e4256b453b9cff",2
"df6b81b9e531ced8b902a6fa3bce8f7e",2
"13de4c796ee32acd2a7107550a689d58",2
"24c19dda08d741c8e21613c7f53aa76b",2
"418c650a4398e2c7af016857c81bb1dc",32
"5ba9c1a08f72b127708300ef2de2faa9",2
"60af0aa7b9210ce58ea3c7d6cf2a6935",2
"bd6a312978bbe782ad88ca42f48db60a",2
"1ac8bcd51d657312923b3c907d3e7be2",2
"62ba88e67e6acf21841f1f5d8bd8c3e7",2
"9f2c7fa802e0b47223df369cf3249e25",2
"d2ae1eb3f9ee80ea020a8a4d35105be0",2
"2ab2f3898f362d52bca8bc61c8980cae",2
"2b3fbd73fe01e048d1ecc1b7cb96179f",2
"370ebcbafc5f0f5102f7a932ec67c3b4",2
"92d1417eb377c0dadd52bd49d2eaa189",32
"e9fd95b31c4f756af7bc5eac19cea118",2
"ede4b47c64122e7943baf9ad39389f89",2
"6842757f4c1176e6dee6e99c66e196c0",2
"7a31135a7aa1695bb7b72ff39358bc8b",2
"c0db5846bdb7452119175f8c9a515231",2
"50390a33cef4e56116cc8b504466756a",2
"6be27419ee7712749130ef35c852aee9",2
"6e3d9a09336dd8e4ad603759d075afec",2
"8a5d861538d6e3db1efb18f28b96f097",2
"ce7369d0657e7be1f404e19dcd0a55f6",2
"0f57cb4465694e543a286b62860b8493",2
"860bfc8df85f357fafddcf1f9176063a",2
"940c4abf1d713ce64cbba794969e7c99",32
"97279199342ea2bbafc65a579477b7d0",2
"ef8d6c4133b4031c22093ce716c2f7b1",2
"f548af582e77423bed75c7d9a324220a",2
"27dd2c923eb0dac1965bc2b404866e7e",2
"3687af9d79bdc43e57b070b269c926ca",2
"7209fff7454166a77afa31e0fe6c6246",2
"e704167e4eaf2cd02db1163d8ae2bf00",2
"f1537dcab9fa4960abd9a755dc37c25c",2
"2b30c887a08d70f96a8c9b060420496f",2
"6c31ba9713b2c7df7039e42edd9f2751",2
"d4e1999b2f2312d13cea28ee515ecf82",2
"28a6b515815bc911d92ad03f50bca9d0",2
"933d981c89f444618bbf138fff343202",2
"c4560a7118b550d0e1ef793c4143e7eb",2
"d0599381a447a31d73ef8c5e665161f2",2
"d5a71a46ec3e2fe6550c61c77e144efb",2
"df51902d5f74244e72248e50095bcefe",2
"f643ecf0bf29a2095e3d79fa14ed3652",2
"f737f678621cbd223466c17686a64610",2
"14b2a5d1b62227da19f0c1e354d89b3b",2
"467e42c74bad10f898fa6546df01481c",2
"4e13fc22e7d7a1174942ebec6b153b80",2
"b58d19c8af9b72efc1d2af5e214ca877",32
"caa5f371cd6ad4c690b1cdc5557725ec",2
"2f3a6ff878b33a8fbec24dcc8d0e0b0f",2
"5892545e70dad0d8ac69ffcb2bb897bf",2
"64f7c4a96a6a11b8d9511bbcb6f85d86",2
"e0e6067131583ab1a59315a4f54f4994",2
"314dab471a52d588545f57f48503a683",2
"55ab8eb5eec66b0ee6426406f34bfa77",2
"0001201ea8505d5be2d7c5bcc1f381a1",2
"6737481e1bcd2af4d1893d0c72691be9",2
"7e14fb6369f9585ead01841481b817dc",2
"c8f8868cdc3b291b2ecf327562364621",2
"17a1918dc656ecfaf9613857c609594f",2
"9c909226097e29a40b5c8553d30f9eab",2
"d35700f3795989a65265b5abb9ff7b00",2
"fd0158d540c064351bd1e459fe0d0c93",2
"b780f86133e7352e6fa82e53ae1b0f2f",2
"2b39e5c6e644938d19d694ff777da5fe",2
"4126592be8b1ce581deeb64e5c40cac4",2
"ea091ed1097c53dea61b6da2b2434876",2
"ff51fd37841f0d996246bbe3fb56bb3a",2
"108d0002f26d99e6be226fdf79ba3684",2
"6102bcff280979e14ff6f67af3e269ee",2
"8787d937ba3a8f48d26d708c4b1cf1f4",2
"de65ff9b800968272af971b35b534085",2
"3c48069db711e5fcf357faeb37bfb0a6",2
"2ef126bffd8647f74df73bd635a8c016",2
"44052c560de16acd0999fd171a324732",2
"2f55ed947adb21f9b012a813a3e3b03a",2
"45251c21f1d617f136ab33eb8bec6d41",2
"5b97dcbbd89eaae4bcc43c99515a3374",2
"83f615368b6e5887147f94159402a4f3",2
"9de2c3acc4f7708fe566dc4153276105",2
"d734556deeb72a8dbbd329a5c14580a6",2
"e4e63fa1d773566674d1426f40bfbb9d",2
"17e82c0fd10c95c773a9c18968a2e6e1",2
"216e09dc217ec6a41b8dd3adbeb10fe2",2
"33c5c2bb441a341982ddd4c81c71475f",2
"590297e8887c88036041aeda53373846",2
"7a994562c5245de5f5ac35faf5c41f7c",2
"b0096a825cd8cf5c89e2bcfc47bad331",2
"c563374b3c7038d2770bba6a69972b28",32
"1bccaf7ab3b9707ce0ed5445b2d8d62d",2
"2bc8cf7dfb0e8fbf48d3bae84fcf083d",2
"8a856b1f29329c1feb52a327b3349347",2
"bc22a74b611b4a0f7abd9cf7e00f4e43",2
"04e998cc9d9ccd7618cc4efb1b199f44",2
"171827362a4382d697e4a636bbb9cb0d",2
"264169a107488aef176dd90fbd3201d6",2
"4ea3b4e75b60c6b33ad3d97caba6fbb7",2
"646430f9524d35587cd10345104d524d",2
"decbbe15afb42229981fc1247b774407",2
"f0ce2815ec5521afa7dc4298ccbf8a83",2
"2458356055c9fba6cbc16c58bbbd55f2",2
"60d0b8a3e83f180b0b6539b92e5c6e49",2
"d9b33b764c885302d47e9f62be95f730",2
"ec36a60917b09b9bd00723b202262c51",2
"3b7cd3f4a6353dd051a8f03cb8409241",2
"c4e20981dcfdea4a54f17815528c84fe",32
"e322d6c5659075c0a0862b8a294ce109",2
"13e0e7361ab7b05a9b2f628ab5c6dbbd",2
"3f6e773aadd5f3612814ddf91ee50748",2
"7677509894740c451487a9dc3f217af9",2
"ae88b77c419bbe08e1f2c82eab805328",2
"b875aed0f0656d50500d604c41f737c6",2
"bfeedf47518c146c6347ec07ce87ff2e",2
"faa3ed75a3457d192d91156a5aef44d2",2
"091a08acd2dc8cf4515182592cb557f0",2
"0c9caca52cde7e35884bbb4a2b7e8649",2
"b4b0cf06edd1a64584bd539ee43c6fa2",2
"ea9f4b4b795a933ebc81e187002929ce",2
"11825543444ece0328332d27e983b16f",2
"2a0c5d2dbb50c6d30cd437151e3cc61d",2
"adf2328a1ca741df73660adf3135e839",2
"ddd47461c16245c21311fb736e7c7373",2
"4056881ddd5bca4f4be562e647446382",2
"743b1f186652f9869bf5f694d3107a73",2
"b5fa6ced8acb00695682c730d0d918ce",2
"e887b98ffbe5cda60a83c28a80a5b984",2
"f001834cecbf73d318421963fdf9b28f",2
"00728103ff41663258c1e94fc8e2a48c",2
"1b09261a85b2eddfebeb4b9691d0a9ec",2
"8707cc23af6d8ad33f901e3eb9a5872e",2
"a498fb96df7925b406944ff7ff2f976a",2
"de05e8247585bb8a69a9e50b7ccd77ef",2
"f83725b11173a15698d0aa7993026ceb",2
"23de5df15226d4b67c42d9ef7461e392",2
"8e173b5c893b77cb09c3f6b6331d31e4",2
"d7c5aae1a8b62f8a587b1dd8d7e8c6f1",2
"d7c5aae1a8b62f8a587b1dd8d7e8c6f1",4
"ef43e691d02cd211bf8dc9798a705f91",2
"1f8f38c3ab6a6770b3b7380fe3688533",2
"5cc358c68b5c875c0f64e8d11d18ad8f",2
"6a1924e13b9ef57eb6df42b1e1893c4a",2
"7099a3dc04aa89e7b05b101be5686afa",2
"b381d3bca7083a02c5866758d6b6def8",2
"1ef5391ac1bc50c1034d4bdbb121439d",2
"68ba8f4ac8f77198592e34c6e472522c",2
"9433722d33171b39c9c3c734dcefda34",2
"a490efff669e21116e96d0a37778d392",2
"02e4df81a17f1b36abfc90acb0812672",2
"5fbd7cc965961389c629ae7bd532500d",2
"9e6855c358753fe67f0e871088fe34ec",2
"0d1fb7bc34f25d5462b753208e2ee0ba",2
"352430ce3a90747ace0679ff1984b50c",32
"a79c9fc538dd96772541e059c9e85cda",2
"0935dd3dc61e21fdf34aa266f46ffada",2
"5de0a424a907b52a7a10c99e4052392e",2
"e355b8267b05004cf4a54e2785ccf08c",2
"f4451e680e2279401809c05e9413b9a9",2
"59123eb771dd08d6430d5a9f90ee8dc8",32
"a56aef8240dda4b32033e2048e3b0a96",2
"4c656f1eb87ea5ce02475f15837f6769",2
"a411d642d0dceda42f0e19d91d13f3ba",2
"c1c2dda5498a824af8b7321568cacdb0",2
"0afc6b666a7587d7c756a8fcef10f45d",32
"2b55d72fa8b61df74b2cb7bfd6436e1f",2
"61f01550248e1a95d5a95be0d3facd46",2
"846e05ef44ebedda6a17e4df937e1765",2
"b220fcd47c4cef0bf2411b5b4197366a",2
"b9e8242d10b1f23a9587d1f783f5892d",2
"0ba3676ff54677b598014a929a11dacb",2
"1f16c67622ded08c0aeb1a1d5cad227e",2
"d0d28e85bcc6b2e4d18a0d8b9e0a49d9",2
"eb738ada3478dcd817908b0e892ae811",2
"f5aa590e2f5a5b161e0bf3e7444833dc",2
"d97a087ffc3fa18e213b4f62f5d0c863",2
"e3a282ca9b6ce147e332c813afb8d4ba",2
"3a258c596d930ecbf21899d76947c33c",2
"4cb370949b18cc0137f8ee3ca013b0ac",2
"6c1efda7a2fbc0471a689a187f180def",2
"7521922c81397619eb83c7449d94d347",2
"a2c3c4f5efe20bde7628f85e18c1630f",2
"bdc8dbe44625994a78416499df0d5cdd",2
"d2b3dfa09590c94792cf874075493b8e",2
"fc4875d06ea5a160f9d1715b0c1de7df",2
"14e474c2660b5688692e227bc1be11a9",2
"3f2984a4d8385cb5cfdc06c12701c2c6",2
"937bcd6465a09bb77763cd9d5e529758",2
"995570a284bfef506a1b8fa840173e56",32
"aa290e0253bc4336caae71e24333d33d",2
"ff3598bb9bbd616cca3dd5d0274b9183",2
"015802177c8fdae83cd0acb502c32b81",2
"20c7d8a0f63bd037586fe9d0df73b6ed",2
"548738adf721ecb89636e8a9a0b0221a",2
"7857d4808c4bc46f49c72ea9d76d815f",2
"8b0978be695a2e608a8e9389b55cf447",2
"8bc7fc7c33c6bfcf697c3b105e7a7526",2
"de9df19aa09d7efffd91b3f68886cd2a",2
"f589cacce866595e12e2733b4a06c7ec",32
"2aac80b0e5983d04b9b774cfd2aa98e1",2
"394f4fda98c1cf80b31531587d4b3462",2
"39bd152f9f476d555f7cce9cea0e55c3",2
"429c9dd658578c0e2294059d67a60ecb",2
"55faf0e7dba277178dd6b6d1f65c344b",2
"7b97c4c07a81084818d7263874643cff",2
"85399f34256936476d7fcc881f10dda4",2
"ac03f095f4f7ac6bb238ebe0e82a8a62",2
"c9b4aae87c18ab9c0908722a763d415b",2
"0be46b4bab060908560bd5e27d3806e0",2
"7844a9447950353340676bae932e5ad9",2
"e8d598ca56c3f7464f54983ae77f6ec0",2
"f76160aa30155eb831bf35a1e7de8aec",2
"4f06a16203c103161b666082837e72dd",2
"69b6cf2437bd6ddd9e3c0bc1825272bd",2
"7edb12215cd34873905ae46e64bb1d3c",2
"eaaf7ab9905ab17b80756f452554f76a",2
"35d9ab008e090817d5808b7bae93a10c",32
"4b8d2d47e07989905937145ade2c242c",2
"01386e2729831d8efcadf1e1fc649cee",2
"2dae3c6244eb4c2311d6e53446fb6a83",2
"c2d663759397bc3c8ba2b995150ab02c",2
"829ebfb61b79b1ca0f37c5254092e8ff",2
"bab91103e752c89426076da8e72ed0a3",2
"bd5e073be76ec5428ae3e9d96922e150",32
"0315285cc8b7e663919959ae5226148c",2
"158696f1fd5dd93270d2258e4964031f",2
"7d5c7a39724733c8d381b0dd7a9512fa",2
"92023b4231e93ed3b3254c6771f9b058",2
"bd7aee4c541e41bf2d37543593b2baf1",2
"c3047f7943b48990e623e403b7c529e9",2
"cb2f041a672619d22eade3910bd64728",2
"cc9740b448579e00fe961fc9a6715d42",2
"97293a07a666e70b33cfb013d39d29cb",2
"2ce2920a785ed4c3adfc2b281373fa07",2
"7e986abf07db9f6123b3e003f3651d75",2
"8e312400d01c7376978ce389859f04a8",2
"90d91e9eea3182186334b7c789a37d11",2
"ae7db95b8a9f6a975d2bedfd560a243c",32
"1df1d84a54fdb386fc9c0dab6de1b346",2
"3c7614f36a29b7d3820dabcc56d8425e",2
"a81acc9e7ceccad0d604f7a7f762d265",2
"c3985f6246036c03d6bc45ca981c4bd2",2
"0f3a266236d994213fcda51c53aba9b2",2
"8a20fcd8799bf3ed51a89dd869c667cd",2
"cd4d7353742c6357fa507c460fc1c584",2
"22ff29518369e9619baad3b282939c8f",2
"370fc5b08c1ffeafda5d8de108442094",2
"94a55f57ef3b329c652c6eaf35f44fc6",2
"9e40e0195e79440ed5461313be8ad043",2
"62eafb8402061135bf7ac2f98136d618",2
"99892c6e23e92883d95f75600ace9012",2
"f0a721307c51bb123f4fb800c9ee5b61",2
"dcefedb079dbd3455459d8facde9867a",2
"f09950c294e16bb4dfdb78aeac2709a5",2
"6124c00ef808a3568485c09248d72eee",2
"abc64debccfc7d22abe32913d0bf7178",2
"bd96743275b617481e3632a97488aeca",32
"c047518956c6df37c40a02d3450b22fd",2
"ecfae7c0d6de59fc69166b64914259b7",2
"2c28155da8362b02c5aaf30c1eb36feb",2
"6f1df1a86be9f1d6deee9ba9847f2555",2
"6f6b6e1ca6260c17a682ca7a9bdf96b7",2
"96265168325c0528466af3d3083a9f14",2
"cd4dc79989c54596b27a40dc7d96f47c",2
"ceb4da5c893c441324f14396cb1b1bb6",2
"166e991afc5c4904c4c6b043d9f490e5",2
"604b6dd98cbb3f208219aa6e183ccc58",2
"73b4c0a716f420745000d6219892c269",2
"8d1a119ee9026d468a092f5ae1f9bcbe",2
"cce909d06ef947cf819685048d28dfdb",2
"519e64575dc6622148c755385824f16d",2
"61d2316ba42bc13d36f0ca1e654f7cdc",2
"87b92302cd76664422d479de5b747297",2
"8cba54680867c41f90fb9e39c2bca224",2
"92c8fb91091047684d331bfeece634f6",2
"e00075de5c79f9e10d292ed149feb629",2
"6ab7f409d67984ddbcb4df220b482d22",2
"6dcc1606475354d2e89ea1f770e6f8c0",2
"f124e89640089daab478061084d33e2f",2
"1a144f62e0cdc5ef47abff3947c69278",32
"4e139f84859e008f1829680f7a0ef4bd",2
"6e3c3cae01fd26352325b5d6543d3ef3",2
"3538f27465fc2efb0e4b206f0d020ef8",2
"4c76c2f21a9988914736252857f96920",2
"828e7f4d1370cb680b0d199b2d849356",32
"de0b0812c6823f24191d90c7978477a8",2
"0d01a1068780488840a11bd32711f98d",2
"5bd981f66db637478adf765845bbbe5b",2
"fb9853068bb6cb3dff29b644700b9ed6",2
"08a9dad851bb99c7ad7c82d23a37d9c6",2
"16283c9d426935cf722a59decbe85586",2
"212982caac41bd03d1fd0a8b69d0a5a0",2
"409b7861536a2bf046bdac6a2c7387da",2
"738128a518e97c85f68e61245eb7b725",2
"8269d6139d13d720a925dfe867acbad1",2
"b203683a3c09b8f51fa1ab53a2dcc873",2
"e14cb25ca06e546403d25cd58ef47c6a",2
"e8d9a6bb94cdc65cb5277fa10b8d088d",2
"3a38f281bbacae174d793c3fca6fbf97",2
"97120d3976773d8c2b7a1e8b3bdf470f",2
"d791b260a05b782b22679125751acdf6",2
"1bb2614a5e2891d2527ec6c0c8a95600",2
"24da3cb3c23961a73bc2a8f538f7c00c",2
"90fe0e1ef877beb52ddbbb41911b7c42",2
"d76fd43c2a8ff343fd6453547180efce",2
"7775137d801d6646a16875dffd1cc7ee",2
"8d637696124ec4b0d5bf50e97eff6762",2
"b856fd79fc3d113dd3634d8b838e5224",2
"124edc50fa251aba44d8d81d1119148e",2
"55a9a89957aeb39e9d1ef1b675caa163",2
"8447faf6a38441acec73b45fd39effc8",2
"d8b21d79f9f7070406c23dba661ebece",2
"e2369ae7a6e02f3d800b35109e70bf9f",2
"0725e922098a77a21e22e971168eefaa",2
"0a34fdae4aa208884dbc238c7be30a21",2
"494a06fd7a1edf4724e9866c855f70fb",2
"8416f77b4937903bbef12b6ccc5d83e9",2
"8d21c5d0b9a25838ecc4375afbac88ed",2
"9f3d4efc8d6494c58e39275a82f84321",2
"aac55414e6f61192d724d2e29280cd80",2
