course_id,ualberta_user_id,course_grade_ts,course_passing_state_id,course_grade_overall_passed_items,course_grade_overall,course_grade_verified_passed_items,course_grade_verified
"99SZyjVxEeW6RApRXdjJPw",5ce2c7ef0c2630e2d41b2615b4084de92595d187,2016-06-09 08:53:34.352,2,16,0.961875,16,0.961875
"99SZyjVxEeW6RApRXdjJPw",c47967e59da55dbf1c33766a49412288e90ea26e,2016-06-29 17:31:43.025,0,0,0.03,0,0.03
"99SZyjVxEeW6RApRXdjJPw",d8a96c51a53783886927c4050451204728ca4c9d,2016-04-26 07:29:16.534,2,16,1,16,1
"99SZyjVxEeW6RApRXdjJPw",bdab6eff3785e64656c168eaf4a786beb2485030,2016-03-31 07:58:45.034,0,1,0.095,1,0.095
"99SZyjVxEeW6RApRXdjJPw",777f4e3a325c607a52b2102e691e017edb9fc42d,2016-05-03 14:40:41.049,2,16,1,16,1
"99SZyjVxEeW6RApRXdjJPw",057631466ff9b6b7b8f6ee75daedb83ca58da2cf,2016-06-28 04:37:09.765,2,16,0.964659,16,0.964659
"99SZyjVxEeW6RApRXdjJPw",1be075e41de282dd75ad4d409fb29abcf3abd736,2016-04-26 08:12:59.17,2,16,0.995,16,0.995
"99SZyjVxEeW6RApRXdjJPw",756b74e0dc9730f94352c55611fe19389b3345d4,2016-05-26 19:23:30.675,2,16,0.951972,16,0.951972
"99SZyjVxEeW6RApRXdjJPw",3b090f04fb27885686db80b32453ca1b12472942,2016-04-29 14:41:39.268,2,16,0.961167,16,0.961167
"99SZyjVxEeW6RApRXdjJPw",97956fa66f22bb79c9505e3fc89900173a43fd8a,2016-04-26 21:58:28.84,2,16,1,16,1
"99SZyjVxEeW6RApRXdjJPw",2e4ba1ecde1e67e2dca2296e2f877c0c2aa06716,2016-05-05 17:55:12.191,2,16,0.955673,16,0.955673
"99SZyjVxEeW6RApRXdjJPw",d86680e133d33cae702d37f676970faf415863a1,2016-04-21 22:41:20.091,2,16,0.99,16,0.99
"99SZyjVxEeW6RApRXdjJPw",3522c2cef63ab4ab26187e1f78edec1a0580c6ed,2016-05-04 23:37:30.692,0,15,0.935717,15,0.935717
"99SZyjVxEeW6RApRXdjJPw",31bac1305f17903d98439faff8504e9eb4c0d475,2016-04-14 12:28:17.195,2,16,0.982308,16,0.982308
"99SZyjVxEeW6RApRXdjJPw",02b1d15e1376bb0ef25e693d87780c107bf4c9c2,2016-05-01 10:36:46.745,2,16,0.953883,16,0.953883
"99SZyjVxEeW6RApRXdjJPw",ef38d7bbc605b61716631c4b583f6a368b79e013,2016-04-24 21:28:14.829,2,16,0.970502,16,0.970502
"99SZyjVxEeW6RApRXdjJPw",9e9b1462050b892a46ff700e5b80ae1a6c263534,2016-04-29 09:37:07.93,2,16,0.949328,16,0.949328
"99SZyjVxEeW6RApRXdjJPw",160b799580ac522b4822ef5653f60ac55928a1c1,2016-04-29 00:36:48.893,2,16,0.97149,16,0.97149
"99SZyjVxEeW6RApRXdjJPw",cbdfca6502cfe388050209d6085e18d12af01126,2016-04-25 10:15:19.803,2,16,0.986058,16,0.986058
"99SZyjVxEeW6RApRXdjJPw",c74126426878669680ae94864f9acc9b0aeb8923,2016-06-01 15:08:32.787,0,0,0.03,0,0.024
"99SZyjVxEeW6RApRXdjJPw",a0a13bdcc7b54b36b4e38c91591fc308a1a3cde3,2016-06-23 16:34:16.151,2,16,0.920654,16,0.920654
"99SZyjVxEeW6RApRXdjJPw",a728b874edff530fdadd77e1a0bd7782230b744c,2016-04-25 10:46:38.69,0,11,0.680909,11,0.680909
"99SZyjVxEeW6RApRXdjJPw",684349c730923aed5393d5105c00252266af092f,2016-04-30 09:36:05.822,2,16,0.98,16,0.98
"99SZyjVxEeW6RApRXdjJPw",3d16bb1e9b2e2b7fb87e67e157f1f60905affefd,2016-06-15 12:50:26.808,2,16,0.978974,16,0.978974
"99SZyjVxEeW6RApRXdjJPw",7c129e7ad80dc627701e6f68c1b425ea83739567,2016-05-02 09:16:29.527,2,16,1,16,1
"99SZyjVxEeW6RApRXdjJPw",4beb1f1c95a22718afb2d7e8da172aa1c1dd20c6,2016-05-03 00:10:26.238,2,16,0.961667,16,0.961667
"99SZyjVxEeW6RApRXdjJPw",873424d8e1cb490d58ed2995af3c0330bb7760d8,2016-05-01 10:07:11.65,2,16,0.963627,16,0.963627
"99SZyjVxEeW6RApRXdjJPw",6f27c60779f52c9ed9523d90ed6d1ec342924e41,2016-05-05 17:16:15.15,2,16,0.948217,16,0.948217
"99SZyjVxEeW6RApRXdjJPw",611e45e35e3e26f18c09a3df1528bf4fbcc5d6a2,2016-06-27 19:36:37.286,2,16,0.976623,16,0.976623
"99SZyjVxEeW6RApRXdjJPw",89609934d53403acd631b10afbdce778a1ac8c56,2016-06-30 21:43:55.56,2,16,0.980625,16,0.980625
"99SZyjVxEeW6RApRXdjJPw",5ade6fca7613f9f649242416219207e5eadfaf67,2016-04-27 03:00:22.635,2,16,0.951111,16,0.951111
"99SZyjVxEeW6RApRXdjJPw",ad0a01c98b540dcbd2627263db42900b9a6bb43f,2016-03-27 19:02:52.198,0,1,0.1,1,0.1
"99SZyjVxEeW6RApRXdjJPw",fb4d3b7c94e51fcc33ced5c076a55dc1e400cd07,2016-06-27 17:37:49.325,2,16,0.995,16,0.995
"99SZyjVxEeW6RApRXdjJPw",b02d8840a20f285fec1d1c9cbf80481497fb0dd6,2016-05-01 01:07:00.074,2,16,0.98375,16,0.98375
"99SZyjVxEeW6RApRXdjJPw",3a7bbc59f61b96fce92367ce530b4ee8aa682757,2016-04-30 18:48:54.778,2,16,0.969615,16,0.969615
"99SZyjVxEeW6RApRXdjJPw",9841ac252e036c2cc41e75d79d409eae532ade15,2016-06-27 16:38:41.829,2,16,0.959444,16,0.959444
"99SZyjVxEeW6RApRXdjJPw",f0db58cf9146c992233b3a2dd4210d3160eb0544,2016-04-26 18:52:00.914,2,16,0.991875,16,0.991875
"99SZyjVxEeW6RApRXdjJPw",f6f4b7bd6edf4348c666039d22b9451ec0fe7023,2016-06-21 00:35:40.368,0,10,0.612576,10,0.612576
"99SZyjVxEeW6RApRXdjJPw",14a0ec1d9c8518560ffb1692825aabe62e692e39,2016-04-28 11:39:04.378,1,16,0.966752,15,0.866752
"99SZyjVxEeW6RApRXdjJPw",9ffd7888919dab4a44c4f00712bad45cf8fd0d4d,2016-04-28 12:09:18.386,2,16,0.979375,16,0.979375
"99SZyjVxEeW6RApRXdjJPw",6e96348bfdc55dd5bba4f48d369a2a79472fb652,2016-05-02 00:13:09.019,0,10,0.646123,10,0.646123
"99SZyjVxEeW6RApRXdjJPw",ea92f5358a358a5e19f8ad87e4953c68a9e31f1b,2016-04-02 22:26:16.608,2,16,1,16,1
"99SZyjVxEeW6RApRXdjJPw",2b60abdb9e462a7e919a0a157b1883de87b5afaa,2016-05-03 22:39:18.235,2,16,0.930379,16,0.930379
"99SZyjVxEeW6RApRXdjJPw",6d96514c60abacfc791902a7a83694053ec81307,2016-06-30 19:48:31.593,2,16,0.910429,16,0.910429
"99SZyjVxEeW6RApRXdjJPw",794f2e178f117e94e588771d85757adff34b35d6,2016-04-29 17:41:15.619,2,16,0.950294,16,0.950294
"99SZyjVxEeW6RApRXdjJPw",9844931f519487edb6908149aca757136876219a,2016-05-03 00:10:26.186,2,16,0.977308,16,0.977308
"99SZyjVxEeW6RApRXdjJPw",17786ed0a327e0dd8f0431ed1377081c81236b9e,2016-05-01 08:06:32.946,2,16,0.921474,16,0.921474
"99SZyjVxEeW6RApRXdjJPw",adde4a5aaffb067ab0ee645a1911c219ed0d49a4,2016-04-15 13:18:22.126,1,16,0.99,15,0.94
"99SZyjVxEeW6RApRXdjJPw",91320e05ba5e68c8fea7196cb0c691658524b5e8,2016-04-23 06:41:42.07,2,16,0.995,16,0.995
"99SZyjVxEeW6RApRXdjJPw",d67fb25119c25f1887a97fa0c6afa5be167d5cdc,2016-06-27 00:34:12.494,2,16,0.986607,16,0.986607
"99SZyjVxEeW6RApRXdjJPw",2d7c424d87fee0bd914ce746efb4e1538f100f0a,2016-04-29 00:36:48.914,2,16,0.991875,16,0.991875
"99SZyjVxEeW6RApRXdjJPw",cdbfad56cd65901abe9e16394dcec34d50e08f8d,2016-04-18 20:38:26.831,2,16,0.950909,16,0.950909
"99SZyjVxEeW6RApRXdjJPw",ca9134e7cc214468ba9ef64cbe40a5924f4660a6,2016-08-01 19:22:02.71,0,,0.03,,0.03
"99SZyjVxEeW6RApRXdjJPw",787261f39333409e37075e9aa4fc94a5d90c46d1,2016-05-09 15:46:32.891,2,16,0.982188,16,0.982188
"99SZyjVxEeW6RApRXdjJPw",7c46cb2efb2b7ce717c351b05ee79f12c8cbd597,2016-04-29 23:06:30.269,2,16,0.955625,16,0.955625
"99SZyjVxEeW6RApRXdjJPw",5ca3947bed068e2b63f5d89cda2fda7bcb54d77f,2016-05-01 22:13:07.794,2,16,0.996875,16,0.996875
"99SZyjVxEeW6RApRXdjJPw",3c54cf715ede0748da9207a33b9aa1020f61d1db,2016-05-01 10:07:11.931,2,16,0.991875,16,0.991875
"99SZyjVxEeW6RApRXdjJPw",103b30863af98ec477796f31fe30249dd2787400,2016-06-16 09:55:46.396,0,10,0.59702,10,0.59702
"99SZyjVxEeW6RApRXdjJPw",5956fe3bdd6c58f371cc4776ddf211ce3b9a1dcc,2016-04-25 17:32:58.515,2,16,0.981875,16,0.981875
"99SZyjVxEeW6RApRXdjJPw",ff66a8968a85e1f119d2e969090025eba37b796c,2016-05-01 20:45:22.598,2,16,0.985,16,0.985
"99SZyjVxEeW6RApRXdjJPw",11fba5fd1aa32d27bd911cec14913a0653bb2d78,2016-06-26 03:00:47.055,2,16,0.963333,16,0.963333
"99SZyjVxEeW6RApRXdjJPw",bb545c162e5a5b57956aca5609a6d6a974c16a3e,2016-06-18 10:03:34.911,2,16,0.939322,16,0.939322
"99SZyjVxEeW6RApRXdjJPw",c9a0ffa124406e16c7915789601b71de82b64aaf,2016-04-04 06:46:23.409,2,16,1,16,1
"99SZyjVxEeW6RApRXdjJPw",2672f8d47bac8ab6abd34eac03d9308843432f57,2016-04-20 07:10:30.23,2,16,0.986875,16,0.986875
"99SZyjVxEeW6RApRXdjJPw",26c7b409d1abcd33222a5bda06b0cb8ae0d2af31,2016-04-15 12:18:03.647,0,7,0.5,7,0.5
"99SZyjVxEeW6RApRXdjJPw",57205c9ca9f7ebc0cb0b8a309a224018997cb726,2016-06-17 13:37:18.521,2,16,0.952321,16,0.952321
"99SZyjVxEeW6RApRXdjJPw",314f0d627905930c6128f682316d48aad7000792,2016-04-08 21:31:19.867,2,16,0.987308,16,0.987308
"99SZyjVxEeW6RApRXdjJPw",54b8cf05b16509ae54ad882f1e27b5be9621483f,2016-06-14 00:46:59.549,2,16,0.962927,16,0.962927
"99SZyjVxEeW6RApRXdjJPw",d65d2a8efe5901a1947e7fbe0bf00373f87052b3,2016-05-01 12:40:33.843,2,16,0.974808,16,0.974808
"99SZyjVxEeW6RApRXdjJPw",da432b5507dc1138ed35a2b5f8d2dc3257a40f16,2016-04-04 00:58:54.784,0,3,0.295,3,0.295
"99SZyjVxEeW6RApRXdjJPw",6ae165351122fa780ad30dbd34a5f9d9a6ea0066,2016-04-13 16:56:44.107,2,16,0.995,16,0.995
"99SZyjVxEeW6RApRXdjJPw",46b94bac585bc4b5589c2d657b5a16cc9d516108,2016-06-24 18:03:56.006,2,16,0.948016,16,0.948016
"99SZyjVxEeW6RApRXdjJPw",9edfd5bb9260464bc41ae531aca61258cfd7ccaa,2016-06-06 05:39:59.404,0,6,0.437576,6,0.437576
"99SZyjVxEeW6RApRXdjJPw",14fed1b2f297c83a1bba57a46cbcfacde3a4ae1a,2016-03-28 18:33:25.737,0,1,0.095,1,0.095
"99SZyjVxEeW6RApRXdjJPw",dce44e5ad024c276ddb5f54b4b83a29f0278b25f,2016-05-03 00:10:26.228,2,16,0.97519,16,0.97519
"99SZyjVxEeW6RApRXdjJPw",00c33da63a7cf14beb0c8957b39fe482123be41c,2016-04-26 15:02:36.554,2,16,0.931923,16,0.931923
"99SZyjVxEeW6RApRXdjJPw",034f36ebd980912aae22b766c52078a0fd754221,2016-04-29 02:35:26.935,2,16,0.960979,16,0.960979
"99SZyjVxEeW6RApRXdjJPw",38bcb39a07a9d00347aefd70262c149d59d30431,2016-04-15 18:19:14.777,0,7,0.485354,7,0.485354
"99SZyjVxEeW6RApRXdjJPw",33b0979591c510b32460adccfe3156e8debda239,2016-06-28 04:03:27.292,2,16,0.957381,16,0.957381
"99SZyjVxEeW6RApRXdjJPw",673ad2e0dd0800fbd9a3c9a494216616000618e7,2016-06-27 20:19:12.846,2,16,0.945575,16,0.945575
"99SZyjVxEeW6RApRXdjJPw",88c27fc8c7799d55c956c3f1568dd34f786bbb4c,2016-04-22 02:24:19.92,2,16,0.986752,16,0.986752
"99SZyjVxEeW6RApRXdjJPw",c5d551da2bc22802ef7990dfe629c5dfa534ef1a,2016-04-20 15:44:58.631,2,16,0.987308,16,0.987308
"99SZyjVxEeW6RApRXdjJPw",3c4b0aace2d326ae4ebb401bbb4ffb2ee4f63bef,2016-04-29 13:40:12.162,2,16,0.951424,16,0.951424
"99SZyjVxEeW6RApRXdjJPw",3cd164e661af70f45abde2c3bc69b30830119fd2,2016-03-28 21:31:44.365,0,1,0.1,1,0.1
"99SZyjVxEeW6RApRXdjJPw",94d010f86db9e7b3074678d95ee2fadffbe62155,2016-06-22 06:01:19.09,2,16,0.980208,16,0.980208
"99SZyjVxEeW6RApRXdjJPw",b45c1196db5c629e1dac2195e2b6e1100f0bd553,2016-05-06 14:23:49.34,0,15,0.914569,12,0.775125
"99SZyjVxEeW6RApRXdjJPw",e70f2a19d1737a48a2d9b0d9bfd1a30f67eff9e2,2016-04-30 14:08:25.577,2,16,0.9955,16,0.9955
"99SZyjVxEeW6RApRXdjJPw",fb2c8ba2aaaa9c1711db4353755743dbd379d179,2016-04-07 07:34:52.716,0,3,0.290909,3,0.290909
"99SZyjVxEeW6RApRXdjJPw",e14a1fc2065bf777cfe3cdb878df61ab7ce1c210,2016-05-02 21:41:24.294,2,16,0.975,16,0.975
"99SZyjVxEeW6RApRXdjJPw",0f3d2157859c5261f7698a028ed3606096e917dc,2016-05-04 23:07:17.198,2,16,0.956058,16,0.956058
"99SZyjVxEeW6RApRXdjJPw",8e3ef4534d360256f5cf798297db38fa6341c149,2016-04-26 20:30:50.875,1,16,0.969659,15,0.919659
"99SZyjVxEeW6RApRXdjJPw",f2751055e2df9fac7fea292bf4d20b65a1ecf1a7,2016-06-18 22:34:50.717,2,16,0.975,16,0.975
"99SZyjVxEeW6RApRXdjJPw",aa71f96555c972c0a4bf93a032bb1337d72a0dcb,2016-03-29 09:28:41.744,0,1,0.085,1,0.085
"99SZyjVxEeW6RApRXdjJPw",a05b858f3181aa314ad0349af8ac822956d02959,2016-05-01 09:37:05.063,2,16,0.956818,16,0.956818
"99SZyjVxEeW6RApRXdjJPw",ad57efd8cc500e2da30815d6b853be492bde9338,2016-04-18 10:04:25.361,2,16,0.981667,16,0.981667
"99SZyjVxEeW6RApRXdjJPw",0035f810529cc356d016ac5697bed2b776a53b0e,2016-06-23 07:32:34.632,2,16,0.952961,16,0.952961
"99SZyjVxEeW6RApRXdjJPw",028f18bbf8cad0a286031c8cae4b53b24ba4967b,2016-04-30 06:05:46.78,2,16,0.986146,16,0.986146
"99SZyjVxEeW6RApRXdjJPw",fdac9a5b4dad8e3d0f3ec913d2cb696567b5cc24,2016-07-26 22:33:17.009,0,,0.03,,0.03
"99SZyjVxEeW6RApRXdjJPw",6a0cf0a09f29b73dc465b0af72c55f5979e3b907,2016-05-02 15:15:44.399,2,16,0.932444,16,0.932444
"99SZyjVxEeW6RApRXdjJPw",a789a6b031ac524bafa83dcf60eac785889eef86,2016-05-01 09:29:56.649,2,16,0.99,16,0.99
"99SZyjVxEeW6RApRXdjJPw",6d2fba1f825d377fee20add5847a20394007d001,2016-05-01 13:10:28.236,2,16,0.986154,16,0.986154
"99SZyjVxEeW6RApRXdjJPw",da483d4de5766b999c3cd7f3f868df74e0c0ded5,2016-04-25 15:47:23.378,2,16,0.950717,16,0.950717
"99SZyjVxEeW6RApRXdjJPw",79accfe5fe7bee1ebf6b25308d25e3a64db2a2b2,2016-04-28 07:38:11.51,2,16,0.945935,16,0.945935
"99SZyjVxEeW6RApRXdjJPw",0be2e5fe18bd4c9391a4c024d69ac623ff8edd53,2016-04-29 16:12:18.689,2,16,0.971875,16,0.971875
"99SZyjVxEeW6RApRXdjJPw",b3c737b9019f8c772b0805c9911e5660e2b1d022,2016-06-21 18:06:10.859,2,16,0.988889,16,0.988889
"99SZyjVxEeW6RApRXdjJPw",bd364e208fe09c14185dd8b2dd24c18270b36b83,2016-04-05 05:57:18.039,0,0,0.124545,0,0.0545455
"99SZyjVxEeW6RApRXdjJPw",4e7e4cc00e4d992adff5a0835875c8db10d796e2,2016-04-29 16:12:18.668,2,16,0.977308,16,0.977308
"99SZyjVxEeW6RApRXdjJPw",039e59a33e98a672a6fd7c2d9a4ee0d6ab7de68d,2016-04-26 08:41:37.558,2,16,0.96875,16,0.96875
"99SZyjVxEeW6RApRXdjJPw",fb143d0f4e034d27a4ffa926b95106677587e482,2016-06-28 02:04:45.004,2,16,0.907988,16,0.907988
"99SZyjVxEeW6RApRXdjJPw",6ad536260b144236e86699788396a24643051705,2016-04-18 19:40:17.688,0,3,0.295,3,0.295
"99SZyjVxEeW6RApRXdjJPw",f7b5ad225b7f2c23d146776747849b243a229f22,2016-05-02 21:13:46.366,2,16,0.955935,16,0.955935
"99SZyjVxEeW6RApRXdjJPw",a2ce096cffc3cebd183b0da73fa1fa4f147e27eb,2016-06-23 13:14:07.636,2,16,0.952857,16,0.952857
"99SZyjVxEeW6RApRXdjJPw",acae244a5415df23ad0123d67b2579776b3ba7fe,2016-07-10 04:33:57.461,0,,0.03,,0.03
"99SZyjVxEeW6RApRXdjJPw",e43abb6c8c3f1a06e23891e64ce911c763e5e458,2016-04-26 22:11:43.216,1,16,0.98,15,0.93
"99SZyjVxEeW6RApRXdjJPw",b57d4a4f4231a0f11577232f88e9cdc28c068856,2016-04-23 14:29:58.664,2,16,0.970502,16,0.970502
"99SZyjVxEeW6RApRXdjJPw",7f2024c3b9d07ac85d7421dab71a386959ccfe13,2016-06-18 14:35:04.022,2,16,0.989732,16,0.989732
"99SZyjVxEeW6RApRXdjJPw",dabd23fd78039a42831b8852a67ee35b3e6fa94c,2016-06-23 13:55:46.896,2,16,0.950979,16,0.950979
"99SZyjVxEeW6RApRXdjJPw",44e2e15f821b3fb9d5685bd7b26879495674aacb,2016-03-28 20:03:59.286,0,1,0.1,1,0.1
"99SZyjVxEeW6RApRXdjJPw",209ee1a82f9b5309e887c27f4cdf25b194e5dd25,2016-04-12 14:51:51.763,2,16,0.961282,16,0.961282
"99SZyjVxEeW6RApRXdjJPw",f2b8a3db7216b1c8b5e49cb9f1777da611c3b463,2016-06-23 17:04:30.311,2,16,0.954861,16,0.954861
"99SZyjVxEeW6RApRXdjJPw",9f5d363a6ade940c6989329f636fd014c2f681ae,2016-06-13 07:58:43.464,2,16,0.994444,16,0.994444
"99SZyjVxEeW6RApRXdjJPw",c096954e3e9d4e40201210d84d216f0231a489be,2016-04-28 21:10:04.398,2,16,1,16,1
"99SZyjVxEeW6RApRXdjJPw",42a90911b0e66039ee2bbb403955fc3cde71d344,2016-06-27 20:57:42.944,2,16,0.956282,16,0.956282
"99SZyjVxEeW6RApRXdjJPw",725608fcdf0af36474763027846497dffae1287e,2016-05-02 21:27:08.905,2,16,0.915124,16,0.915124
"99SZyjVxEeW6RApRXdjJPw",48755774475689d4adac7e038a34b03c1bdb20bb,2016-06-18 20:55:50.777,0,,0.03,,0.03
"99SZyjVxEeW6RApRXdjJPw",abed1fbd74a8615a3039dc8ddf6e6e58e61538a0,2016-04-19 13:05:13.915,2,16,0.945812,16,0.945812
"99SZyjVxEeW6RApRXdjJPw",999949f3af4ee26d1b3cd54faa0db7c79655353b,2016-04-28 15:42:05.571,0,0,0.065,0,0.065
"99SZyjVxEeW6RApRXdjJPw",441973f7d1a8c2848e2aae6103913b7fd56af73b,2016-05-09 15:43:06.47,2,16,0.965694,16,0.965694
"99SZyjVxEeW6RApRXdjJPw",438455d2d5975db4f880af05d24006778c620171,2016-04-26 16:31:28.547,2,16,0.929685,16,0.929685
"99SZyjVxEeW6RApRXdjJPw",b095d32484fdb21fe11db205eb33d9f260e18944,2016-07-30 05:39:31.137,0,,0.09,,0.09
"99SZyjVxEeW6RApRXdjJPw",f889f197d46a20a0475f90b3a64d84cd6e5823b6,2016-04-30 15:41:48.365,2,16,0.949615,16,0.949615
"99SZyjVxEeW6RApRXdjJPw",dbb58af1975eb83c11670b0de4a422d75f183203,2016-06-22 19:03:56.833,2,16,0.939593,16,0.939593
"99SZyjVxEeW6RApRXdjJPw",d6ca4baf5266215639e3382984bbcf27995f9dc2,2016-04-15 18:35:12.043,0,2,0.17,2,0.17
"99SZyjVxEeW6RApRXdjJPw",817137ccf69af3d65130c3a84e64ba7f64acff7d,2016-06-27 14:39:46.614,2,16,0.950909,16,0.950909
"99SZyjVxEeW6RApRXdjJPw",bb03dee49e69c5ef5c536f2819ccb85f6c794975,2016-04-24 18:27:07.186,2,16,0.974444,16,0.974444
"99SZyjVxEeW6RApRXdjJPw",271b016379521ac0bfe888c7d275e12592b0e184,2016-04-25 06:17:03.58,2,16,0.973974,16,0.973974
"99SZyjVxEeW6RApRXdjJPw",b3c570ccbe00f2c2af7aef8ccfb8ddc979b7bdf0,2016-04-30 19:10:49.136,2,16,0.979183,16,0.979183
"99SZyjVxEeW6RApRXdjJPw",89fd54f762c88e3a59f855be75398c43e99b16af,2016-06-07 23:44:36.501,2,16,0.924127,16,0.924127
"99SZyjVxEeW6RApRXdjJPw",1843cf6f918e38997b63def46482a3a8b97d11b8,2016-06-23 10:31:34.202,2,16,0.965159,16,0.965159
"99SZyjVxEeW6RApRXdjJPw",706b78e853851340e59fa20fd1c4ccc0f3f6980b,2016-04-27 05:56:50.598,2,16,0.995,16,0.995
"99SZyjVxEeW6RApRXdjJPw",7a2f0ab568bdb17a1e7c77de03571d60b8883199,2016-05-03 00:10:26.197,2,16,0.941993,16,0.941993
"99SZyjVxEeW6RApRXdjJPw",6b132c94c5b696838abdf35ad63540e17af045ea,2016-04-16 06:02:01.295,2,16,1,16,1
"99SZyjVxEeW6RApRXdjJPw",3d04cea0af23b69a0e0d3ae947b86d19352a04a7,2016-05-04 22:38:10.314,2,16,0.922615,16,0.922615
"99SZyjVxEeW6RApRXdjJPw",9d1160eaafb3a2ddc55d6f0260860e5937005d5d,2016-04-24 06:12:41.69,2,16,0.949937,16,0.949937
"99SZyjVxEeW6RApRXdjJPw",8d3824607f04f8a401dad452df9aaf902d9aa50d,2016-04-28 16:12:01.415,2,16,0.990909,16,0.990909
"99SZyjVxEeW6RApRXdjJPw",163089ed054793003b76588bc3b59f8084df16d5,2016-04-26 14:32:29.329,2,16,0.964444,16,0.964444
"99SZyjVxEeW6RApRXdjJPw",22d843c46ba58094ebc0979c8929b8cfb2dce67d,2016-07-04 14:51:59.855,2,16,0.977,16,0.977
"99SZyjVxEeW6RApRXdjJPw",92718b1439087c586652ae4567ca0ced9e37a2a5,2016-04-19 02:28:23.942,2,16,0.940524,16,0.940524
"99SZyjVxEeW6RApRXdjJPw",e86852910012bfa2faa49ea478773ff1a3be927f,2016-05-05 06:39:33.379,2,16,0.926936,16,0.926936
"99SZyjVxEeW6RApRXdjJPw",ed57be6fa13a04ac4dff0ff3a77fb58df34db991,2016-05-02 02:48:27.451,2,16,0.96,16,0.96
"99SZyjVxEeW6RApRXdjJPw",274dfce33cb1566d32cd6e57385522ac4455a049,2016-06-07 00:47:38.399,0,7,0.47,7,0.47
"99SZyjVxEeW6RApRXdjJPw",dccf3a7e52a2ecd08a34e2788a79c4db339855ec,2016-04-28 07:21:36.898,2,16,0.976534,16,0.976534
"99SZyjVxEeW6RApRXdjJPw",3bad9108c69f72d086d9cf0f05f59b42327af856,2016-06-28 06:33:52.177,2,16,0.934318,16,0.934318
"99SZyjVxEeW6RApRXdjJPw",eaae5b5e883ab7e5e5488e0ced09f692e531fb44,2016-06-22 05:02:16.278,2,16,0.952576,16,0.952576
"99SZyjVxEeW6RApRXdjJPw",ae0dec30b0c9b9f98c2779d61e17d7b411b8a33d,2016-06-21 04:09:08.566,2,16,0.971111,16,0.971111
"99SZyjVxEeW6RApRXdjJPw",01c033fce8e26c0b3bbdb79db7b457c6fed981d1,2016-04-28 06:07:16.956,2,16,1,16,1
"99SZyjVxEeW6RApRXdjJPw",95fe137f401935d9c5489d5ab3a7d106d9138c62,2016-04-10 20:05:32.901,2,16,0.957933,16,0.957933
"99SZyjVxEeW6RApRXdjJPw",a2b3b8b23ccd1d09674874bee148368321e38ace,2016-04-28 20:40:05.322,2,16,0.975,16,0.975
"99SZyjVxEeW6RApRXdjJPw",a4c0d489eab266f6d0462c804810dbb51983cc5e,2016-04-21 10:48:56.306,2,16,0.990625,16,0.990625
"99SZyjVxEeW6RApRXdjJPw",28ebb36eabf305a29fa7a0e2e62d2e53dacc5ad7,2016-06-30 13:14:34.216,2,16,0.9795,16,0.9795
"99SZyjVxEeW6RApRXdjJPw",06dab4f5250321c99a0a60920c273b27e2342f73,2016-06-22 01:02:00.226,2,16,0.964653,16,0.964653
"99SZyjVxEeW6RApRXdjJPw",f9ee112cbc68758eb5a07b8733d35ae08a53712c,2016-06-22 05:02:16.301,2,16,0.967589,16,0.967589
"99SZyjVxEeW6RApRXdjJPw",cd068c86e25487837c046a681586fce2a9f95f39,2016-04-27 05:26:42.927,2,16,0.99,16,0.99
"99SZyjVxEeW6RApRXdjJPw",938f65162bc3a557e5c1e60fff774f1dae89fefe,2016-04-24 11:43:55.733,2,16,0.984659,16,0.984659
"99SZyjVxEeW6RApRXdjJPw",09fb652ffbdfc8f82159303cecffe9420cbb330e,2016-06-15 16:47:12.543,0,6,0.457727,6,0.457727
"99SZyjVxEeW6RApRXdjJPw",83c595a4d0cc85cef16a8c063c2ab03b3ad12497,2016-04-06 23:34:41.391,2,16,0.968217,16,0.968217
"99SZyjVxEeW6RApRXdjJPw",7cdfb12545612bf57d0cd5dfab34882fd06747e4,2016-04-29 18:11:27.965,2,16,0.99,16,0.99
"99SZyjVxEeW6RApRXdjJPw",d95f8f5a6e6bfd41edb12447fd18725573ab718b,2016-04-02 04:26:19.397,2,16,0.917277,16,0.917277
"99SZyjVxEeW6RApRXdjJPw",93477c20c69ce4d25802cc1816a6937215549ba2,2016-06-29 00:11:35.454,2,16,0.963274,16,0.963274
"99SZyjVxEeW6RApRXdjJPw",5731faa6274f653783033f1bfff77ae2ce608e7c,2016-05-03 17:18:57.87,2,16,0.979444,16,0.979444
"99SZyjVxEeW6RApRXdjJPw",bf73bd6445c8adf836af63ddd97ea9b4b7a4a0e0,2016-06-27 17:09:12.672,2,16,0.987857,16,0.987857
"99SZyjVxEeW6RApRXdjJPw",1a70862e45b8f46d45301919c3effd07b2b62362,2016-04-28 16:26:15.268,2,16,0.946752,16,0.946752
"99SZyjVxEeW6RApRXdjJPw",d01529c2d88db8a814ce8d56ef83eea5983ba1f5,2016-05-05 15:57:05.335,2,16,0.958542,16,0.958542
"99SZyjVxEeW6RApRXdjJPw",1bfde91116fdf3588dd8b0f5dc4f90bacb49a359,2016-05-02 14:53:19.907,2,16,0.931493,16,0.931493
"99SZyjVxEeW6RApRXdjJPw",681877a22c6e986a48a6d1bed8171bd776d28da6,2016-05-03 04:45:46.861,2,16,0.96906,16,0.96906
"99SZyjVxEeW6RApRXdjJPw",ac63c7298b8f70d3d62ced3aad138378b127a329,2016-06-25 14:02:51.985,2,16,0.98,16,0.98
"99SZyjVxEeW6RApRXdjJPw",308cd969a12fc5cbda2cf42c61a129ad4806a55b,2016-06-07 15:03:03.906,0,,0.03,,0.03
"99SZyjVxEeW6RApRXdjJPw",ab73459fdbe70732bb7d15b29ea972cfa4bab8be,2016-05-02 16:21:22.784,2,16,0.992308,16,0.992308
"99SZyjVxEeW6RApRXdjJPw",0528cbde9586b9e7a458cc489ed5b44eccb9366c,2016-05-19 14:50:20.336,2,16,0.946697,16,0.946697
"99SZyjVxEeW6RApRXdjJPw",f7e20f7fbe47cfc4e32dccd9d32635a89f448439,2016-05-03 03:49:34.717,2,16,0.985745,16,0.985745
"99SZyjVxEeW6RApRXdjJPw",1e5fe5f925deb014a0c966e445ba4de812687dac,2016-04-28 20:40:05.332,2,16,0.975909,16,0.975909
"99SZyjVxEeW6RApRXdjJPw",6dc1432a5a592bed76638f538880832849188ee9,2016-04-27 21:39:30.245,2,16,0.985,16,0.985
"99SZyjVxEeW6RApRXdjJPw",cf617a259867244ea5613de4ecc9443d7d0abfbc,2016-05-03 12:02:00.572,2,16,0.968974,16,0.968974
"99SZyjVxEeW6RApRXdjJPw",e8dc19591f03f365f292fb0fc79dcc2568f896ed,2016-06-26 17:27:42.318,2,16,0.953413,16,0.953413
"99SZyjVxEeW6RApRXdjJPw",8ab542f8517e753200d8cb10f25b992d5c2a000a,2016-05-03 05:17:53.715,2,16,0.964126,16,0.964126
"99SZyjVxEeW6RApRXdjJPw",e31fe14741c5d7cdd7ffc202d52043d4d062b7bd,2016-05-02 15:01:06.93,2,16,1,16,1
"99SZyjVxEeW6RApRXdjJPw",d586439f377bcbe03e6b5b21aabe2520bf5b3dd6,2016-06-10 05:44:18.924,0,0,0.03,0,0.03
"99SZyjVxEeW6RApRXdjJPw",97b6fa2efe47436f63c0db7738ce2c69fbbedcef,2016-04-26 14:01:36.519,2,16,0.97,16,0.97
"99SZyjVxEeW6RApRXdjJPw",e7c2b46f9bf9417400c5833101e4468bd34f44a1,2016-04-21 22:16:11.891,2,16,1,16,1
"99SZyjVxEeW6RApRXdjJPw",e74eacee0360e2f0b9b21c1ec2fa0459d73b07eb,2016-04-07 07:34:51.663,0,3,0.285909,3,0.285909
"99SZyjVxEeW6RApRXdjJPw",d4cc57c00a239721c476a9fe7496c1ed8be5431f,2016-06-25 18:32:00.804,2,16,0.956111,16,0.956111
"99SZyjVxEeW6RApRXdjJPw",3a9ba932d7b23237b170f89135559a36104de48a,2016-04-27 12:26:54.90,1,16,0.98375,15,0.93375
"99SZyjVxEeW6RApRXdjJPw",03dbee69c8d134fd255ad4b1311d6850e3877c9c,2016-06-22 23:31:32.954,2,16,0.947778,16,0.947778
"99SZyjVxEeW6RApRXdjJPw",ac4836b90f211bfa23ac26df908ae4535142929d,2016-04-15 17:05:10.286,0,3,0.28,3,0.28
"99SZyjVxEeW6RApRXdjJPw",b8080c800f3fcd8fb7da0c850eb449f2b4098ace,2016-06-24 07:31:16.159,2,16,0.97202,16,0.97202
"99SZyjVxEeW6RApRXdjJPw",31ebd3a95c63209b90023a1fe9b72f1d7fb2a062,2016-06-28 06:03:29.342,2,16,0.975312,16,0.975312
"99SZyjVxEeW6RApRXdjJPw",f4ba87f3c3e9e16929bcb550f978e13718f8d74a,2016-04-26 23:57:04.19,2,16,0.966923,16,0.966923
"99SZyjVxEeW6RApRXdjJPw",8d578080893ad77a35ff1051477682beb26ea949,2016-04-28 00:21:26.906,0,0,0.03,0,0.03
"99SZyjVxEeW6RApRXdjJPw",35895bac97760224613bdd6ebf6e91762c83e6e2,2016-06-23 22:34:10.637,2,16,0.91502,16,0.91502
"99SZyjVxEeW6RApRXdjJPw",47b9d2a48ee37b4b4cbac11fea69814b30d91280,2016-04-28 12:51:11.959,2,16,0.929215,16,0.929215
"99SZyjVxEeW6RApRXdjJPw",f1ad8b82976cb012ef947e6b737e815fefad88fc,2016-06-27 16:38:43.978,2,16,0.993438,16,0.993438
"99SZyjVxEeW6RApRXdjJPw",00107734d038767fcd1e88b6e173f475545b5017,2016-05-01 08:06:32.843,2,16,0.942377,16,0.942377
"99SZyjVxEeW6RApRXdjJPw",065c7ccce3ec7578dc099dd5db9c376e63018c57,2016-06-01 03:51:57.426,2,16,0.964444,16,0.964444
"99SZyjVxEeW6RApRXdjJPw",128772c2f7ab172f041b3b8ece5ca04479adec6d,2016-04-26 14:01:36.464,2,16,0.95781,16,0.95781
"99SZyjVxEeW6RApRXdjJPw",e69c5f8344957ace4f7e1309e8eaff475253db7e,2016-05-03 17:19:08.809,2,16,0.96066,16,0.96066
"99SZyjVxEeW6RApRXdjJPw",250e2894d69a92ea99ac742d4692f6ec7161756f,2016-04-21 00:09:48.771,2,16,0.955941,16,0.955941
"99SZyjVxEeW6RApRXdjJPw",1aea387a151766b404c6151d757e9ae926d9ad8f,2016-04-21 07:42:20.494,0,8,0.54,8,0.54
"99SZyjVxEeW6RApRXdjJPw",01e05ed110e60e0cac67f267987414f0f7dceca7,2016-05-03 18:57:53.038,2,16,0.990625,16,0.990625
"99SZyjVxEeW6RApRXdjJPw",af3bf3b580f79c630319ac222e14907605242f53,2016-04-27 23:06:44.21,2,16,0.981667,16,0.981667
"99SZyjVxEeW6RApRXdjJPw",0611758ffa2738a9b9973b61f89dfbae6655bcb9,2016-06-14 18:28:09.323,2,16,0.931311,16,0.931311
"99SZyjVxEeW6RApRXdjJPw",49bfe6b0c803a235ea4b850dc2ff68b39712f2fd,2016-05-01 06:40:46.563,2,16,0.984444,16,0.984444
"99SZyjVxEeW6RApRXdjJPw",4bbc093cf1c8d8cc7cf72d97cc460cd68ebbafc0,2016-05-07 23:37:15.458,2,16,0.982,16,0.982
"99SZyjVxEeW6RApRXdjJPw",6b64606ee499ccd9eb6c9f2d4a693e3cafe2625a,2016-06-24 10:30:56.664,2,16,0.972302,16,0.972302
"99SZyjVxEeW6RApRXdjJPw",de7fa58d0e899c7237d6fe909041a540e9fe74e4,2016-05-08 13:41:43.039,2,16,0.964444,16,0.964444
"99SZyjVxEeW6RApRXdjJPw",9766555e3ab95195d95d3c9bb347d5b21bbb1a79,2016-07-04 14:52:32.44,0,15,0.904909,15,0.904909
"99SZyjVxEeW6RApRXdjJPw",2763abe8cfe44293963ba7f41e9e939e1a1bbbc7,2016-06-17 02:05:33.094,2,16,0.974444,16,0.974444
"99SZyjVxEeW6RApRXdjJPw",48a783c76b177af1906429e0fcfed67817708eef,2016-06-30 19:55:20.807,2,16,0.885409,16,0.885409
"99SZyjVxEeW6RApRXdjJPw",e117888423337ed0190ad789554ffd78c06023bd,2016-04-12 15:23:29.408,2,16,0.96875,16,0.96875
"99SZyjVxEeW6RApRXdjJPw",2d3c50c0573cc2e3501803c6bf8508e76fdd8da1,2016-03-23 15:31:22.456,0,0,0.06,0,0.06
"99SZyjVxEeW6RApRXdjJPw",f13f5682b8b5bd71c9ecb137ff03dc163d3891e4,2016-08-04 16:00:57.144,0,,0.03,,0.03
"99SZyjVxEeW6RApRXdjJPw",2768d4774d84d81d069a191c951d7353fa1cf8c5,2016-05-01 14:00:35.908,1,16,0.92906,15,0.89406
"99SZyjVxEeW6RApRXdjJPw",b6ba4220f3476ab0378b9910937308931b59c5d2,2016-04-27 14:29:10.01,2,16,0.971923,16,0.971923
"99SZyjVxEeW6RApRXdjJPw",e3fc7b297ba7a92e4c54bd3bbc7ceaaa1f8c32aa,2016-06-18 04:04:23.392,2,16,0.985,16,0.985
"99SZyjVxEeW6RApRXdjJPw",5a99a7636d7dcb1cbec25e3e0599056b15bcb0db,2016-05-02 18:00:55.088,2,16,0.976667,16,0.976667
"99SZyjVxEeW6RApRXdjJPw",308899ec7f1d9556c49da2b6189df0661f953d8b,2016-04-30 14:08:25.575,2,16,0.965598,16,0.965598
"99SZyjVxEeW6RApRXdjJPw",ec1d06392ca137d0baf7b1725b28f677cc54a75c,2016-04-03 17:46:53.493,0,2,0.2,2,0.2
"99SZyjVxEeW6RApRXdjJPw",f61165f647959d947b3432c73ad1e29b222f5f79,2016-05-02 08:43:05.953,2,16,0.975625,16,0.975625
"99SZyjVxEeW6RApRXdjJPw",947d450d406d902327c2a9c8c3ed3c59ae019d7b,2016-06-21 04:56:24.913,2,16,0.99,16,0.99
"99SZyjVxEeW6RApRXdjJPw",abac562480d79864966d980d0af9d1429482e3c1,2016-05-01 16:14:21.513,2,16,0.975,16,0.975
"99SZyjVxEeW6RApRXdjJPw",2be6b2f63e8f859171eb076d1014e5366701c0f4,2016-05-02 17:46:19.893,2,16,0.98,16,0.98
"99SZyjVxEeW6RApRXdjJPw",c2b240bd4a188162896be19107e3091a91880b14,2016-04-19 01:04:30.297,2,16,0.99,16,0.99
"99SZyjVxEeW6RApRXdjJPw",afd7d9a6a46c6df446e8e64c1f2f7430f82ac5f7,2016-07-10 15:15:38.679,0,,0.13,,0.13
"99SZyjVxEeW6RApRXdjJPw",fb3962d39dff997238ee8496fc298b582ee49a89,2016-04-30 15:11:19.471,2,16,0.99,16,0.99
"99SZyjVxEeW6RApRXdjJPw",eacbb05324c57ad617a53b3ad533529ce7ef99da,2016-06-28 20:07:44.733,2,16,0.965184,16,0.965184
"99SZyjVxEeW6RApRXdjJPw",4f9318dc5201f736e6527e93358670660dabf437,2016-06-26 19:35:36.972,2,16,0.949941,16,0.949941
"99SZyjVxEeW6RApRXdjJPw",2fbec18a273908e123b4b0ff7a942478c32c1bb9,2016-04-22 07:44:18.97,2,16,1,16,1
"99SZyjVxEeW6RApRXdjJPw",1e6d566cfbaeb3a238926a3a7f506a6f6a0e7a33,2016-04-19 11:33:48.83,2,16,0.954451,16,0.954451
"99SZyjVxEeW6RApRXdjJPw",84c3d5326662fba8d613dc51f164f7aa4206735f,2016-04-16 08:13:54.721,2,16,0.985,16,0.985
"99SZyjVxEeW6RApRXdjJPw",0bc013411dffeccb4aff9becac70832facf426d1,2016-04-22 10:37:41.112,2,16,0.968217,16,0.968217
"99SZyjVxEeW6RApRXdjJPw",f91a33f46621e2e8cda5561d4876399c76ce40eb,2016-05-02 13:15:30.998,2,16,0.963529,16,0.963529
"99SZyjVxEeW6RApRXdjJPw",b6ffd9b9fd7a37db8ff8e1a5047af9f4c552c99c,2016-04-30 10:35:56.773,2,16,0.925379,16,0.925379
"99SZyjVxEeW6RApRXdjJPw",c7707affd5be2997a7312886024fafa897d4e3bc,2016-05-09 15:45:58.273,0,15,0.852547,15,0.852547
"99SZyjVxEeW6RApRXdjJPw",174862003d1a951de6795fbdf93813c92e79bf39,2016-04-10 16:19:50.891,2,16,0.977308,16,0.977308
"99SZyjVxEeW6RApRXdjJPw",070cbdfcfe7502abf2a9a8df7b7ae2f8b95496c6,2016-05-03 07:15:59.744,2,16,0.977308,16,0.977308
"99SZyjVxEeW6RApRXdjJPw",69eb38bdb814456485beb4e4eb964a6f2c27acca,2016-05-01 18:49:29.986,2,16,0.959444,16,0.959444
"99SZyjVxEeW6RApRXdjJPw",b81abfe61a5d892d5064058bacc5d82af749d113,2016-06-22 09:30:42.386,2,16,0.978542,16,0.978542
"99SZyjVxEeW6RApRXdjJPw",49aaec80b2e343bee62abdbffb821a8d2a665264,2016-04-26 14:32:20.891,2,16,0.979183,16,0.979183
"99SZyjVxEeW6RApRXdjJPw",8102b7b9b6dd1d81a5b88aff33e58dd8bfb3cee2,2016-04-19 15:08:24.921,2,16,0.954444,16,0.954444
"99SZyjVxEeW6RApRXdjJPw",db2a040159c450332cb57403226958670ad8a4d1,2016-06-23 23:05:10.239,2,16,0.929757,16,0.929757
"99SZyjVxEeW6RApRXdjJPw",c2e810532f0a965d64943d24a897f09a95dae3f9,2016-04-04 17:31:52.961,0,1,0.08,1,0.08
"99SZyjVxEeW6RApRXdjJPw",065c25dac46e28e50c851d336e7363902738a8f8,2016-06-07 23:43:27.664,2,16,0.995,16,0.995
"99SZyjVxEeW6RApRXdjJPw",0a6940a5e7b9b6013f7d01f5c7697effc0fe31bb,2016-04-28 20:11:11.806,2,16,1,16,1
"99SZyjVxEeW6RApRXdjJPw",77d53bcef4e9d2e32722972c3e5208070defa5d5,2016-04-28 15:43:02.014,2,16,0.972308,16,0.972308
"99SZyjVxEeW6RApRXdjJPw",6c5ee89e84b73d1c30d0ef76ddf20a829df43707,2016-06-10 02:18:40.847,2,16,0.937582,16,0.937582
"99SZyjVxEeW6RApRXdjJPw",995b845f0d0671f6f891121018ea4bdf5a6e967f,2016-05-01 20:14:03.103,2,16,0.968419,16,0.968419
"99SZyjVxEeW6RApRXdjJPw",cb8c83a4725dcd6ab6933dfde49bda2d9baf52c0,2016-06-08 16:57:37.732,0,,0.03,,0.03
"99SZyjVxEeW6RApRXdjJPw",ae808e2284fcd36a37423fe1663954d19aa19a77,2016-04-28 12:39:11.956,2,16,0.935979,16,0.935979
"99SZyjVxEeW6RApRXdjJPw",bafbdc2cb76ac5bdf5438f687a39d7102e3d01f3,2016-04-23 02:42:22.837,2,16,0.961923,16,0.951923
"99SZyjVxEeW6RApRXdjJPw",6fe9aa35e7eafc63123ee8cf662d7970e14031a2,2016-06-15 15:55:19.30,2,16,0.95628,16,0.95628
"99SZyjVxEeW6RApRXdjJPw",0451d67297bf2325cf9e028126d276a9559d1d38,2016-05-02 15:52:51.395,2,16,0.967784,16,0.967784
"99SZyjVxEeW6RApRXdjJPw",0eb48e8ba3251716709959fc9b0c185fb8ee2f51,2016-06-23 07:32:34.601,2,16,0.951326,16,0.951326
"99SZyjVxEeW6RApRXdjJPw",b06f0d2c26dce25ff746e850210d4e7fd0098f31,2016-05-24 16:13:59.295,0,4,0.35,4,0.35
"99SZyjVxEeW6RApRXdjJPw",671169e53404faf9c0d8f53b9e986140b5be010a,2016-06-27 06:38:22.18,2,16,0.937734,16,0.937734
"99SZyjVxEeW6RApRXdjJPw",bd7c048a03e25e41c7ea7978d60248f2d61a8cae,2016-06-16 00:58:38.393,0,,0.03,,0.03
"99SZyjVxEeW6RApRXdjJPw",d551dc41016918fbb63e951ab672491f066edc93,2016-05-02 19:24:37.938,2,16,0.97,16,0.97
"99SZyjVxEeW6RApRXdjJPw",a89d9a29ea4682180f492ed87e573463a8ae810a,2016-06-27 20:07:42.309,2,16,0.929278,16,0.929278
"99SZyjVxEeW6RApRXdjJPw",821b212f621a48b0960ee662dd5664d4da0e8ae0,2016-05-02 17:57:33.546,2,16,0.995,16,0.995
"99SZyjVxEeW6RApRXdjJPw",6dd886af959005ab950002d44bbcd6466f799525,2016-06-26 12:31:53.814,2,16,0.975,16,0.975
"99SZyjVxEeW6RApRXdjJPw",26c1d7dd74c2674ce793fbae873a3487ad1da187,2016-04-12 01:51:31.873,2,16,0.972308,16,0.972308
"99SZyjVxEeW6RApRXdjJPw",6185c8ec352f109d21586b9e055d2a86433d66f9,2016-06-19 22:09:06.371,2,16,0.935843,16,0.935843
"99SZyjVxEeW6RApRXdjJPw",eb99076fdfebc2e3ab4b1dd8e769d3ed9c75e252,2016-04-29 19:40:00.115,2,16,0.983437,16,0.983437
"99SZyjVxEeW6RApRXdjJPw",39a6e60b095fd5426ad685a5c3750e1f73d0e7e7,2016-05-02 19:22:08.252,1,16,0.98,15,0.88
"99SZyjVxEeW6RApRXdjJPw",027d68dc2138533e2241bf39ee6ca76bbca0a39c,2016-04-29 06:37:50.131,2,16,1,16,1
"99SZyjVxEeW6RApRXdjJPw",fe947b5116b03b0567368463167a0cc4b80f67a2,2016-06-27 14:39:46.48,2,16,0.969444,16,0.969444
"99SZyjVxEeW6RApRXdjJPw",e1c95c4cc3fdc271e95e34de0860ffec3e2f10b9,2016-06-26 19:37:40.58,2,16,0.946736,16,0.946736
"99SZyjVxEeW6RApRXdjJPw",46a94eeed5f3a65393970f16ba015abb26b0e48e,2016-07-04 04:44:55.192,2,16,0.957302,16,0.957302
"99SZyjVxEeW6RApRXdjJPw",7afa5a5ff42b0651c1441ef680b1e7abda9694bf,2016-06-23 07:32:34.333,2,16,0.96375,16,0.96375
"99SZyjVxEeW6RApRXdjJPw",ea4c183441d374999162920a29edb75713406e0e,2016-06-20 16:19:59.008,0,7,0.49,7,0.49
"99SZyjVxEeW6RApRXdjJPw",f849830e9c3f637b2d97337f8b089d4d9d10e5ed,2016-04-24 17:22:37.316,2,16,0.981667,16,0.981667
"99SZyjVxEeW6RApRXdjJPw",f1fd25814318f152bcd329767cb154d1f115a590,2016-03-29 04:02:29.204,0,1,0.095,1,0.095
"99SZyjVxEeW6RApRXdjJPw",29d52b9f07097d62c65b931b638fefaa1903784a,2016-04-29 23:06:30.501,1,16,0.995,15,0.945
"99SZyjVxEeW6RApRXdjJPw",5bdb28d25eed6b2bf74f0a69f2e13a69be652eb4,2016-07-15 05:54:19.109,0,,0.03,,0.03
"99SZyjVxEeW6RApRXdjJPw",1667e33f58562f712e5c7b451e616b856fdc1921,2016-06-13 13:56:52.782,2,16,0.971607,16,0.971607
"99SZyjVxEeW6RApRXdjJPw",fee641cc01987d1e639156ecdbfd91031312a8c8,2016-06-20 22:07:37.836,2,16,0.908502,16,0.908502
"99SZyjVxEeW6RApRXdjJPw",33b51c1cad10e75334f692536d359c7c44bb9089,2016-04-20 15:45:47.296,2,16,0.97875,16,0.97875
"99SZyjVxEeW6RApRXdjJPw",79044ea42e529125945d448f7e82944cf071f0e2,2016-05-09 14:52:56.933,2,16,0.93149,16,0.93149
"99SZyjVxEeW6RApRXdjJPw",0ee39cd68a86c1623981e71e05c2fd794ca45988,2016-06-29 18:06:09.997,2,16,0.976319,16,0.976319
"99SZyjVxEeW6RApRXdjJPw",66a6ade10beabd40565aaa733a27105c0da32717,2016-05-04 20:10:35.637,2,16,0.95406,16,0.95406
"99SZyjVxEeW6RApRXdjJPw",831dc4a8ac7b57f554b5c54896e5b3be1a772bc7,2016-06-12 13:46:12.612,2,16,0.995,16,0.995
"99SZyjVxEeW6RApRXdjJPw",0efd20d7ae1b3e382f39ef8d096169700ae2bd81,2016-05-01 10:36:52.086,2,16,0.971875,16,0.971875
"99SZyjVxEeW6RApRXdjJPw",86d99c9470fdd53d0825490b21b2dbab7eb4c938,2016-04-20 09:39:55.141,2,16,0.992308,16,0.992308
"99SZyjVxEeW6RApRXdjJPw",28521a36a073c6aac281eeb941fcae1faa33070d,2016-05-04 07:47:21.488,2,16,1,16,1
"99SZyjVxEeW6RApRXdjJPw",a06e264f114deb91fb870a6b261a100d63fef25a,2016-04-27 15:29:29.031,2,16,0.985,16,0.985
"99SZyjVxEeW6RApRXdjJPw",7dea3b2f6f43d0ece08ea41b738509bf6533749a,2016-05-02 08:27:44.993,2,16,1,16,1
"99SZyjVxEeW6RApRXdjJPw",3a0b081b1b6e0414a365272fc3d6b1624450bf0a,2016-05-01 20:45:22.348,2,16,0.995455,16,0.995455
"99SZyjVxEeW6RApRXdjJPw",16ba70ef5b04974e1e4ce76dbe70d3f588d185ac,2016-04-30 07:35:58.684,2,16,0.976319,16,0.976319
"99SZyjVxEeW6RApRXdjJPw",724ae9fff76f8f9e1e9907b6060675bd5db9bedd,2016-04-28 21:38:40.276,1,16,0.949044,15,0.849044
"99SZyjVxEeW6RApRXdjJPw",e0bc56fa341542efdf213e1fb86c78c411c03c54,2016-06-19 22:09:05.591,2,16,0.977857,16,0.977857
"99SZyjVxEeW6RApRXdjJPw",38fd58c5ad8567b4d63acc19440c6983cfd22502,2016-04-22 00:41:44.60,2,16,1,16,1
"99SZyjVxEeW6RApRXdjJPw",f9aa424b048da7a24a51594ecc2ee0a5e9ec12f1,2016-05-04 20:10:42.256,2,16,0.954328,16,0.954328
"99SZyjVxEeW6RApRXdjJPw",8a7c3dedd23f952e7d9ac83af294e36f8a17c834,2016-05-03 04:45:46.834,2,16,0.983437,16,0.983437
"99SZyjVxEeW6RApRXdjJPw",ce281ec4ccb5cc0cc1fcce0f2fd89c86370d392d,2016-06-21 16:06:41.044,0,,0.03,,0.03
"99SZyjVxEeW6RApRXdjJPw",0da4017fc524b16ed8f0ed96454176d23505553a,2016-05-01 12:40:33.741,2,16,0.965069,16,0.965069
"99SZyjVxEeW6RApRXdjJPw",f2a81a42ab38e2ca9fcb2aab76c5e77fdf6e63a4,2016-05-02 16:51:04.146,2,16,1,16,1
"99SZyjVxEeW6RApRXdjJPw",f0a460ac6bdfaaa2109a6c63dba4c6c17b5b582c,2016-06-19 12:36:07.647,2,16,0.965417,16,0.965417
"99SZyjVxEeW6RApRXdjJPw",1cc6a503e0839ee78a0d561f433ff0983186ef2e,2016-04-30 13:41:29.867,2,16,0.991875,16,0.991875
"99SZyjVxEeW6RApRXdjJPw",63208c9d5fd6c84ca9ad4afea49b04096cc40411,2016-05-03 00:45:26.487,2,16,0.956923,16,0.956923
"99SZyjVxEeW6RApRXdjJPw",cfb49afa72076a8ac988e8460fe8dd75ebc20f4c,2016-06-29 01:41:34.568,2,16,0.960069,16,0.960069
"99SZyjVxEeW6RApRXdjJPw",a1757e289f1ba671e3b78bdd4acf2677855a0f8b,2016-04-19 15:39:59.138,2,16,0.97875,16,0.97875
"99SZyjVxEeW6RApRXdjJPw",adde71c63fc100abbc501b14b9efd1828ab772fd,2016-05-17 14:32:03.802,2,16,0.966752,16,0.966752
"99SZyjVxEeW6RApRXdjJPw",b578a8ef0fd3db52f34caaae22a3c34a58f445ee,2016-04-30 00:36:22.936,2,16,0.975069,16,0.975069
"99SZyjVxEeW6RApRXdjJPw",985c58f01f525487ac8f895b9fc1b3ee60830771,2016-04-27 20:11:07.872,2,16,0.978974,16,0.978974
"99SZyjVxEeW6RApRXdjJPw",dfc4a0e0454e1253fa14241b3912a07a9c3bccdd,2016-04-27 21:39:30.224,1,16,0.95906,15,0.90906
"99SZyjVxEeW6RApRXdjJPw",897fedb090bb30a79da519dd6382d0d15ab6b0cb,2016-05-05 14:48:49.892,0,8,0.55,8,0.55
"99SZyjVxEeW6RApRXdjJPw",19fb44e295f7659b87e6b4dd25c8f045be19cc40,2016-07-10 05:52:28.373,0,,0.03,,0.03
"99SZyjVxEeW6RApRXdjJPw",6f6838d7c96b3759a2c76ad5d97e6b8e8d467bcd,2016-04-29 18:40:33.548,2,16,0.976319,16,0.976319
"99SZyjVxEeW6RApRXdjJPw",f88b2b4f1fe8ae48781502aedcbf63a7db0a9af3,2016-06-22 21:10:22.036,0,,0.03,,0.03
"99SZyjVxEeW6RApRXdjJPw",aa410aa04a5a85d6489b9c577c0f1f4f8322302f,2016-04-07 08:19:11.628,2,16,0.979183,16,0.979183
"99SZyjVxEeW6RApRXdjJPw",79612e454ab6fbbaf38fab1eac92a51aeeacb267,2016-04-24 16:51:53.01,2,16,0.949685,16,0.949685
"99SZyjVxEeW6RApRXdjJPw",72e0296c9de81b7c0803bd85e85a5e21410090d5,2016-05-03 19:15:04.785,2,16,0.996875,16,0.996875
"99SZyjVxEeW6RApRXdjJPw",46994e97b33efde04387671ecc1c671583e7df51,2016-05-09 15:08:56.913,2,16,0.95375,16,0.95375
"99SZyjVxEeW6RApRXdjJPw",efd7f216e0b529f306b960ea6431cd07540bd206,2016-04-28 20:11:11.908,2,16,1,16,1
"99SZyjVxEeW6RApRXdjJPw",98df22f5b86f715e9da9fcfb78cdd59e666568a5,2016-06-21 13:09:17.439,2,16,0.962857,16,0.962857
"99SZyjVxEeW6RApRXdjJPw",ccf3d59d0b9ab0381c0296ce13b98c66200b69fa,2016-05-17 16:38:35.173,2,16,0.934784,16,0.934784
"99SZyjVxEeW6RApRXdjJPw",3685a07f1005b4224ce913effcf7cc19ac031934,2016-06-19 19:42:28.357,2,16,0.958542,16,0.958542
"99SZyjVxEeW6RApRXdjJPw",fed20c5bcba0fe4d2879bd00599b3d585def16da,2016-06-18 05:36:25.983,0,,0.03,,0.03
"99SZyjVxEeW6RApRXdjJPw",48f824483c1f28d52d39dc9bc546107a9e497379,2016-06-24 20:03:26.415,2,16,0.980354,16,0.980354
"99SZyjVxEeW6RApRXdjJPw",161a2e3b5566a5226481c3a25e1098dcbc41bb41,2016-05-26 07:32:46.936,0,1,0.1,1,0.1
"99SZyjVxEeW6RApRXdjJPw",b50264f532a15b20b1e2a73073be57302f33cfbd,2016-06-06 14:36:33.458,2,16,0.938944,16,0.938944
"99SZyjVxEeW6RApRXdjJPw",90b37ca01b047d3ffb21b527b130fe8cdd0a0e63,2016-04-25 23:27:53.547,2,16,0.986875,16,0.986875
"99SZyjVxEeW6RApRXdjJPw",becd0025c04366634826fbd701721a700c97646c,2016-05-05 15:14:59.151,2,16,0.967308,16,0.967308
"99SZyjVxEeW6RApRXdjJPw",7924ab625dca45cf4b226a7eadf5f042a1973300,2016-04-30 21:37:54.286,2,16,0.939499,16,0.939499
"99SZyjVxEeW6RApRXdjJPw",558a116923c179298f9c700dcf60bd352273ac30,2016-04-28 20:40:05.356,2,16,0.962933,16,0.962933
"99SZyjVxEeW6RApRXdjJPw",9e9e245a57b15ce876327408bcbcfc5cbf867608,2016-04-28 10:54:07.342,2,16,1,16,1
"99SZyjVxEeW6RApRXdjJPw",0ca94b35bf873b73e936f98e94168825f00f8320,2016-04-26 22:57:28.05,2,16,0.916765,16,0.916765
"99SZyjVxEeW6RApRXdjJPw",8942fd4ce70453ec4243143036947d3692842233,2016-06-15 16:08:36.272,0,7,0.4845,7,0.4845
"99SZyjVxEeW6RApRXdjJPw",64509c928bc9778a23d12c88f011462ac91d15e4,2016-04-07 07:34:51.26,0,2,0.19,2,0.19
"99SZyjVxEeW6RApRXdjJPw",c5af145ee26db473505b2a8a63447bfc6093178a,2016-06-16 23:34:16.192,0,11,0.657929,11,0.657929
"99SZyjVxEeW6RApRXdjJPw",7055a527e288302ba283ba6262590408cadf6987,2016-06-26 13:33:33.54,1,16,0.959256,14,0.898145
"99SZyjVxEeW6RApRXdjJPw",9ce843e5c54afe4a1c46932b9870f520d9af1af4,2016-06-23 00:11:34.994,2,16,0.932387,16,0.932387
"99SZyjVxEeW6RApRXdjJPw",4c4546adfdd1f58b40f4118c363c6b41a9250a90,2016-04-07 07:34:51.70,0,3,0.270909,3,0.270909
"99SZyjVxEeW6RApRXdjJPw",eb3949452fe3bd054de940a3a932e67f8203170e,2016-06-15 15:55:16.129,2,16,0.995,16,0.995
"99SZyjVxEeW6RApRXdjJPw",2324d8bd5f5081759a9043e8be13f6ed5c090bda,2016-06-28 17:47:26.958,2,16,0.966944,16,0.966944
"99SZyjVxEeW6RApRXdjJPw",d89581d249e508aaaec2f1e168db78ca205dc646,2016-06-28 19:46:25.207,2,16,0.949514,16,0.949514
"99SZyjVxEeW6RApRXdjJPw",4578e03486721eeeccba401e4301734981d4181c,2016-05-04 16:15:15.377,2,16,0.962576,16,0.962576
"99SZyjVxEeW6RApRXdjJPw",4b46b94ad46e1b6b55d0ff413f5708ede838ea17,2016-06-28 15:50:36.186,2,16,0.94702,16,0.94702
"99SZyjVxEeW6RApRXdjJPw",757f145ad0a8c40ebc669732d49d9f832dd19132,2016-05-01 02:37:59.01,2,16,0.985,16,0.985
"99SZyjVxEeW6RApRXdjJPw",4bc641a3ca26d6ac92be39b6c1ee916af97cb626,2016-04-13 09:49:42.755,2,16,0.98,16,0.98
"99SZyjVxEeW6RApRXdjJPw",3b42dc3423fd8b595de0f770d429f8fe48fa17c1,2016-07-04 14:51:16.069,2,16,0.995,16,0.995
"99SZyjVxEeW6RApRXdjJPw",f7a2e368613e86af389b4d76406e0f41464e14a0,2016-04-16 23:34:17.663,2,16,0.959917,16,0.959917
"99SZyjVxEeW6RApRXdjJPw",5ebad0c8d258608e9fe7c394b27d094a642e4dce,2016-05-01 01:07:37.569,2,16,0.975,16,0.975
"99SZyjVxEeW6RApRXdjJPw",4a9b6b42a8d7ee64d5b9051198b89125daf38f92,2016-04-18 14:39:57.749,2,16,0.975,16,0.975
"99SZyjVxEeW6RApRXdjJPw",5723fcb34606f6a37ac9e5df4d15cc901a7f0fdf,2016-04-27 08:56:22.219,2,16,0.969126,16,0.969126
"99SZyjVxEeW6RApRXdjJPw",424b573447807d3f7aa6dfb23b75a34ebec02026,2016-04-27 06:27:12.255,2,16,0.940465,16,0.940465
"99SZyjVxEeW6RApRXdjJPw",285e5b8f05b382aab0a74e991f9e3a2b78b41531,2016-06-27 15:09:58.728,2,16,0.939196,16,0.939196
"99SZyjVxEeW6RApRXdjJPw",21b5d33fb9b617464d942430bc52c82e927a1749,2016-05-01 07:32:07.063,2,16,0.949444,16,0.949444
"99SZyjVxEeW6RApRXdjJPw",906c3bf908764a1620c726df4c458e1a7e6ced00,2016-04-28 17:48:33.651,2,16,0.969183,16,0.969183
"99SZyjVxEeW6RApRXdjJPw",30aed64d0960c96ea61c1b0d0f965d31826b1db1,2016-04-21 02:12:02.201,2,16,0.989444,16,0.989444
"99SZyjVxEeW6RApRXdjJPw",d084fea979a6a6baca6070e56c76bb8097ba2505,2016-04-19 10:03:27.061,1,16,0.979615,15,0.944615
"99SZyjVxEeW6RApRXdjJPw",292bb77f88e9e2e02bede607af6fef32b40508b6,2016-04-22 16:54:56.609,2,16,0.967548,16,0.967548
"99SZyjVxEeW6RApRXdjJPw",c93a37897f7526bcffde670557e018ac650d45fb,2016-04-21 08:12:05.218,2,16,0.991667,16,0.991667
"99SZyjVxEeW6RApRXdjJPw",3e6f39256a7f8bf12ee99ec7adb29748caa8a02c,2016-05-01 13:39:57.817,2,16,0.959183,16,0.959183
"99SZyjVxEeW6RApRXdjJPw",44ffb6b40685b29c98f0667291b67ff413d2e1b8,2016-04-27 21:10:16.079,2,16,0.94286,16,0.94286
"99SZyjVxEeW6RApRXdjJPw",26060cd77f02bfdf1fbaec0be4f0fd9d0bdbd14c,2016-06-15 14:24:48.11,2,16,0.951367,16,0.951367
"99SZyjVxEeW6RApRXdjJPw",1bcd9020899ceeb91c7355f90c182df6290779c7,2016-04-24 19:22:20.078,2,16,0.928835,16,0.928835
"99SZyjVxEeW6RApRXdjJPw",46fd3143c973228b583e66f3b7c489bb2f0b1dfd,2016-04-25 17:32:56.174,2,16,0.956319,16,0.956319
"99SZyjVxEeW6RApRXdjJPw",c382daca44b3feab4ada1ca43dc5baa588ecd0c6,2016-06-30 00:12:01.586,2,16,0.9245,16,0.9245
"99SZyjVxEeW6RApRXdjJPw",65e2bc073a15e24da94b6a64fc2d5a5ef09b5c4b,2016-04-29 12:38:51.05,2,16,0.900534,16,0.900534
"99SZyjVxEeW6RApRXdjJPw",ebc0274138fc0b8514d59e112bc735ae9521e5d6,2016-07-05 16:24:53.805,0,,0.03,,0.03
"99SZyjVxEeW6RApRXdjJPw",4b871beb636d4cfc41928938fce7f713665987ea,2016-03-28 15:01:17.502,2,16,0.957784,16,0.957784
"99SZyjVxEeW6RApRXdjJPw",39011d9b41e938a7321891ee47d6566d6717a0a3,2016-05-02 21:41:24.275,2,16,0.985417,16,0.985417
"99SZyjVxEeW6RApRXdjJPw",1992da99878f7df15dfb2d75d6fd9ff99d26d0b8,2016-07-23 19:56:42.51,0,,0.03,,0.03
"99SZyjVxEeW6RApRXdjJPw",de984a104f2ddae8b12a659c3c19d3ba94faecd9,2016-04-19 21:08:00.991,2,16,0.979444,16,0.979444
"99SZyjVxEeW6RApRXdjJPw",6d5ac1b41b0f2de2f77cd30425091f464e5ad9ce,2016-06-10 18:45:34.159,0,7,0.485909,7,0.485909
"99SZyjVxEeW6RApRXdjJPw",4e45f0b8241723838337574dcf1fba2ce1779422,2016-06-27 21:07:32.212,2,16,0.978542,16,0.978542
"99SZyjVxEeW6RApRXdjJPw",3593a65579063d7c9847fc496a8598278a3020b0,2016-04-24 20:07:00.901,0,15,0.848974,15,0.848974
"99SZyjVxEeW6RApRXdjJPw",e999c1efd7d37ec696f38a8064935627b6287407,2016-04-29 11:07:32.708,2,16,0.938974,16,0.938974
"99SZyjVxEeW6RApRXdjJPw",d9b4de214ed4500f1051a005e9cd7daef3d2b665,2016-06-30 07:43:16.644,2,16,0.930308,16,0.930308
"99SZyjVxEeW6RApRXdjJPw",e40ba0352307dae31c01e299c1a5b01ba5a067d0,2016-06-26 19:37:23.595,2,16,0.995,16,0.995
"99SZyjVxEeW6RApRXdjJPw",7cd75a7e9d1e946623abc16b87944343d4e2b1d2,2016-04-28 19:39:39.32,2,16,0.969444,16,0.969444
"99SZyjVxEeW6RApRXdjJPw",2cccee7343a8b23c15bbf55e3556f9bc4f8620d3,2016-04-26 18:19:01.115,1,16,0.970909,15,0.870909
"99SZyjVxEeW6RApRXdjJPw",eb797c60bc02c426f98c892e5c2cc35df2deee1b,2016-06-27 02:13:20.625,2,16,0.904474,16,0.904474
"99SZyjVxEeW6RApRXdjJPw",954b988b4f55ee85442385d7352f98a77100019f,2016-06-27 00:05:02.278,2,16,0.964177,16,0.964177
"99SZyjVxEeW6RApRXdjJPw",aadd33ba8fd91276db3019e3fbf7ae88dc238780,2016-05-04 22:50:52.384,2,16,0.914219,16,0.914219
"99SZyjVxEeW6RApRXdjJPw",6c205d4cbc5f98b12b9ab1c29d541e5fdb45b168,2016-04-07 17:17:37.739,2,16,0.99,16,0.99
"99SZyjVxEeW6RApRXdjJPw",7ff5c975d46197d0d71c9189a7fef12b17c56c57,2016-06-24 17:03:58.467,2,16,0.986875,16,0.986875
"99SZyjVxEeW6RApRXdjJPw",6f1653e86989d53137113dc1947e508a1ddeb91d,2016-06-22 21:02:11.522,2,16,0.956319,16,0.956319
"99SZyjVxEeW6RApRXdjJPw",20079152e99a67c222ec6f97d65142ff3d898a26,2016-07-03 09:40:01.627,0,,0.03,,0.03
"99SZyjVxEeW6RApRXdjJPw",9cc5cba9df6bc2c7d13e45d7f2d9268f97774087,2016-06-22 22:02:01.688,2,16,0.97375,16,0.97375
"99SZyjVxEeW6RApRXdjJPw",82e7d0483437b4794db55689884674dd8d44c69e,2016-06-30 20:17:07.513,2,16,0.922222,16,0.922222
"99SZyjVxEeW6RApRXdjJPw",17d8eea231b6c162b850971ec1f1a5b5abcfb9b7,2016-04-25 12:23:21.86,2,16,0.933841,16,0.933841
"99SZyjVxEeW6RApRXdjJPw",b16482826819c23ef872aba7f5971ec5da54e572,2016-04-28 19:39:37.031,2,16,0.991875,16,0.991875
"99SZyjVxEeW6RApRXdjJPw",32aa84e4a02debf47c5c970add7564cddd7a261a,2016-06-07 16:18:26.807,2,16,0.967062,16,0.967062
"99SZyjVxEeW6RApRXdjJPw",bcecfcac634cb01aeac08d449cca72800e22fff8,2016-04-26 05:00:03.694,2,16,0.986875,16,0.986875
"99SZyjVxEeW6RApRXdjJPw",964bf91b80b7fee3a20c6e1d9c625185ed12deae,2016-04-26 20:30:52.799,2,16,0.959615,16,0.959615
"99SZyjVxEeW6RApRXdjJPw",067122811942ae2b95daf9950498b5271222df30,2016-04-09 10:15:37.159,2,16,0.98,16,0.98
"99SZyjVxEeW6RApRXdjJPw",449ac22074e82284c9817a6dc611077ad5507abd,2016-03-29 03:32:36.665,0,1,0.1,1,0.1
"99SZyjVxEeW6RApRXdjJPw",24643136031f32552c719eddcacb73adeccfb572,2016-04-26 15:02:36.581,2,16,0.99,16,0.99
"99SZyjVxEeW6RApRXdjJPw",b28912e783ffafb22501c685fa381e6bf1e35b3d,2016-07-30 03:45:09.024,0,,0.03,,0.03
"99SZyjVxEeW6RApRXdjJPw",c6d1a592e61956c3236383c8d761cb965c327ce8,2016-05-04 07:38:18.409,2,16,0.98519,16,0.98519
"99SZyjVxEeW6RApRXdjJPw",2cacdf35f9688dc4ad92163e950a787ee0fc5bf0,2016-05-02 21:13:46.802,2,16,0.998438,16,0.998438
"99SZyjVxEeW6RApRXdjJPw",dd890c2b4e7f96fee01a0a9ffe2537cbc7d8b9bb,2016-08-02 17:47:04.805,0,,0.03,,0.03
"99SZyjVxEeW6RApRXdjJPw",178f8dee32620a7eaa900785edf5ab63b2fc3426,2016-06-28 17:57:23.485,2,16,0.975909,16,0.975909
"99SZyjVxEeW6RApRXdjJPw",f2f13edc966290fbeaecbb4e831f01076befc095,2016-04-28 18:12:57.86,2,16,0.950173,16,0.950173
"99SZyjVxEeW6RApRXdjJPw",f62374565337415b48d92fb10a7ef5ab788c26c1,2016-06-27 15:10:43.757,2,16,0.968542,16,0.968542
"99SZyjVxEeW6RApRXdjJPw",01bc70d5026d3bfb9eb2c1b4556b2943cac6cba4,2016-06-30 20:51:04.199,2,16,0.964909,16,0.964909
"99SZyjVxEeW6RApRXdjJPw",1cac51549e644cd5f5c82534bbf2c96628d51946,2016-04-10 06:41:22.836,2,16,0.992308,16,0.992308
"99SZyjVxEeW6RApRXdjJPw",7e5c3742d0faa01f712c3641159fb12eb24be890,2016-04-27 06:56:42.341,2,16,0.943186,16,0.943186
"99SZyjVxEeW6RApRXdjJPw",a231bc530eb5134f27b68da1a9d965c486f993c9,2016-04-04 19:32:30.10,0,1,0.1,1,0.1
"99SZyjVxEeW6RApRXdjJPw",614cbd072ac04b0673505bd9660986d0af34fbd1,2016-05-02 10:17:45.329,2,16,0.982308,16,0.982308
"99SZyjVxEeW6RApRXdjJPw",b857f7ea7ca923fe514a17cd6e9931a65561bb92,2016-04-29 17:11:09.881,2,16,0.991667,16,0.991667
"99SZyjVxEeW6RApRXdjJPw",77546b39a0073b6691fda0c4e5850f0ee708d39d,2016-07-20 14:33:49.256,0,,0.03,,0.03
"99SZyjVxEeW6RApRXdjJPw",ae31738dd26066eb49b31d962b9abfaf42433db3,2016-04-28 21:20:55.958,2,16,0.954451,16,0.954451
"99SZyjVxEeW6RApRXdjJPw",ac1f8ff5c4392f7a96c1a71a2b50bc2f1ad1affb,2016-04-29 16:43:27.369,2,16,0.995,16,0.995
"99SZyjVxEeW6RApRXdjJPw",70a1877a7727bc9a4623f69bc14e3223d40fa19c,2016-03-28 22:30:14.259,2,16,0.975,16,0.975
"99SZyjVxEeW6RApRXdjJPw",2321b9f9c812aa9fac7a81cb742954078d9bc35f,2016-04-15 00:17:41.37,0,14,0.895,12,0.795
"99SZyjVxEeW6RApRXdjJPw",524cbbedb353902d0bb8be76d582d0ff49e9a82f,2016-06-18 04:04:23.372,2,16,0.970833,16,0.970833
"99SZyjVxEeW6RApRXdjJPw",daf173beefb39e0a95bc1b974316ec62441aff6e,2016-04-18 00:38:28.339,2,16,0.985,16,0.985
"99SZyjVxEeW6RApRXdjJPw",22db525d19c40109e5937f27f0db64b78177e765,2016-05-04 17:46:41.69,0,15,0.891131,15,0.891131
"99SZyjVxEeW6RApRXdjJPw",4fa8499f8af14268bc74d88ff7818f3ad4a34792,2016-04-28 20:11:11.499,2,16,0.93357,16,0.93357
"99SZyjVxEeW6RApRXdjJPw",cf39963ccd2f67341edc49785608dca5d4b938b3,2016-04-30 16:58:44.478,2,16,0.996875,16,0.996875
"99SZyjVxEeW6RApRXdjJPw",090bd9a1233d39e2537d665b7ad6cf91821529e4,2016-07-10 15:19:43.697,0,,0.03,,0.03
"99SZyjVxEeW6RApRXdjJPw",ad816281784ebccc4419d6c4e5de8b25345272d6,2016-05-02 17:19:22.094,2,16,0.944375,16,0.944375
"99SZyjVxEeW6RApRXdjJPw",142a283e1bc6a30a1e5afcbfef01b8d18952177f,2016-06-21 17:06:01.565,2,16,0.941852,16,0.941852
"99SZyjVxEeW6RApRXdjJPw",86d2160344cc09988fb7f7b5984f36247fcb786b,2016-05-02 16:21:22.784,2,16,0.97762,16,0.97762
"99SZyjVxEeW6RApRXdjJPw",8aa78bb596a9274e0fba2ad4d8134ef8fe3b9fd8,2016-03-29 12:32:51.008,0,1,0.095,1,0.095
"99SZyjVxEeW6RApRXdjJPw",e9c4e81bb725d2c75e0b6d39c683f421e82da69c,2016-04-28 11:39:04.433,2,16,0.984615,16,0.984615
"99SZyjVxEeW6RApRXdjJPw",c2b759be61740d3e0f9131beffcd1b184139ddb2,2016-04-18 21:36:18.202,2,16,0.965,16,0.965
"99SZyjVxEeW6RApRXdjJPw",85a0d832e74b42319d1e91e3af7680062b77b3f6,2016-06-22 00:01:13.248,2,16,0.954451,16,0.954451
"99SZyjVxEeW6RApRXdjJPw",936a1d254f92337caf160e6661d9f6e09e2e3e08,2016-03-31 05:21:16.299,0,1,0.085,1,0.085
"99SZyjVxEeW6RApRXdjJPw",a85d35333954d1343bffc5cb1e70d4ffffa3fbc8,2016-05-02 13:15:31.061,2,16,0.922393,16,0.922393
"99SZyjVxEeW6RApRXdjJPw",15bb93867552e638b8dca7ee196f3f0c3d3ec56b,2016-05-03 19:41:36.885,2,16,0.920606,16,0.920606
"99SZyjVxEeW6RApRXdjJPw",d806cc1d0991535e9aa445c49a31de32b49227f1,2016-06-20 06:20:10.135,2,16,0.918905,16,0.918905
"99SZyjVxEeW6RApRXdjJPw",f8cadaaeea66885d12ed2b53994c859769cfddb8,2016-05-02 14:37:43.881,2,16,0.965,16,0.965
"99SZyjVxEeW6RApRXdjJPw",e01e9e724f6fc69617ab2e0a807e2aae71cc6018,2016-05-04 00:40:15.34,2,16,0.97875,16,0.97875
"99SZyjVxEeW6RApRXdjJPw",f85ad44bc4c82b487db03c2d0e809c08d601c6bc,2016-04-27 09:56:42.202,2,16,0.942929,16,0.942929
"99SZyjVxEeW6RApRXdjJPw",82bbe869039ad152bcb769f4d6872095ac8ab0e3,2016-05-23 21:05:59.027,0,4,0.295,4,0.295
"99SZyjVxEeW6RApRXdjJPw",cdbc1f35f07f3752dc3041213b44f7603a41c893,2016-06-26 19:37:23.635,2,16,0.928138,16,0.928138
"99SZyjVxEeW6RApRXdjJPw",cc699548a07cbd78208d298edde48bfc235496b7,2016-06-30 07:43:15.043,2,16,0.880552,16,0.880552
"99SZyjVxEeW6RApRXdjJPw",2b75ca92878f940cc7418d90f1618e8bec429feb,2016-07-04 14:47:35.971,2,16,0.9425,16,0.9425
"99SZyjVxEeW6RApRXdjJPw",c9aa12b33c5f15cc0be59b76338139c40fe7be89,2016-05-02 05:09:35.623,2,16,0.979347,16,0.979347
"99SZyjVxEeW6RApRXdjJPw",9a30559a048a4b593ef25ac2ceb336fb24cece96,2016-06-01 00:06:28.076,2,16,0.960069,16,0.960069
"99SZyjVxEeW6RApRXdjJPw",326be5991f17872b19124ea4033821f8f99ad785,2016-04-26 15:32:44.902,2,16,0.960479,16,0.960479
"99SZyjVxEeW6RApRXdjJPw",dbe2ec57e6060edc7e5c21f837f1e7ae047039b5,2016-06-23 07:32:34.621,2,16,0.982292,16,0.982292
"99SZyjVxEeW6RApRXdjJPw",f17e47f89d99e3f921032249145d3eb9151203c0,2016-06-20 19:19:18.955,2,16,0.937232,16,0.937232
"99SZyjVxEeW6RApRXdjJPw",5e9fa3f8af0421342171277fd26d50de80614eb9,2016-05-05 09:39:21.252,2,16,0.967661,16,0.967661
"99SZyjVxEeW6RApRXdjJPw",c03e0e6495181274757fdd973cd58d7a371d8db7,2016-04-26 20:00:31.159,2,16,0.99,16,0.99
"99SZyjVxEeW6RApRXdjJPw",159b43d8fa1adc1b60e62e03f0baf33ba457fac3,2016-06-22 03:31:49.971,2,16,0.950086,16,0.950086
"99SZyjVxEeW6RApRXdjJPw",a28a6e2b9cb503d845a860ac856c652c9cdf906e,2016-06-18 22:34:57.468,2,16,0.945568,16,0.945568
"99SZyjVxEeW6RApRXdjJPw",6dbbc8d2e7b7e93cd86b1de6a8b443939f9417fa,2016-04-25 21:01:18.719,2,16,0.972576,16,0.972576
"99SZyjVxEeW6RApRXdjJPw",cca39f7e857a1bf01da8be547a18dbab73e66066,2016-06-15 03:18:28.131,2,16,0.981667,16,0.981667
"99SZyjVxEeW6RApRXdjJPw",9a3934082162459a8c71d39ef4998399f12dae8e,2016-04-12 15:03:16.022,2,16,1,16,1
"99SZyjVxEeW6RApRXdjJPw",2db41a729996aa8659656456ebb567dad4dbc0ba,2016-04-04 17:26:33.588,2,16,0.98,16,0.98
"99SZyjVxEeW6RApRXdjJPw",5e7a0a25d7ddde8880726437f638d28dca4f7adb,2016-04-27 12:25:23.068,2,16,0.991875,16,0.991875
"99SZyjVxEeW6RApRXdjJPw",6bae2fe191c305702be8fcb882eb15afaef28e93,2016-05-02 21:13:46.776,2,16,0.956465,16,0.956465
"99SZyjVxEeW6RApRXdjJPw",d82353cfd460cf57ab6534414b6486d123a9eda1,2016-05-02 20:45:35.33,2,16,0.98,16,0.98
"99SZyjVxEeW6RApRXdjJPw",12b97540b00398693cd696f316df2144f0cbf5a7,2016-04-23 23:11:44.392,2,16,0.960839,16,0.960839
"99SZyjVxEeW6RApRXdjJPw",1940f9060dec70e97fd10ae17882321ecf315f09,2016-05-03 00:40:43.747,2,16,0.971319,16,0.971319
"99SZyjVxEeW6RApRXdjJPw",2400af515794929e2e1ec5559165a4eb153114ef,2016-06-08 07:08:54.291,0,2,0.145,2,0.145
"99SZyjVxEeW6RApRXdjJPw",f7ba67bb7d8b2b6d4c58742b69c2bb7a9d2f031c,2016-04-25 22:42:46.221,2,16,0.963889,16,0.963889
"99SZyjVxEeW6RApRXdjJPw",e4351872927b7008e8a9872365139787ce391e08,2016-06-26 18:05:40.701,2,16,0.967576,16,0.967576
"99SZyjVxEeW6RApRXdjJPw",995b51c547f171a9df4b975bfa2794dde1503604,2016-05-01 12:40:33.755,2,16,0.987308,16,0.987308
"99SZyjVxEeW6RApRXdjJPw",dd549becce06db339b45c5693df2565dca1c7017,2016-04-27 14:32:57.012,2,16,0.96899,16,0.96899
"99SZyjVxEeW6RApRXdjJPw",96fea8a0fb1efca601271ca60c3aee135071a271,2016-04-29 21:37:37.076,2,16,0.979615,16,0.979615
"99SZyjVxEeW6RApRXdjJPw",7305d96dd0b45436606f21a37ccbcf5919063019,2016-06-28 00:34:05.656,2,16,0.946604,16,0.946604
"99SZyjVxEeW6RApRXdjJPw",ff0610a88450e3c20b37dbced45083d458ffa86c,2016-05-02 14:48:23.675,2,16,0.975972,16,0.975972
"99SZyjVxEeW6RApRXdjJPw",5633dab4f2f8877c164c628bd2b5b80a4d0bf59c,2016-04-29 13:10:09.616,2,16,0.954444,16,0.954444
"99SZyjVxEeW6RApRXdjJPw",e4d648245dd16ea8065be865f2741bb64f4ba5f2,2016-04-02 08:25:40.379,0,2,0.18,2,0.18
"99SZyjVxEeW6RApRXdjJPw",447b607910982ca9fc483bf7e557eca3e43fad74,2016-04-18 18:18:46.295,2,16,0.935465,16,0.935465
"99SZyjVxEeW6RApRXdjJPw",2b3a1936f413a597656aa035b05f869614ad3c2b,2016-04-10 15:55:05.799,0,3,0.24,3,0.24
"99SZyjVxEeW6RApRXdjJPw",fc967bca946df789269c9001546c9701c73ba25b,2016-04-22 23:11:09.591,2,16,0.99,16,0.99
"99SZyjVxEeW6RApRXdjJPw",18a5e436827ee9f5793b783970e8efe56c01c10c,2016-06-08 03:43:41.433,0,6,0.453333,6,0.453333
"99SZyjVxEeW6RApRXdjJPw",ca7de99ce566abe0ee4b427e163da538d47a51fb,2016-04-27 06:27:12.689,2,16,0.98375,16,0.98375
"99SZyjVxEeW6RApRXdjJPw",c42fd8b2773f70e5d5ca4f535c16c9cb68e95415,2016-08-02 16:36:41.02,0,,0.03,,0.03
"99SZyjVxEeW6RApRXdjJPw",c3a3253718a3524fe540ad3bcb463559b9e9ca4c,2016-04-19 08:33:19.942,2,16,0.99,16,0.99
"99SZyjVxEeW6RApRXdjJPw",3d7f86594f7b35ed4e1dbc74e8f34ce848a12299,2016-04-28 21:10:04.464,2,16,1,16,1
"99SZyjVxEeW6RApRXdjJPw",e8170f005794f144014f213e6cde1be933412528,2016-04-21 16:44:31.991,2,16,0.98875,16,0.98875
"99SZyjVxEeW6RApRXdjJPw",c44ec831c035bcf226d2e0ee3f35ff688720c5dc,2016-04-24 17:53:24.781,0,13,0.753895,12,0.703895
"99SZyjVxEeW6RApRXdjJPw",af8910869ea8d7ec07e65ffd0bc24ac9150dbbd6,2016-06-28 13:06:01.383,2,16,0.978437,16,0.978437
"99SZyjVxEeW6RApRXdjJPw",d31fd5b7c0a272e54f5733bcea0eeaeadbec88da,2016-07-28 23:17:52.384,0,1,0.104,1,0.104
"99SZyjVxEeW6RApRXdjJPw",8b873b78a9ef4506bf73f2ae8ba3034c9be5ad70,2016-04-30 19:16:05.59,2,16,1,16,1
"99SZyjVxEeW6RApRXdjJPw",6459cdd95361c0e8fef6d3e65b9eab1ce6c7501a,2016-05-09 06:11:56.38,2,16,0.957576,16,0.957576
"99SZyjVxEeW6RApRXdjJPw",e8d55991db7acfe07d800a679c11098364f2a57e,2016-05-03 14:36:08.655,2,16,1,16,1
"99SZyjVxEeW6RApRXdjJPw",27d56d20a36e5133b485bd4d08c0e77022b729d7,2016-04-28 07:38:11.499,2,16,0.953529,16,0.953529
"99SZyjVxEeW6RApRXdjJPw",e4dc38ba3b642cbeb71fa9b7688bf81c1a6d884b,2016-04-29 22:06:23.116,2,16,0.953409,16,0.953409
"99SZyjVxEeW6RApRXdjJPw",6454550d89fd84535741bca1d187d7759c809709,2016-05-02 12:45:14.539,2,16,0.977986,16,0.977986
"99SZyjVxEeW6RApRXdjJPw",072bdb455307368502c629f1afd22930b4359aad,2016-04-30 16:10:47.229,2,16,0.966875,16,0.966875
"99SZyjVxEeW6RApRXdjJPw",a93c05e4cf11b387f3dd7351b9807ae2380f1560,2016-06-27 06:06:01.311,2,16,0.96625,16,0.96625
"99SZyjVxEeW6RApRXdjJPw",8ca1e74a05e5cda63c4aef04e43bbcc741985189,2016-04-28 07:38:11.557,2,16,0.979615,16,0.979615
"99SZyjVxEeW6RApRXdjJPw",c8fbbc270642ceecd80b69990948cd93bf8e3e1e,2016-06-11 06:08:44.649,2,16,0.985,16,0.985
"99SZyjVxEeW6RApRXdjJPw",254f78a6f8b15285121141a81ee08c18d1c90fce,2016-04-27 13:59:25.667,2,16,1,16,1
"99SZyjVxEeW6RApRXdjJPw",f0dd9fe2b626b165e762d2e15c07e154664db43a,2016-05-03 17:19:08.778,2,16,0.962933,16,0.962933
"99SZyjVxEeW6RApRXdjJPw",4482ce0d085245530602ca97f1c255ecb83a8c8f,2016-04-29 18:00:33.159,2,16,0.937027,16,0.937027
"99SZyjVxEeW6RApRXdjJPw",4f9e966ade3f31bf7d6d2274d0cd6090a217283d,2016-06-19 12:05:34.131,2,16,0.985,16,0.985
"99SZyjVxEeW6RApRXdjJPw",c2f428ed27e20c288dacbac3d4f2ea92b2dfdf86,2016-04-21 06:11:00.245,2,16,0.964536,16,0.964536
"99SZyjVxEeW6RApRXdjJPw",dcc127061ac9a3ba88d7db8761d4c8fc04c499d8,2016-04-28 20:40:05.326,2,16,0.955,16,0.955
"99SZyjVxEeW6RApRXdjJPw",f2884f73585f9123b4e86799d19da86c1690b3e2,2016-04-11 20:22:05.597,2,16,0.974904,16,0.974904
"99SZyjVxEeW6RApRXdjJPw",eb1d4c5a068a06753d9cbac669f48bd3b2e9daa4,2016-04-28 22:36:44.683,2,16,0.989444,16,0.989444
"99SZyjVxEeW6RApRXdjJPw",49ab6a5e3b09c8e7144bf977606b940dee2d7c00,2016-05-01 20:14:03.148,2,16,0.945294,16,0.945294
"99SZyjVxEeW6RApRXdjJPw",83a3fff5c55de805668edc0a2e3228256c71f048,2016-06-27 00:34:17.883,2,16,0.924196,16,0.924196
"99SZyjVxEeW6RApRXdjJPw",fbf2248b24556411d5049998b0b21d0ac51122f9,2016-04-30 20:39:28.481,2,16,0.949328,16,0.949328
"99SZyjVxEeW6RApRXdjJPw",459c800d999abfdae3173ef170fed9749c20fff8,2016-05-03 14:51:01.394,2,16,0.978194,16,0.978194
"99SZyjVxEeW6RApRXdjJPw",d69667e27a59521ac28a1511f7657d001fa24642,2016-08-07 16:40:39.616,0,,0.03,,0.03
"99SZyjVxEeW6RApRXdjJPw",b1c79acecc9123d7bd4bd3d1744ef3ac8882b3f7,2016-05-03 14:44:27.954,2,16,0.970444,16,0.970444
"99SZyjVxEeW6RApRXdjJPw",39ca7dff49b6caf10c7b9f045b492f73d5b94b3b,2016-04-12 00:20:06.476,2,16,0.99,16,0.99
"99SZyjVxEeW6RApRXdjJPw",252350153c89bca1057570f948125cf67ef83cd9,2016-06-27 18:46:28.374,2,16,0.95202,16,0.95202
"99SZyjVxEeW6RApRXdjJPw",b78f2c3f5d36898a5d73314bb2f4798602a104a8,2016-04-12 00:20:06.435,2,16,1,16,1
"99SZyjVxEeW6RApRXdjJPw",5e9942b41ca4975db3eb86d929bc751ef3ef0ea3,2016-05-21 02:28:29.878,0,1,0.095,1,0.095
"99SZyjVxEeW6RApRXdjJPw",070be74484df9ba1ca612618c7b6f68c807ac339,2016-04-16 11:27:13.628,2,16,0.99,16,0.99
"99SZyjVxEeW6RApRXdjJPw",153937de4e47a90eb5816aa1666cc0fc9b8bb277,2016-04-23 11:37:41.348,2,16,0.972661,16,0.972661
"99SZyjVxEeW6RApRXdjJPw",7d8a84e8e3d19dcdbe344c374ef7b8c81805c8d7,2016-04-15 08:29:12.489,2,16,1,16,1
"99SZyjVxEeW6RApRXdjJPw",e0f436414956e6c96d19ac1410331273b334bdf2,2016-04-26 15:18:36.699,2,16,0.981667,16,0.981667
"99SZyjVxEeW6RApRXdjJPw",80791a799af6883140d6f4f26a59236d0249ab10,2016-04-30 23:36:02.148,2,16,0.971319,16,0.971319
"99SZyjVxEeW6RApRXdjJPw",467ee24d32fdeb0e0efc9a1bf5e25a397e236d84,2016-04-04 23:27:49.562,2,16,0.97375,16,0.97375
"99SZyjVxEeW6RApRXdjJPw",11132d7a81620ee3a8313593903b901a324cff79,2016-04-11 15:56:15.671,0,9,0.585,9,0.585
"99SZyjVxEeW6RApRXdjJPw",58dbf9ecd9e27fb7675d7ea1cec2ad92ea234c80,2016-04-24 11:43:56.666,2,16,0.984615,16,0.984615
"99SZyjVxEeW6RApRXdjJPw",e2fa3f35193546ec8a2108f3ec181517afabe343,2016-05-01 22:13:05.138,2,16,0.974183,16,0.974183
"99SZyjVxEeW6RApRXdjJPw",5f372822bde00ff75e41e3896ecffba8c0972564,2016-06-13 23:15:47.066,2,16,0.984732,16,0.984732
"99SZyjVxEeW6RApRXdjJPw",47ea21ec6acd41ca9eef2ed6ac656a256b3f127a,2016-04-12 00:20:06.474,2,16,0.974444,16,0.974444
"99SZyjVxEeW6RApRXdjJPw",acbbf6efc0cd2246add3d51a6f9acb32711159a9,2016-05-01 09:37:05.038,2,16,0.972308,16,0.972308
"99SZyjVxEeW6RApRXdjJPw",1d3f29bbcd8c710d3f6506b4bfd71c999c498187,2016-06-27 07:34:13.577,2,16,1,16,1
"99SZyjVxEeW6RApRXdjJPw",62046a511104f4fe9e818d5e68aedadfe050908b,2016-05-04 00:10:14.794,2,16,0.957661,16,0.957661
"99SZyjVxEeW6RApRXdjJPw",098bcf62d35c28e834cfc38bf55106945affc400,2016-04-28 07:38:10.85,2,16,0.951367,16,0.951367
"99SZyjVxEeW6RApRXdjJPw",cad2ec25fe1ea118a27c411f6bfd318a0a15f577,2016-07-26 01:40:43.283,0,,0.12,,0.12
"99SZyjVxEeW6RApRXdjJPw",0e6b973562d06ce0130b4db5d2b5771dc5bcf6f2,2016-06-22 18:05:36.961,2,16,0.9725,16,0.9725
"99SZyjVxEeW6RApRXdjJPw",31baa7dc19ac6b7fe34f1e5e43b9170b1ada0125,2016-04-12 21:21:26.682,2,16,1,16,1
"99SZyjVxEeW6RApRXdjJPw",03278679a55642fb2607b90d0883ab06c670e1ca,2016-04-28 00:37:08.079,2,16,0.99,16,0.99
"99SZyjVxEeW6RApRXdjJPw",c855191bf9a40d8d2fd5cca19de6eddcd376041b,2016-04-25 11:33:10.612,2,16,0.969599,16,0.969599
"99SZyjVxEeW6RApRXdjJPw",ca53c33627bb44e7351d0d364ea1bfb5a783aa50,2016-06-16 16:17:02.513,2,16,0.952718,16,0.952718
"99SZyjVxEeW6RApRXdjJPw",60013271f309814db663b3eebf3693a59edd6626,2016-04-15 14:48:39.21,0,15,0.95,15,0.95
"99SZyjVxEeW6RApRXdjJPw",7032ce6d8131811c2033bb39e7ce2f3415738068,2016-04-12 21:21:26.726,2,16,1,16,1
"99SZyjVxEeW6RApRXdjJPw",b433588633b56a3c3070f310754af809848933c5,2016-06-10 04:09:51.79,2,16,0.969444,16,0.969444
"99SZyjVxEeW6RApRXdjJPw",8907b78089b124bcde3758c7a61790841c59f8f4,2016-06-16 16:09:33.411,2,16,1,16,1
"99SZyjVxEeW6RApRXdjJPw",7e410e925e0f96a78191c45e285c64710b3c9561,2016-06-23 12:52:25.721,0,,0.03,,0.03
"99SZyjVxEeW6RApRXdjJPw",60dcb52274bd704b6e2dedd3d057fd8861365307,2016-07-11 18:02:07.834,0,,0.03,,0.03
"99SZyjVxEeW6RApRXdjJPw",1c9d18f62383dd452fda9ffb7a5d1ba07b0207d6,2016-06-23 07:32:34.297,2,16,0.955739,16,0.955739
"99SZyjVxEeW6RApRXdjJPw",b84dbc0d67a133dfa7b41f4432791e8b5cee5957,2016-06-26 16:34:28.423,2,16,0.99,16,0.99
"99SZyjVxEeW6RApRXdjJPw",11fe6eccb2204364a469ebee95d2f1709b9c3bbd,2016-06-27 21:09:33.017,2,16,0.985,16,0.985
"99SZyjVxEeW6RApRXdjJPw",d032bf361adcee0d0b83a56ba4dd19675ead88eb,2016-06-08 17:26:45.959,2,16,0.952302,16,0.952302
"99SZyjVxEeW6RApRXdjJPw",c968eddff46339ade9e3d41a0a289b0913125ecd,2016-06-12 13:46:12.494,2,16,0.98,16,0.98
"99SZyjVxEeW6RApRXdjJPw",4b48063f092dbd47f5cf1e6af909ca4adec3469e,2016-04-23 16:17:36.553,2,16,0.959183,16,0.959183
"99SZyjVxEeW6RApRXdjJPw",e0b3d301e717361fe8f3ab9bd9936d23e56f937a,2016-04-04 01:23:11.119,2,16,1,16,1
"99SZyjVxEeW6RApRXdjJPw",8324a67b9e2d449dcefe9285d0086adf7735156f,2016-06-28 12:43:15.477,2,16,0.939107,16,0.939107
"99SZyjVxEeW6RApRXdjJPw",46cacea2f00c295ccb482d6c428772aedc6dd085,2016-04-26 21:28:53.385,2,16,0.951364,16,0.951364
"99SZyjVxEeW6RApRXdjJPw",b2db50bfc3fa5c197b3166aa801450d394f9ae4d,2016-06-24 21:32:18.637,2,16,0.981534,16,0.981534
"99SZyjVxEeW6RApRXdjJPw",50e2fb7791bee7fadb8a5e14dd398ebf39fbd0e7,2016-06-09 07:56:51.799,0,7,0.467576,7,0.467576
"99SZyjVxEeW6RApRXdjJPw",5910baa1ea83bfad84015f3b8b14b732221bd65b,2016-04-22 17:48:13.357,2,16,0.946197,16,0.946197
"99SZyjVxEeW6RApRXdjJPw",0bc34ffd854469b25b048a79bd827d10e798bcb2,2016-04-20 02:12:28.702,2,16,0.981875,16,0.981875
"99SZyjVxEeW6RApRXdjJPw",125a822976e37c83488d047ad3f52cf95f7d417e,2016-06-29 14:59:07.283,2,16,0.985,16,0.985
"99SZyjVxEeW6RApRXdjJPw",ea6c910e072512f19431c11c8f468f7370b2319c,2016-06-22 02:02:48.655,2,16,0.956752,16,0.956752
"99SZyjVxEeW6RApRXdjJPw",cd4f16d87b833f5a284b9e7e1a3c292576ce37e6,2016-06-24 04:32:49.614,2,16,0.959659,16,0.959659
"99SZyjVxEeW6RApRXdjJPw",63dc2ee7b3c79e923227171d57bf06119d9534ec,2016-07-10 15:15:38.738,0,,0.13,,0.13
"99SZyjVxEeW6RApRXdjJPw",0ddb08231761255a6e826ad91d591cbd731388a4,2016-06-25 16:21:34.759,2,16,0.986875,16,0.986875
"99SZyjVxEeW6RApRXdjJPw",c1a7fca426dee9d2bec7b5624ce899b1e5f0f689,2016-06-23 04:54:07.951,0,,0.03,,0.03
"99SZyjVxEeW6RApRXdjJPw",ef3d2984ea2b4dcec934c4dd42d8682290e17c05,2016-06-20 13:28:50.178,2,16,1,16,1
"99SZyjVxEeW6RApRXdjJPw",3b90ef934eca1e83db5c2351bff1b7aec4edf179,2016-07-11 09:06:53.577,0,0,0.03,0,0.03
"99SZyjVxEeW6RApRXdjJPw",40ccca9a2d11ca1b0229ad16933aafcd920a6975,2016-07-04 14:41:13.779,0,13,0.7525,13,0.7525
"99SZyjVxEeW6RApRXdjJPw",2abd343780b17a7dd4dba4cefda8cb5379d9226d,2016-06-21 19:35:00.758,2,16,0.985,16,0.985
"99SZyjVxEeW6RApRXdjJPw",232f3fd54dc495a25bd6bb3022d4908dc1d60683,2016-06-24 20:32:46.687,1,16,0.922394,15,0.907394
"99SZyjVxEeW6RApRXdjJPw",6d66d0f7d303dea72753fa4b4eb41b49f7b73e58,2016-06-10 03:10:20.946,2,16,0.944325,16,0.944325
"99SZyjVxEeW6RApRXdjJPw",1a3ad417e1e035842c587abb969c005e2b8709ca,2016-08-02 11:26:41.733,0,,0.03,,0.03
"99SZyjVxEeW6RApRXdjJPw",0322785fcd6bce30310947b63dea52bfe4a6cbf8,2016-06-30 17:14:40.013,0,,0.03,,0.03
"99SZyjVxEeW6RApRXdjJPw",09d11e71b5970cae5f0825a16005ec99163688c0,2016-07-16 19:37:39.412,0,,0.03,,0.03
