course_id,course_item_id,ualberta_user_id,course_quiz_grade_ts,course_quiz_grade,course_quiz_max_grade
"99SZyjVxEeW6RApRXdjJPw","gTqXT",c47967e59da55dbf1c33766a49412288e90ea26e,2016-06-29 17:31:42.971,5,5
"99SZyjVxEeW6RApRXdjJPw","gTqXT",c74126426878669680ae94864f9acc9b0aeb8923,2016-06-01 15:08:32.781,5,5
"99SZyjVxEeW6RApRXdjJPw","gTqXT",ca9134e7cc214468ba9ef64cbe40a5924f4660a6,2016-08-01 19:22:02.646,5,5
"99SZyjVxEeW6RApRXdjJPw","gTqXT",fdac9a5b4dad8e3d0f3ec913d2cb696567b5cc24,2016-07-26 22:33:16.96,5,5
"99SZyjVxEeW6RApRXdjJPw","gTqXT",acae244a5415df23ad0123d67b2579776b3ba7fe,2016-07-10 04:33:57.402,5,5
"99SZyjVxEeW6RApRXdjJPw","gTqXT",48755774475689d4adac7e038a34b03c1bdb20bb,2016-06-18 20:55:50.772,5,5
"99SZyjVxEeW6RApRXdjJPw","gTqXT",b095d32484fdb21fe11db205eb33d9f260e18944,2016-07-06 06:46:21.907,5,5
"99SZyjVxEeW6RApRXdjJPw","gTqXT",308cd969a12fc5cbda2cf42c61a129ad4806a55b,2016-06-07 15:03:03.855,5,5
"99SZyjVxEeW6RApRXdjJPw","gTqXT",d586439f377bcbe03e6b5b21aabe2520bf5b3dd6,2016-06-10 05:44:18.882,5,5
"99SZyjVxEeW6RApRXdjJPw","gTqXT",f13f5682b8b5bd71c9ecb137ff03dc163d3891e4,2016-08-04 16:00:57.097,5,5
"99SZyjVxEeW6RApRXdjJPw","gTqXT",afd7d9a6a46c6df446e8e64c1f2f7430f82ac5f7,2016-06-23 02:11:33.821,5,5
"99SZyjVxEeW6RApRXdjJPw","gTqXT",cb8c83a4725dcd6ab6933dfde49bda2d9baf52c0,2016-06-08 16:57:37.703,5,5
"99SZyjVxEeW6RApRXdjJPw","gTqXT",bd7c048a03e25e41c7ea7978d60248f2d61a8cae,2016-06-16 00:58:38.386,5,5
"99SZyjVxEeW6RApRXdjJPw","gTqXT",5bdb28d25eed6b2bf74f0a69f2e13a69be652eb4,2016-07-15 05:54:19.102,5,5
"99SZyjVxEeW6RApRXdjJPw","gTqXT",ce281ec4ccb5cc0cc1fcce0f2fd89c86370d392d,2016-06-21 16:06:40.994,5,5
"99SZyjVxEeW6RApRXdjJPw","gTqXT",19fb44e295f7659b87e6b4dd25c8f045be19cc40,2016-07-10 05:52:28.32,5,5
"99SZyjVxEeW6RApRXdjJPw","gTqXT",f88b2b4f1fe8ae48781502aedcbf63a7db0a9af3,2016-06-22 21:10:21.982,5,5
"99SZyjVxEeW6RApRXdjJPw","gTqXT",fed20c5bcba0fe4d2879bd00599b3d585def16da,2016-06-18 05:36:25.93,5,5
"99SZyjVxEeW6RApRXdjJPw","gTqXT",ebc0274138fc0b8514d59e112bc735ae9521e5d6,2016-07-05 16:24:53.713,5,5
"99SZyjVxEeW6RApRXdjJPw","gTqXT",1992da99878f7df15dfb2d75d6fd9ff99d26d0b8,2016-07-23 19:56:42.452,5,5
"99SZyjVxEeW6RApRXdjJPw","gTqXT",20079152e99a67c222ec6f97d65142ff3d898a26,2016-07-03 09:40:01.619,5,5
"99SZyjVxEeW6RApRXdjJPw","gTqXT",b28912e783ffafb22501c685fa381e6bf1e35b3d,2016-07-30 03:45:08.967,5,5
"99SZyjVxEeW6RApRXdjJPw","gTqXT",dd890c2b4e7f96fee01a0a9ffe2537cbc7d8b9bb,2016-08-02 17:47:04.741,5,5
"99SZyjVxEeW6RApRXdjJPw","gTqXT",77546b39a0073b6691fda0c4e5850f0ee708d39d,2016-07-20 14:33:49.201,5,5
"99SZyjVxEeW6RApRXdjJPw","gTqXT",090bd9a1233d39e2537d665b7ad6cf91821529e4,2016-07-10 15:19:43.624,5,5
"99SZyjVxEeW6RApRXdjJPw","gTqXT",c42fd8b2773f70e5d5ca4f535c16c9cb68e95415,2016-08-02 16:36:40.968,5,5
"99SZyjVxEeW6RApRXdjJPw","gTqXT",d31fd5b7c0a272e54f5733bcea0eeaeadbec88da,2016-07-28 23:17:52.367,4,5
"99SZyjVxEeW6RApRXdjJPw","gTqXT",d69667e27a59521ac28a1511f7657d001fa24642,2016-08-07 16:40:39.572,5,5
"99SZyjVxEeW6RApRXdjJPw","gTqXT",cad2ec25fe1ea118a27c411f6bfd318a0a15f577,2016-07-06 02:42:22.742,5,5
"99SZyjVxEeW6RApRXdjJPw","gTqXT",7e410e925e0f96a78191c45e285c64710b3c9561,2016-06-23 12:52:25.673,5,5
"99SZyjVxEeW6RApRXdjJPw","gTqXT",60dcb52274bd704b6e2dedd3d057fd8861365307,2016-07-11 18:02:07.77,5,5
"99SZyjVxEeW6RApRXdjJPw","gTqXT",63dc2ee7b3c79e923227171d57bf06119d9534ec,2016-06-26 20:21:21.421,5,5
"99SZyjVxEeW6RApRXdjJPw","gTqXT",c1a7fca426dee9d2bec7b5624ce899b1e5f0f689,2016-06-23 04:54:07.947,5,5
"99SZyjVxEeW6RApRXdjJPw","gTqXT",3b90ef934eca1e83db5c2351bff1b7aec4edf179,2016-07-11 09:06:53.42,5,5
"99SZyjVxEeW6RApRXdjJPw","gTqXT",40ccca9a2d11ca1b0229ad16933aafcd920a6975,2016-07-06 09:20:25.492,5,5
"99SZyjVxEeW6RApRXdjJPw","gTqXT",1a3ad417e1e035842c587abb969c005e2b8709ca,2016-08-02 11:26:41.686,5,5
"99SZyjVxEeW6RApRXdjJPw","gTqXT",0322785fcd6bce30310947b63dea52bfe4a6cbf8,2016-06-30 17:14:40.003,5,5
"99SZyjVxEeW6RApRXdjJPw","gTqXT",09d11e71b5970cae5f0825a16005ec99163688c0,2016-07-16 19:37:39.404,5,5
"99SZyjVxEeW6RApRXdjJPw","vG7i3",5ce2c7ef0c2630e2d41b2615b4084de92595d187,2016-04-10 23:52:52.322,9,10
"99SZyjVxEeW6RApRXdjJPw","vG7i3",d8a96c51a53783886927c4050451204728ca4c9d,2016-04-11 05:54:29.242,10,10
"99SZyjVxEeW6RApRXdjJPw","vG7i3",777f4e3a325c607a52b2102e691e017edb9fc42d,2016-04-10 07:16:39.729,10,10
"99SZyjVxEeW6RApRXdjJPw","vG7i3",057631466ff9b6b7b8f6ee75daedb83ca58da2cf,2016-06-04 04:31:25.754,10,10
"99SZyjVxEeW6RApRXdjJPw","vG7i3",1be075e41de282dd75ad4d409fb29abcf3abd736,2016-04-08 22:32:06.722,10,10
"99SZyjVxEeW6RApRXdjJPw","vG7i3",756b74e0dc9730f94352c55611fe19389b3345d4,2016-04-06 06:33:04.808,9,10
"99SZyjVxEeW6RApRXdjJPw","vG7i3",3b090f04fb27885686db80b32453ca1b12472942,2016-04-10 19:58:25.385,10,10
"99SZyjVxEeW6RApRXdjJPw","vG7i3",97956fa66f22bb79c9505e3fc89900173a43fd8a,2016-04-05 19:43:19.01,10,10
"99SZyjVxEeW6RApRXdjJPw","vG7i3",2e4ba1ecde1e67e2dca2296e2f877c0c2aa06716,2016-03-28 02:03:15.674,10,10
"99SZyjVxEeW6RApRXdjJPw","vG7i3",d86680e133d33cae702d37f676970faf415863a1,2016-04-02 11:49:55.889,10,10
"99SZyjVxEeW6RApRXdjJPw","vG7i3",3522c2cef63ab4ab26187e1f78edec1a0580c6ed,2016-04-06 17:47:56.053,8,10
"99SZyjVxEeW6RApRXdjJPw","vG7i3",31bac1305f17903d98439faff8504e9eb4c0d475,2016-04-01 07:07:23.541,10,10
"99SZyjVxEeW6RApRXdjJPw","vG7i3",02b1d15e1376bb0ef25e693d87780c107bf4c9c2,2016-04-10 23:38:19.452,10,10
"99SZyjVxEeW6RApRXdjJPw","vG7i3",ef38d7bbc605b61716631c4b583f6a368b79e013,2016-04-05 13:42:09.067,10,10
"99SZyjVxEeW6RApRXdjJPw","vG7i3",9e9b1462050b892a46ff700e5b80ae1a6c263534,2016-04-08 09:38:41.537,8,10
"99SZyjVxEeW6RApRXdjJPw","vG7i3",160b799580ac522b4822ef5653f60ac55928a1c1,2016-04-05 00:42:02.452,10,10
"99SZyjVxEeW6RApRXdjJPw","vG7i3",cbdfca6502cfe388050209d6085e18d12af01126,2016-04-03 15:13:32.435,10,10
"99SZyjVxEeW6RApRXdjJPw","vG7i3",a0a13bdcc7b54b36b4e38c91591fc308a1a3cde3,2016-06-11 11:42:46.582,10,10
"99SZyjVxEeW6RApRXdjJPw","vG7i3",a728b874edff530fdadd77e1a0bd7782230b744c,2016-04-05 17:02:16.865,10,10
"99SZyjVxEeW6RApRXdjJPw","vG7i3",684349c730923aed5393d5105c00252266af092f,2016-04-04 19:36:24.912,10,10
"99SZyjVxEeW6RApRXdjJPw","vG7i3",3d16bb1e9b2e2b7fb87e67e157f1f60905affefd,2016-04-06 13:59:27.805,10,10
"99SZyjVxEeW6RApRXdjJPw","vG7i3",7c129e7ad80dc627701e6f68c1b425ea83739567,2016-04-10 03:57:05.278,10,10
"99SZyjVxEeW6RApRXdjJPw","vG7i3",4beb1f1c95a22718afb2d7e8da172aa1c1dd20c6,2016-04-07 16:18:42.66,10,10
"99SZyjVxEeW6RApRXdjJPw","vG7i3",873424d8e1cb490d58ed2995af3c0330bb7760d8,2016-04-03 05:18:34.858,10,10
"99SZyjVxEeW6RApRXdjJPw","vG7i3",6f27c60779f52c9ed9523d90ed6d1ec342924e41,2016-04-11 07:01:42.119,9,10
"99SZyjVxEeW6RApRXdjJPw","vG7i3",611e45e35e3e26f18c09a3df1528bf4fbcc5d6a2,2016-04-10 17:49:02.958,10,10
"99SZyjVxEeW6RApRXdjJPw","vG7i3",89609934d53403acd631b10afbdce778a1ac8c56,2016-06-02 00:19:55.617,10,10
"99SZyjVxEeW6RApRXdjJPw","vG7i3",5ade6fca7613f9f649242416219207e5eadfaf67,2016-04-09 22:49:30.867,8,10
"99SZyjVxEeW6RApRXdjJPw","vG7i3",fb4d3b7c94e51fcc33ced5c076a55dc1e400cd07,2016-05-31 01:00:25.024,10,10
"99SZyjVxEeW6RApRXdjJPw","vG7i3",b02d8840a20f285fec1d1c9cbf80481497fb0dd6,2016-04-07 01:49:29.878,10,10
"99SZyjVxEeW6RApRXdjJPw","vG7i3",3a7bbc59f61b96fce92367ce530b4ee8aa682757,2016-03-31 08:57:01.94,10,10
"99SZyjVxEeW6RApRXdjJPw","vG7i3",9841ac252e036c2cc41e75d79d409eae532ade15,2016-06-04 15:25:26.652,10,10
"99SZyjVxEeW6RApRXdjJPw","vG7i3",f0db58cf9146c992233b3a2dd4210d3160eb0544,2016-04-10 15:44:31.634,10,10
"99SZyjVxEeW6RApRXdjJPw","vG7i3",f6f4b7bd6edf4348c666039d22b9451ec0fe7023,2016-06-06 00:35:14.297,9,10
"99SZyjVxEeW6RApRXdjJPw","vG7i3",14a0ec1d9c8518560ffb1692825aabe62e692e39,2016-04-06 17:37:55.007,9,10
"99SZyjVxEeW6RApRXdjJPw","vG7i3",9ffd7888919dab4a44c4f00712bad45cf8fd0d4d,2016-04-06 12:34:39.621,10,10
"99SZyjVxEeW6RApRXdjJPw","vG7i3",6e96348bfdc55dd5bba4f48d369a2a79472fb652,2016-04-10 23:08:12.832,10,10
"99SZyjVxEeW6RApRXdjJPw","vG7i3",ea92f5358a358a5e19f8ad87e4953c68a9e31f1b,2016-03-25 04:37:21.963,10,10
"99SZyjVxEeW6RApRXdjJPw","vG7i3",2b60abdb9e462a7e919a0a157b1883de87b5afaa,2016-04-06 16:08:01.465,9,10
"99SZyjVxEeW6RApRXdjJPw","vG7i3",6d96514c60abacfc791902a7a83694053ec81307,2016-06-03 21:36:56.643,10,10
"99SZyjVxEeW6RApRXdjJPw","vG7i3",794f2e178f117e94e588771d85757adff34b35d6,2016-04-11 01:37:00.293,10,10
"99SZyjVxEeW6RApRXdjJPw","vG7i3",9844931f519487edb6908149aca757136876219a,2016-03-30 19:47:27.673,10,10
"99SZyjVxEeW6RApRXdjJPw","vG7i3",17786ed0a327e0dd8f0431ed1377081c81236b9e,2016-04-15 20:08:23.909,9,10
"99SZyjVxEeW6RApRXdjJPw","vG7i3",adde4a5aaffb067ab0ee645a1911c219ed0d49a4,2016-04-04 10:54:04.223,10,10
"99SZyjVxEeW6RApRXdjJPw","vG7i3",91320e05ba5e68c8fea7196cb0c691658524b5e8,2016-04-07 23:24:01.783,10,10
"99SZyjVxEeW6RApRXdjJPw","vG7i3",d67fb25119c25f1887a97fa0c6afa5be167d5cdc,2016-06-08 15:30:08.655,10,10
"99SZyjVxEeW6RApRXdjJPw","vG7i3",2d7c424d87fee0bd914ce746efb4e1538f100f0a,2016-04-08 01:27:55.12,10,10
"99SZyjVxEeW6RApRXdjJPw","vG7i3",cdbfad56cd65901abe9e16394dcec34d50e08f8d,2016-04-10 00:15:13.09,10,10
"99SZyjVxEeW6RApRXdjJPw","vG7i3",787261f39333409e37075e9aa4fc94a5d90c46d1,2016-04-05 00:11:10.303,10,10
"99SZyjVxEeW6RApRXdjJPw","vG7i3",7c46cb2efb2b7ce717c351b05ee79f12c8cbd597,2016-04-05 02:06:04.564,10,10
"99SZyjVxEeW6RApRXdjJPw","vG7i3",5ca3947bed068e2b63f5d89cda2fda7bcb54d77f,2016-04-10 22:06:57.194,10,10
"99SZyjVxEeW6RApRXdjJPw","vG7i3",3c54cf715ede0748da9207a33b9aa1020f61d1db,2016-04-09 08:19:46.914,10,10
"99SZyjVxEeW6RApRXdjJPw","vG7i3",103b30863af98ec477796f31fe30249dd2787400,2016-06-05 21:14:25.123,9,10
"99SZyjVxEeW6RApRXdjJPw","vG7i3",5956fe3bdd6c58f371cc4776ddf211ce3b9a1dcc,2016-04-07 07:03:48.767,10,10
"99SZyjVxEeW6RApRXdjJPw","vG7i3",ff66a8968a85e1f119d2e969090025eba37b796c,2016-04-10 11:41:59.217,10,10
"99SZyjVxEeW6RApRXdjJPw","vG7i3",11fba5fd1aa32d27bd911cec14913a0653bb2d78,2016-06-06 01:35:36.16,10,10
"99SZyjVxEeW6RApRXdjJPw","vG7i3",bb545c162e5a5b57956aca5609a6d6a974c16a3e,2016-05-26 16:41:13.246,9,10
"99SZyjVxEeW6RApRXdjJPw","vG7i3",c9a0ffa124406e16c7915789601b71de82b64aaf,2016-03-29 02:50:22.282,10,10
"99SZyjVxEeW6RApRXdjJPw","vG7i3",2672f8d47bac8ab6abd34eac03d9308843432f57,2016-04-01 22:15:49.022,10,10
"99SZyjVxEeW6RApRXdjJPw","vG7i3",26c7b409d1abcd33222a5bda06b0cb8ae0d2af31,2016-04-11 05:16:20.234,10,10
"99SZyjVxEeW6RApRXdjJPw","vG7i3",57205c9ca9f7ebc0cb0b8a309a224018997cb726,2016-05-21 19:20:29.559,10,10
"99SZyjVxEeW6RApRXdjJPw","vG7i3",314f0d627905930c6128f682316d48aad7000792,2016-03-27 22:53:46.433,10,10
"99SZyjVxEeW6RApRXdjJPw","vG7i3",54b8cf05b16509ae54ad882f1e27b5be9621483f,2016-05-28 23:07:24.239,10,10
"99SZyjVxEeW6RApRXdjJPw","vG7i3",d65d2a8efe5901a1947e7fbe0bf00373f87052b3,2016-04-06 11:37:24.303,10,10
"99SZyjVxEeW6RApRXdjJPw","vG7i3",6ae165351122fa780ad30dbd34a5f9d9a6ea0066,2016-04-04 23:31:42.812,10,10
"99SZyjVxEeW6RApRXdjJPw","vG7i3",46b94bac585bc4b5589c2d657b5a16cc9d516108,2016-05-31 04:59:46.57,10,10
"99SZyjVxEeW6RApRXdjJPw","vG7i3",9edfd5bb9260464bc41ae531aca61258cfd7ccaa,2016-06-02 05:48:10.566,10,10
"99SZyjVxEeW6RApRXdjJPw","vG7i3",dce44e5ad024c276ddb5f54b4b83a29f0278b25f,2016-04-06 19:49:29.735,10,10
"99SZyjVxEeW6RApRXdjJPw","vG7i3",00c33da63a7cf14beb0c8957b39fe482123be41c,2016-04-11 21:35:23.035,8,10
"99SZyjVxEeW6RApRXdjJPw","vG7i3",034f36ebd980912aae22b766c52078a0fd754221,2016-04-06 05:10:37.11,10,10
"99SZyjVxEeW6RApRXdjJPw","vG7i3",38bcb39a07a9d00347aefd70262c149d59d30431,2016-04-09 17:56:15.427,10,10
"99SZyjVxEeW6RApRXdjJPw","vG7i3",33b0979591c510b32460adccfe3156e8debda239,2016-06-04 23:12:35.231,10,10
"99SZyjVxEeW6RApRXdjJPw","vG7i3",673ad2e0dd0800fbd9a3c9a494216616000618e7,2016-06-01 23:14:16.346,10,10
"99SZyjVxEeW6RApRXdjJPw","vG7i3",88c27fc8c7799d55c956c3f1568dd34f786bbb4c,2016-04-06 02:40:47.608,10,10
"99SZyjVxEeW6RApRXdjJPw","vG7i3",c5d551da2bc22802ef7990dfe629c5dfa534ef1a,2016-03-27 17:20:46.432,10,10
"99SZyjVxEeW6RApRXdjJPw","vG7i3",3c4b0aace2d326ae4ebb401bbb4ffb2ee4f63bef,2016-04-09 07:47:20.992,10,10
"99SZyjVxEeW6RApRXdjJPw","vG7i3",94d010f86db9e7b3074678d95ee2fadffbe62155,2016-06-01 16:37:23.664,10,10
"99SZyjVxEeW6RApRXdjJPw","vG7i3",b45c1196db5c629e1dac2195e2b6e1100f0bd553,2016-04-06 18:05:40.039,9,10
"99SZyjVxEeW6RApRXdjJPw","vG7i3",e70f2a19d1737a48a2d9b0d9bfd1a30f67eff9e2,2016-04-04 18:28:17.053,10,10
"99SZyjVxEeW6RApRXdjJPw","vG7i3",e14a1fc2065bf777cfe3cdb878df61ab7ce1c210,2016-04-09 17:31:00.495,10,10
"99SZyjVxEeW6RApRXdjJPw","vG7i3",0f3d2157859c5261f7698a028ed3606096e917dc,2016-04-09 17:32:39.945,9,10
"99SZyjVxEeW6RApRXdjJPw","vG7i3",8e3ef4534d360256f5cf798297db38fa6341c149,2016-04-10 06:10:43.076,10,10
"99SZyjVxEeW6RApRXdjJPw","vG7i3",f2751055e2df9fac7fea292bf4d20b65a1ecf1a7,2016-05-30 19:42:06.704,10,10
"99SZyjVxEeW6RApRXdjJPw","vG7i3",a05b858f3181aa314ad0349af8ac822956d02959,2016-04-06 09:54:51.955,9,10
"99SZyjVxEeW6RApRXdjJPw","vG7i3",ad57efd8cc500e2da30815d6b853be492bde9338,2016-04-05 20:52:00.647,10,10
"99SZyjVxEeW6RApRXdjJPw","vG7i3",0035f810529cc356d016ac5697bed2b776a53b0e,2016-06-05 17:21:59.02,10,10
"99SZyjVxEeW6RApRXdjJPw","vG7i3",028f18bbf8cad0a286031c8cae4b53b24ba4967b,2016-04-09 14:18:28.311,10,10
"99SZyjVxEeW6RApRXdjJPw","vG7i3",6a0cf0a09f29b73dc465b0af72c55f5979e3b907,2016-04-10 20:16:25.516,10,10
"99SZyjVxEeW6RApRXdjJPw","vG7i3",a789a6b031ac524bafa83dcf60eac785889eef86,2016-04-03 12:24:10.394,10,10
"99SZyjVxEeW6RApRXdjJPw","vG7i3",6d2fba1f825d377fee20add5847a20394007d001,2016-04-06 19:28:38.569,10,10
"99SZyjVxEeW6RApRXdjJPw","vG7i3",da483d4de5766b999c3cd7f3f868df74e0c0ded5,2016-04-06 18:56:37.634,10,10
"99SZyjVxEeW6RApRXdjJPw","vG7i3",79accfe5fe7bee1ebf6b25308d25e3a64db2a2b2,2016-04-09 13:49:47.055,10,10
"99SZyjVxEeW6RApRXdjJPw","vG7i3",0be2e5fe18bd4c9391a4c024d69ac623ff8edd53,2016-04-05 15:24:58.596,10,10
"99SZyjVxEeW6RApRXdjJPw","vG7i3",b3c737b9019f8c772b0805c9911e5660e2b1d022,2016-06-05 10:20:12.004,10,10
"99SZyjVxEeW6RApRXdjJPw","vG7i3",4e7e4cc00e4d992adff5a0835875c8db10d796e2,2016-04-05 11:03:04.576,10,10
"99SZyjVxEeW6RApRXdjJPw","vG7i3",039e59a33e98a672a6fd7c2d9a4ee0d6ab7de68d,2016-04-04 11:20:47.774,8,10
"99SZyjVxEeW6RApRXdjJPw","vG7i3",fb143d0f4e034d27a4ffa926b95106677587e482,2016-04-18 01:51:03.734,10,10
"99SZyjVxEeW6RApRXdjJPw","vG7i3",f7b5ad225b7f2c23d146776747849b243a229f22,2016-04-09 10:25:00.191,10,10
"99SZyjVxEeW6RApRXdjJPw","vG7i3",a2ce096cffc3cebd183b0da73fa1fa4f147e27eb,2016-05-31 05:38:07.217,9,10
"99SZyjVxEeW6RApRXdjJPw","vG7i3",e43abb6c8c3f1a06e23891e64ce911c763e5e458,2016-04-04 18:44:05.127,9,10
"99SZyjVxEeW6RApRXdjJPw","vG7i3",b57d4a4f4231a0f11577232f88e9cdc28c068856,2016-03-31 01:08:49.714,9,10
"99SZyjVxEeW6RApRXdjJPw","vG7i3",7f2024c3b9d07ac85d7421dab71a386959ccfe13,2016-06-06 13:11:40.10,10,10
"99SZyjVxEeW6RApRXdjJPw","vG7i3",dabd23fd78039a42831b8852a67ee35b3e6fa94c,2016-06-02 13:59:12.844,10,10
"99SZyjVxEeW6RApRXdjJPw","vG7i3",209ee1a82f9b5309e887c27f4cdf25b194e5dd25,2016-04-01 12:52:45.023,10,10
"99SZyjVxEeW6RApRXdjJPw","vG7i3",f2b8a3db7216b1c8b5e49cb9f1777da611c3b463,2016-05-29 22:48:48.34,8,10
"99SZyjVxEeW6RApRXdjJPw","vG7i3",9f5d363a6ade940c6989329f636fd014c2f681ae,2016-05-30 13:38:23.643,10,10
"99SZyjVxEeW6RApRXdjJPw","vG7i3",c096954e3e9d4e40201210d84d216f0231a489be,2016-04-10 18:15:32.981,10,10
"99SZyjVxEeW6RApRXdjJPw","vG7i3",42a90911b0e66039ee2bbb403955fc3cde71d344,2016-06-04 22:26:23.391,10,10
"99SZyjVxEeW6RApRXdjJPw","vG7i3",725608fcdf0af36474763027846497dffae1287e,2016-04-09 06:31:14.04,9,10
"99SZyjVxEeW6RApRXdjJPw","vG7i3",abed1fbd74a8615a3039dc8ddf6e6e58e61538a0,2016-04-04 18:09:25.793,10,10
"99SZyjVxEeW6RApRXdjJPw","vG7i3",441973f7d1a8c2848e2aae6103913b7fd56af73b,2016-04-08 22:45:29.652,9,10
"99SZyjVxEeW6RApRXdjJPw","vG7i3",438455d2d5975db4f880af05d24006778c620171,2016-04-03 14:55:46.075,9,10
"99SZyjVxEeW6RApRXdjJPw","vG7i3",f889f197d46a20a0475f90b3a64d84cd6e5823b6,2016-04-05 16:31:56.773,10,10
"99SZyjVxEeW6RApRXdjJPw","vG7i3",dbb58af1975eb83c11670b0de4a422d75f183203,2016-06-06 20:49:28.601,10,10
"99SZyjVxEeW6RApRXdjJPw","vG7i3",817137ccf69af3d65130c3a84e64ba7f64acff7d,2016-06-06 00:47:12.487,10,10
"99SZyjVxEeW6RApRXdjJPw","vG7i3",bb03dee49e69c5ef5c536f2819ccb85f6c794975,2016-04-07 03:29:38.065,10,10
"99SZyjVxEeW6RApRXdjJPw","vG7i3",271b016379521ac0bfe888c7d275e12592b0e184,2016-04-07 04:22:13.744,10,10
"99SZyjVxEeW6RApRXdjJPw","vG7i3",b3c570ccbe00f2c2af7aef8ccfb8ddc979b7bdf0,2016-04-02 19:11:07.608,10,10
"99SZyjVxEeW6RApRXdjJPw","vG7i3",89fd54f762c88e3a59f855be75398c43e99b16af,2016-05-28 10:09:10.299,9,10
"99SZyjVxEeW6RApRXdjJPw","vG7i3",1843cf6f918e38997b63def46482a3a8b97d11b8,2016-06-01 09:08:20.217,10,10
"99SZyjVxEeW6RApRXdjJPw","vG7i3",706b78e853851340e59fa20fd1c4ccc0f3f6980b,2016-04-05 18:20:02.511,10,10
"99SZyjVxEeW6RApRXdjJPw","vG7i3",7a2f0ab568bdb17a1e7c77de03571d60b8883199,2016-04-06 18:36:55.977,10,10
"99SZyjVxEeW6RApRXdjJPw","vG7i3",6b132c94c5b696838abdf35ad63540e17af045ea,2016-04-01 05:39:55.988,10,10
"99SZyjVxEeW6RApRXdjJPw","vG7i3",3d04cea0af23b69a0e0d3ae947b86d19352a04a7,2016-04-09 20:04:04.94,9,10
"99SZyjVxEeW6RApRXdjJPw","vG7i3",9d1160eaafb3a2ddc55d6f0260860e5937005d5d,2016-04-07 22:30:01.171,10,10
"99SZyjVxEeW6RApRXdjJPw","vG7i3",8d3824607f04f8a401dad452df9aaf902d9aa50d,2016-04-11 14:39:01.841,10,10
"99SZyjVxEeW6RApRXdjJPw","vG7i3",163089ed054793003b76588bc3b59f8084df16d5,2016-03-27 16:31:20.884,10,10
"99SZyjVxEeW6RApRXdjJPw","vG7i3",22d843c46ba58094ebc0979c8929b8cfb2dce67d,2016-05-24 16:48:58.228,9,10
"99SZyjVxEeW6RApRXdjJPw","vG7i3",92718b1439087c586652ae4567ca0ced9e37a2a5,2016-04-09 09:24:55.153,9,10
"99SZyjVxEeW6RApRXdjJPw","vG7i3",e86852910012bfa2faa49ea478773ff1a3be927f,2016-04-09 20:02:32.268,9,10
"99SZyjVxEeW6RApRXdjJPw","vG7i3",ed57be6fa13a04ac4dff0ff3a77fb58df34db991,2016-04-08 22:43:14.771,9,10
"99SZyjVxEeW6RApRXdjJPw","vG7i3",274dfce33cb1566d32cd6e57385522ac4455a049,2016-05-30 23:36:29.118,8,10
"99SZyjVxEeW6RApRXdjJPw","vG7i3",dccf3a7e52a2ecd08a34e2788a79c4db339855ec,2016-04-11 09:07:57.435,10,10
"99SZyjVxEeW6RApRXdjJPw","vG7i3",3bad9108c69f72d086d9cf0f05f59b42327af856,2016-06-05 16:34:03.354,9,10
"99SZyjVxEeW6RApRXdjJPw","vG7i3",eaae5b5e883ab7e5e5488e0ced09f692e531fb44,2016-05-26 08:41:31.378,10,10
"99SZyjVxEeW6RApRXdjJPw","vG7i3",ae0dec30b0c9b9f98c2779d61e17d7b411b8a33d,2016-05-19 10:28:11.579,10,10
"99SZyjVxEeW6RApRXdjJPw","vG7i3",01c033fce8e26c0b3bbdb79db7b457c6fed981d1,2016-04-05 04:46:54.367,10,10
"99SZyjVxEeW6RApRXdjJPw","vG7i3",95fe137f401935d9c5489d5ab3a7d106d9138c62,2016-04-02 14:27:51.286,10,10
"99SZyjVxEeW6RApRXdjJPw","vG7i3",a2b3b8b23ccd1d09674874bee148368321e38ace,2016-04-10 17:54:01.716,10,10
"99SZyjVxEeW6RApRXdjJPw","vG7i3",a4c0d489eab266f6d0462c804810dbb51983cc5e,2016-04-04 13:10:45.60,10,10
"99SZyjVxEeW6RApRXdjJPw","vG7i3",28ebb36eabf305a29fa7a0e2e62d2e53dacc5ad7,2016-06-02 23:25:33.856,10,10
"99SZyjVxEeW6RApRXdjJPw","vG7i3",06dab4f5250321c99a0a60920c273b27e2342f73,2016-04-12 01:17:21.501,10,10
"99SZyjVxEeW6RApRXdjJPw","vG7i3",f9ee112cbc68758eb5a07b8733d35ae08a53712c,2016-05-27 22:10:25.784,9,10
"99SZyjVxEeW6RApRXdjJPw","vG7i3",cd068c86e25487837c046a681586fce2a9f95f39,2016-04-10 05:04:10.836,10,10
"99SZyjVxEeW6RApRXdjJPw","vG7i3",938f65162bc3a557e5c1e60fff774f1dae89fefe,2016-04-04 20:31:31.857,10,10
"99SZyjVxEeW6RApRXdjJPw","vG7i3",09fb652ffbdfc8f82159303cecffe9420cbb330e,2016-06-02 06:32:51.744,9,10
"99SZyjVxEeW6RApRXdjJPw","vG7i3",83c595a4d0cc85cef16a8c063c2ab03b3ad12497,2016-04-03 08:36:55.75,10,10
"99SZyjVxEeW6RApRXdjJPw","vG7i3",7cdfb12545612bf57d0cd5dfab34882fd06747e4,2016-04-08 19:04:18.633,10,10
"99SZyjVxEeW6RApRXdjJPw","vG7i3",d95f8f5a6e6bfd41edb12447fd18725573ab718b,2016-03-24 19:41:23.765,10,10
"99SZyjVxEeW6RApRXdjJPw","vG7i3",93477c20c69ce4d25802cc1816a6937215549ba2,2016-06-04 02:30:31.282,10,10
"99SZyjVxEeW6RApRXdjJPw","vG7i3",5731faa6274f653783033f1bfff77ae2ce608e7c,2016-04-07 02:26:21.221,10,10
"99SZyjVxEeW6RApRXdjJPw","vG7i3",bf73bd6445c8adf836af63ddd97ea9b4b7a4a0e0,2016-06-05 17:05:03.54,10,10
"99SZyjVxEeW6RApRXdjJPw","vG7i3",1a70862e45b8f46d45301919c3effd07b2b62362,2016-04-04 01:31:48.708,10,10
"99SZyjVxEeW6RApRXdjJPw","vG7i3",d01529c2d88db8a814ce8d56ef83eea5983ba1f5,2016-04-07 02:41:45.214,10,10
"99SZyjVxEeW6RApRXdjJPw","vG7i3",1bfde91116fdf3588dd8b0f5dc4f90bacb49a359,2016-04-10 18:00:51.898,9,10
"99SZyjVxEeW6RApRXdjJPw","vG7i3",681877a22c6e986a48a6d1bed8171bd776d28da6,2016-04-08 11:47:51.142,8,10
"99SZyjVxEeW6RApRXdjJPw","vG7i3",ac63c7298b8f70d3d62ced3aad138378b127a329,2016-06-01 17:27:20.534,10,10
"99SZyjVxEeW6RApRXdjJPw","vG7i3",ab73459fdbe70732bb7d15b29ea972cfa4bab8be,2016-04-09 18:05:38.092,10,10
"99SZyjVxEeW6RApRXdjJPw","vG7i3",0528cbde9586b9e7a458cc489ed5b44eccb9366c,2016-04-08 07:10:40.612,9,10
"99SZyjVxEeW6RApRXdjJPw","vG7i3",f7e20f7fbe47cfc4e32dccd9d32635a89f448439,2016-04-11 03:57:53.327,10,10
"99SZyjVxEeW6RApRXdjJPw","vG7i3",1e5fe5f925deb014a0c966e445ba4de812687dac,2016-04-07 12:02:18.271,10,10
"99SZyjVxEeW6RApRXdjJPw","vG7i3",6dc1432a5a592bed76638f538880832849188ee9,2016-03-31 19:46:47.393,10,10
"99SZyjVxEeW6RApRXdjJPw","vG7i3",cf617a259867244ea5613de4ecc9443d7d0abfbc,2016-04-07 19:30:33.213,9,10
"99SZyjVxEeW6RApRXdjJPw","vG7i3",e8dc19591f03f365f292fb0fc79dcc2568f896ed,2016-04-05 10:04:54.032,10,10
"99SZyjVxEeW6RApRXdjJPw","vG7i3",8ab542f8517e753200d8cb10f25b992d5c2a000a,2016-04-11 01:06:36.393,9,10
"99SZyjVxEeW6RApRXdjJPw","vG7i3",e31fe14741c5d7cdd7ffc202d52043d4d062b7bd,2016-04-10 20:28:29.545,10,10
"99SZyjVxEeW6RApRXdjJPw","vG7i3",97b6fa2efe47436f63c0db7738ce2c69fbbedcef,2016-04-06 14:54:57.393,10,10
"99SZyjVxEeW6RApRXdjJPw","vG7i3",e7c2b46f9bf9417400c5833101e4468bd34f44a1,2016-04-04 02:48:55.586,10,10
"99SZyjVxEeW6RApRXdjJPw","vG7i3",d4cc57c00a239721c476a9fe7496c1ed8be5431f,2016-05-30 20:13:17.759,10,10
"99SZyjVxEeW6RApRXdjJPw","vG7i3",3a9ba932d7b23237b170f89135559a36104de48a,2016-04-09 21:23:39.106,10,10
"99SZyjVxEeW6RApRXdjJPw","vG7i3",03dbee69c8d134fd255ad4b1311d6850e3877c9c,2016-06-05 23:57:58.156,10,10
"99SZyjVxEeW6RApRXdjJPw","vG7i3",b8080c800f3fcd8fb7da0c850eb449f2b4098ace,2016-05-31 13:50:34.187,10,10
"99SZyjVxEeW6RApRXdjJPw","vG7i3",31ebd3a95c63209b90023a1fe9b72f1d7fb2a062,2016-06-02 00:20:37.267,10,10
"99SZyjVxEeW6RApRXdjJPw","vG7i3",f4ba87f3c3e9e16929bcb550f978e13718f8d74a,2016-04-01 01:07:15.99,10,10
"99SZyjVxEeW6RApRXdjJPw","vG7i3",8d578080893ad77a35ff1051477682beb26ea949,2016-04-28 00:21:26.881,6,10
"99SZyjVxEeW6RApRXdjJPw","vG7i3",35895bac97760224613bdd6ebf6e91762c83e6e2,2016-06-06 02:25:13.636,10,10
"99SZyjVxEeW6RApRXdjJPw","vG7i3",47b9d2a48ee37b4b4cbac11fea69814b30d91280,2016-04-05 14:00:10.948,10,10
"99SZyjVxEeW6RApRXdjJPw","vG7i3",f1ad8b82976cb012ef947e6b737e815fefad88fc,2016-06-03 18:36:29.438,10,10
"99SZyjVxEeW6RApRXdjJPw","vG7i3",00107734d038767fcd1e88b6e173f475545b5017,2016-04-02 22:42:50.911,9,10
"99SZyjVxEeW6RApRXdjJPw","vG7i3",065c7ccce3ec7578dc099dd5db9c376e63018c57,2016-05-23 14:52:57.541,10,10
"99SZyjVxEeW6RApRXdjJPw","vG7i3",128772c2f7ab172f041b3b8ece5ca04479adec6d,2016-04-03 22:32:35.976,10,10
"99SZyjVxEeW6RApRXdjJPw","vG7i3",e69c5f8344957ace4f7e1309e8eaff475253db7e,2016-04-08 00:57:44.829,10,10
"99SZyjVxEeW6RApRXdjJPw","vG7i3",250e2894d69a92ea99ac742d4692f6ec7161756f,2016-04-03 19:41:22.225,10,10
"99SZyjVxEeW6RApRXdjJPw","vG7i3",1aea387a151766b404c6151d757e9ae926d9ad8f,2016-04-13 18:05:21.291,10,10
"99SZyjVxEeW6RApRXdjJPw","vG7i3",01e05ed110e60e0cac67f267987414f0f7dceca7,2016-04-07 20:25:06.014,10,10
"99SZyjVxEeW6RApRXdjJPw","vG7i3",af3bf3b580f79c630319ac222e14907605242f53,2016-04-10 09:18:35.609,10,10
"99SZyjVxEeW6RApRXdjJPw","vG7i3",0611758ffa2738a9b9973b61f89dfbae6655bcb9,2016-04-04 19:05:56.215,9,10
"99SZyjVxEeW6RApRXdjJPw","vG7i3",49bfe6b0c803a235ea4b850dc2ff68b39712f2fd,2016-04-10 11:32:46.494,10,10
"99SZyjVxEeW6RApRXdjJPw","vG7i3",4bbc093cf1c8d8cc7cf72d97cc460cd68ebbafc0,2016-04-10 20:28:59.021,10,10
"99SZyjVxEeW6RApRXdjJPw","vG7i3",6b64606ee499ccd9eb6c9f2d4a693e3cafe2625a,2016-06-04 23:59:35.229,10,10
"99SZyjVxEeW6RApRXdjJPw","vG7i3",de7fa58d0e899c7237d6fe909041a540e9fe74e4,2016-04-06 03:58:06.013,10,10
"99SZyjVxEeW6RApRXdjJPw","vG7i3",9766555e3ab95195d95d3c9bb347d5b21bbb1a79,2016-06-12 20:26:30.909,10,10
"99SZyjVxEeW6RApRXdjJPw","vG7i3",2763abe8cfe44293963ba7f41e9e939e1a1bbbc7,2016-05-29 23:27:58.03,10,10
"99SZyjVxEeW6RApRXdjJPw","vG7i3",48a783c76b177af1906429e0fcfed67817708eef,2016-05-27 16:40:32.705,10,10
"99SZyjVxEeW6RApRXdjJPw","vG7i3",e117888423337ed0190ad789554ffd78c06023bd,2016-04-06 19:16:23.477,10,10
"99SZyjVxEeW6RApRXdjJPw","vG7i3",2768d4774d84d81d069a191c951d7353fa1cf8c5,2016-04-10 14:10:27.421,10,10
"99SZyjVxEeW6RApRXdjJPw","vG7i3",b6ba4220f3476ab0378b9910937308931b59c5d2,2016-04-06 15:45:38.865,10,10
"99SZyjVxEeW6RApRXdjJPw","vG7i3",e3fc7b297ba7a92e4c54bd3bbc7ceaaa1f8c32aa,2016-05-24 20:06:47.91,10,10
"99SZyjVxEeW6RApRXdjJPw","vG7i3",5a99a7636d7dcb1cbec25e3e0599056b15bcb0db,2016-04-10 17:46:54.887,10,10
"99SZyjVxEeW6RApRXdjJPw","vG7i3",308899ec7f1d9556c49da2b6189df0661f953d8b,2016-04-06 19:07:08.651,9,10
"99SZyjVxEeW6RApRXdjJPw","vG7i3",f61165f647959d947b3432c73ad1e29b222f5f79,2016-04-09 10:53:27.041,10,10
"99SZyjVxEeW6RApRXdjJPw","vG7i3",947d450d406d902327c2a9c8c3ed3c59ae019d7b,2016-06-01 03:09:42.869,9,10
"99SZyjVxEeW6RApRXdjJPw","vG7i3",abac562480d79864966d980d0af9d1429482e3c1,2016-04-08 10:58:03.009,10,10
"99SZyjVxEeW6RApRXdjJPw","vG7i3",2be6b2f63e8f859171eb076d1014e5366701c0f4,2016-04-05 16:10:02.817,10,10
"99SZyjVxEeW6RApRXdjJPw","vG7i3",c2b240bd4a188162896be19107e3091a91880b14,2016-04-03 15:02:08.107,10,10
"99SZyjVxEeW6RApRXdjJPw","vG7i3",fb3962d39dff997238ee8496fc298b582ee49a89,2016-04-08 14:27:30.80,9,10
"99SZyjVxEeW6RApRXdjJPw","vG7i3",eacbb05324c57ad617a53b3ad533529ce7ef99da,2016-06-05 19:22:08.033,10,10
"99SZyjVxEeW6RApRXdjJPw","vG7i3",4f9318dc5201f736e6527e93358670660dabf437,2016-05-31 11:00:12.963,10,10
"99SZyjVxEeW6RApRXdjJPw","vG7i3",2fbec18a273908e123b4b0ff7a942478c32c1bb9,2016-04-06 09:36:59.551,10,10
"99SZyjVxEeW6RApRXdjJPw","vG7i3",1e6d566cfbaeb3a238926a3a7f506a6f6a0e7a33,2016-04-04 11:35:16.161,10,10
"99SZyjVxEeW6RApRXdjJPw","vG7i3",84c3d5326662fba8d613dc51f164f7aa4206735f,2016-04-04 19:18:06.417,10,10
"99SZyjVxEeW6RApRXdjJPw","vG7i3",0bc013411dffeccb4aff9becac70832facf426d1,2016-04-03 13:00:12.144,10,10
"99SZyjVxEeW6RApRXdjJPw","vG7i3",f91a33f46621e2e8cda5561d4876399c76ce40eb,2016-04-07 21:55:50.233,10,10
"99SZyjVxEeW6RApRXdjJPw","vG7i3",b6ffd9b9fd7a37db8ff8e1a5047af9f4c552c99c,2016-04-07 10:46:54.206,10,10
"99SZyjVxEeW6RApRXdjJPw","vG7i3",c7707affd5be2997a7312886024fafa897d4e3bc,2016-04-10 22:48:22.09,9,10
"99SZyjVxEeW6RApRXdjJPw","vG7i3",174862003d1a951de6795fbdf93813c92e79bf39,2016-03-31 12:04:15.303,9,10
"99SZyjVxEeW6RApRXdjJPw","vG7i3",070cbdfcfe7502abf2a9a8df7b7ae2f8b95496c6,2016-04-05 05:45:34.216,10,10
"99SZyjVxEeW6RApRXdjJPw","vG7i3",69eb38bdb814456485beb4e4eb964a6f2c27acca,2016-04-06 18:56:12.861,10,10
"99SZyjVxEeW6RApRXdjJPw","vG7i3",b81abfe61a5d892d5064058bacc5d82af749d113,2016-05-31 13:53:40.765,10,10
"99SZyjVxEeW6RApRXdjJPw","vG7i3",49aaec80b2e343bee62abdbffb821a8d2a665264,2016-04-09 14:44:00.099,10,10
"99SZyjVxEeW6RApRXdjJPw","vG7i3",8102b7b9b6dd1d81a5b88aff33e58dd8bfb3cee2,2016-03-29 08:38:34.062,9,10
"99SZyjVxEeW6RApRXdjJPw","vG7i3",db2a040159c450332cb57403226958670ad8a4d1,2016-05-30 03:28:43.517,10,10
"99SZyjVxEeW6RApRXdjJPw","vG7i3",065c25dac46e28e50c851d336e7363902738a8f8,2016-04-10 04:08:49.563,10,10
"99SZyjVxEeW6RApRXdjJPw","vG7i3",0a6940a5e7b9b6013f7d01f5c7697effc0fe31bb,2016-04-10 19:16:45.108,10,10
"99SZyjVxEeW6RApRXdjJPw","vG7i3",77d53bcef4e9d2e32722972c3e5208070defa5d5,2016-04-05 14:47:21.893,10,10
"99SZyjVxEeW6RApRXdjJPw","vG7i3",6c5ee89e84b73d1c30d0ef76ddf20a829df43707,2016-05-28 06:51:54.444,10,10
"99SZyjVxEeW6RApRXdjJPw","vG7i3",995b845f0d0671f6f891121018ea4bdf5a6e967f,2016-04-10 09:05:35.956,10,10
"99SZyjVxEeW6RApRXdjJPw","vG7i3",ae808e2284fcd36a37423fe1663954d19aa19a77,2016-04-12 11:43:48.432,8,10
"99SZyjVxEeW6RApRXdjJPw","vG7i3",bafbdc2cb76ac5bdf5438f687a39d7102e3d01f3,2016-03-29 02:06:41.261,10,10
"99SZyjVxEeW6RApRXdjJPw","vG7i3",6fe9aa35e7eafc63123ee8cf662d7970e14031a2,2016-04-06 10:19:30.407,10,10
"99SZyjVxEeW6RApRXdjJPw","vG7i3",0451d67297bf2325cf9e028126d276a9559d1d38,2016-04-09 14:12:31.676,10,10
"99SZyjVxEeW6RApRXdjJPw","vG7i3",0eb48e8ba3251716709959fc9b0c185fb8ee2f51,2016-06-05 20:20:06.927,10,10
"99SZyjVxEeW6RApRXdjJPw","vG7i3",b06f0d2c26dce25ff746e850210d4e7fd0098f31,2016-03-29 01:33:24.878,10,10
"99SZyjVxEeW6RApRXdjJPw","vG7i3",671169e53404faf9c0d8f53b9e986140b5be010a,2016-06-02 09:39:55.456,10,10
"99SZyjVxEeW6RApRXdjJPw","vG7i3",d551dc41016918fbb63e951ab672491f066edc93,2016-04-06 09:30:47.858,10,10
"99SZyjVxEeW6RApRXdjJPw","vG7i3",a89d9a29ea4682180f492ed87e573463a8ae810a,2016-06-04 09:11:09.589,10,10
"99SZyjVxEeW6RApRXdjJPw","vG7i3",821b212f621a48b0960ee662dd5664d4da0e8ae0,2016-04-15 14:14:31.513,10,10
"99SZyjVxEeW6RApRXdjJPw","vG7i3",6dd886af959005ab950002d44bbcd6466f799525,2016-06-04 17:50:30.94,10,10
"99SZyjVxEeW6RApRXdjJPw","vG7i3",26c1d7dd74c2674ce793fbae873a3487ad1da187,2016-03-26 21:01:30.856,9,10
"99SZyjVxEeW6RApRXdjJPw","vG7i3",6185c8ec352f109d21586b9e055d2a86433d66f9,2016-05-31 02:52:36.582,9,10
"99SZyjVxEeW6RApRXdjJPw","vG7i3",eb99076fdfebc2e3ab4b1dd8e769d3ed9c75e252,2016-04-05 18:32:53.975,10,10
"99SZyjVxEeW6RApRXdjJPw","vG7i3",39a6e60b095fd5426ad685a5c3750e1f73d0e7e7,2016-04-08 15:56:55.885,10,10
"99SZyjVxEeW6RApRXdjJPw","vG7i3",027d68dc2138533e2241bf39ee6ca76bbca0a39c,2016-04-04 19:35:42.604,10,10
"99SZyjVxEeW6RApRXdjJPw","vG7i3",fe947b5116b03b0567368463167a0cc4b80f67a2,2016-06-06 02:19:57.706,10,10
"99SZyjVxEeW6RApRXdjJPw","vG7i3",e1c95c4cc3fdc271e95e34de0860ffec3e2f10b9,2016-04-05 01:13:02.69,10,10
"99SZyjVxEeW6RApRXdjJPw","vG7i3",46a94eeed5f3a65393970f16ba015abb26b0e48e,2016-05-31 05:48:25.016,10,10
"99SZyjVxEeW6RApRXdjJPw","vG7i3",7afa5a5ff42b0651c1441ef680b1e7abda9694bf,2016-05-29 00:34:09.079,10,10
"99SZyjVxEeW6RApRXdjJPw","vG7i3",ea4c183441d374999162920a29edb75713406e0e,2016-06-05 18:59:58.226,10,10
"99SZyjVxEeW6RApRXdjJPw","vG7i3",f849830e9c3f637b2d97337f8b089d4d9d10e5ed,2016-04-03 10:09:53.975,10,10
"99SZyjVxEeW6RApRXdjJPw","vG7i3",29d52b9f07097d62c65b931b638fefaa1903784a,2016-04-07 13:21:37.738,10,10
"99SZyjVxEeW6RApRXdjJPw","vG7i3",1667e33f58562f712e5c7b451e616b856fdc1921,2016-06-03 04:43:19.322,9,10
"99SZyjVxEeW6RApRXdjJPw","vG7i3",fee641cc01987d1e639156ecdbfd91031312a8c8,2016-04-17 22:21:07.692,8,10
"99SZyjVxEeW6RApRXdjJPw","vG7i3",33b51c1cad10e75334f692536d359c7c44bb9089,2016-04-04 21:46:48.741,10,10
"99SZyjVxEeW6RApRXdjJPw","vG7i3",79044ea42e529125945d448f7e82944cf071f0e2,2016-04-06 12:27:10.018,10,10
"99SZyjVxEeW6RApRXdjJPw","vG7i3",0ee39cd68a86c1623981e71e05c2fd794ca45988,2016-05-28 18:26:28.143,10,10
"99SZyjVxEeW6RApRXdjJPw","vG7i3",66a6ade10beabd40565aaa733a27105c0da32717,2016-04-10 19:06:34.347,10,10
"99SZyjVxEeW6RApRXdjJPw","vG7i3",831dc4a8ac7b57f554b5c54896e5b3be1a772bc7,2016-06-01 08:27:50.982,10,10
"99SZyjVxEeW6RApRXdjJPw","vG7i3",0efd20d7ae1b3e382f39ef8d096169700ae2bd81,2016-04-07 11:29:51.194,10,10
"99SZyjVxEeW6RApRXdjJPw","vG7i3",86d99c9470fdd53d0825490b21b2dbab7eb4c938,2016-03-31 08:40:16.442,10,10
"99SZyjVxEeW6RApRXdjJPw","vG7i3",28521a36a073c6aac281eeb941fcae1faa33070d,2016-04-10 16:10:41.771,10,10
"99SZyjVxEeW6RApRXdjJPw","vG7i3",a06e264f114deb91fb870a6b261a100d63fef25a,2016-04-05 04:43:58.156,10,10
"99SZyjVxEeW6RApRXdjJPw","vG7i3",7dea3b2f6f43d0ece08ea41b738509bf6533749a,2016-04-06 19:59:53.152,10,10
"99SZyjVxEeW6RApRXdjJPw","vG7i3",3a0b081b1b6e0414a365272fc3d6b1624450bf0a,2016-04-09 04:07:58.933,10,10
"99SZyjVxEeW6RApRXdjJPw","vG7i3",16ba70ef5b04974e1e4ce76dbe70d3f588d185ac,2016-04-08 15:06:22.389,10,10
"99SZyjVxEeW6RApRXdjJPw","vG7i3",724ae9fff76f8f9e1e9907b6060675bd5db9bedd,2016-03-29 19:29:51.181,10,10
"99SZyjVxEeW6RApRXdjJPw","vG7i3",e0bc56fa341542efdf213e1fb86c78c411c03c54,2016-06-06 00:52:35.395,10,10
"99SZyjVxEeW6RApRXdjJPw","vG7i3",38fd58c5ad8567b4d63acc19440c6983cfd22502,2016-04-08 10:25:13.574,10,10
"99SZyjVxEeW6RApRXdjJPw","vG7i3",f9aa424b048da7a24a51594ecc2ee0a5e9ec12f1,2016-04-02 21:40:44.706,10,10
"99SZyjVxEeW6RApRXdjJPw","vG7i3",8a7c3dedd23f952e7d9ac83af294e36f8a17c834,2016-04-07 21:55:22.378,10,10
"99SZyjVxEeW6RApRXdjJPw","vG7i3",0da4017fc524b16ed8f0ed96454176d23505553a,2016-04-09 22:29:15.806,9,10
"99SZyjVxEeW6RApRXdjJPw","vG7i3",f2a81a42ab38e2ca9fcb2aab76c5e77fdf6e63a4,2016-04-02 17:47:25.605,10,10
"99SZyjVxEeW6RApRXdjJPw","vG7i3",f0a460ac6bdfaaa2109a6c63dba4c6c17b5b582c,2016-05-29 04:01:31.016,9,10
"99SZyjVxEeW6RApRXdjJPw","vG7i3",1cc6a503e0839ee78a0d561f433ff0983186ef2e,2016-04-04 19:22:40.854,10,10
"99SZyjVxEeW6RApRXdjJPw","vG7i3",63208c9d5fd6c84ca9ad4afea49b04096cc40411,2016-04-12 02:16:31.366,10,10
"99SZyjVxEeW6RApRXdjJPw","vG7i3",cfb49afa72076a8ac988e8460fe8dd75ebc20f4c,2016-05-27 18:06:51.269,9,10
"99SZyjVxEeW6RApRXdjJPw","vG7i3",a1757e289f1ba671e3b78bdd4acf2677855a0f8b,2016-03-28 15:05:15.157,10,10
"99SZyjVxEeW6RApRXdjJPw","vG7i3",adde71c63fc100abbc501b14b9efd1828ab772fd,2016-04-10 12:48:47.479,10,10
"99SZyjVxEeW6RApRXdjJPw","vG7i3",b578a8ef0fd3db52f34caaae22a3c34a58f445ee,2016-04-09 06:14:54.785,10,10
"99SZyjVxEeW6RApRXdjJPw","vG7i3",985c58f01f525487ac8f895b9fc1b3ee60830771,2016-04-04 19:25:46.494,10,10
"99SZyjVxEeW6RApRXdjJPw","vG7i3",dfc4a0e0454e1253fa14241b3912a07a9c3bccdd,2016-04-10 19:52:35.113,10,10
"99SZyjVxEeW6RApRXdjJPw","vG7i3",897fedb090bb30a79da519dd6382d0d15ab6b0cb,2016-04-17 14:37:01.099,10,10
"99SZyjVxEeW6RApRXdjJPw","vG7i3",6f6838d7c96b3759a2c76ad5d97e6b8e8d467bcd,2016-04-05 13:18:17.603,9,10
"99SZyjVxEeW6RApRXdjJPw","vG7i3",aa410aa04a5a85d6489b9c577c0f1f4f8322302f,2016-03-28 06:56:51.975,10,10
"99SZyjVxEeW6RApRXdjJPw","vG7i3",79612e454ab6fbbaf38fab1eac92a51aeeacb267,2016-04-09 14:22:24.806,10,10
"99SZyjVxEeW6RApRXdjJPw","vG7i3",72e0296c9de81b7c0803bd85e85a5e21410090d5,2016-04-10 23:03:09.195,10,10
"99SZyjVxEeW6RApRXdjJPw","vG7i3",46994e97b33efde04387671ecc1c671583e7df51,2016-04-10 09:54:17.124,10,10
"99SZyjVxEeW6RApRXdjJPw","vG7i3",efd7f216e0b529f306b960ea6431cd07540bd206,2016-04-08 18:51:36.699,10,10
"99SZyjVxEeW6RApRXdjJPw","vG7i3",98df22f5b86f715e9da9fcfb78cdd59e666568a5,2016-05-31 14:21:22.943,10,10
"99SZyjVxEeW6RApRXdjJPw","vG7i3",ccf3d59d0b9ab0381c0296ce13b98c66200b69fa,2016-04-09 11:31:24.704,10,10
"99SZyjVxEeW6RApRXdjJPw","vG7i3",3685a07f1005b4224ce913effcf7cc19ac031934,2016-04-17 08:05:25.536,8,10
"99SZyjVxEeW6RApRXdjJPw","vG7i3",48f824483c1f28d52d39dc9bc546107a9e497379,2016-06-08 09:21:53.447,10,10
"99SZyjVxEeW6RApRXdjJPw","vG7i3",b50264f532a15b20b1e2a73073be57302f33cfbd,2016-04-10 21:27:48.824,10,10
"99SZyjVxEeW6RApRXdjJPw","vG7i3",90b37ca01b047d3ffb21b527b130fe8cdd0a0e63,2016-04-06 01:22:47.615,9,10
"99SZyjVxEeW6RApRXdjJPw","vG7i3",becd0025c04366634826fbd701721a700c97646c,2016-04-13 16:31:43.802,10,10
"99SZyjVxEeW6RApRXdjJPw","vG7i3",7924ab625dca45cf4b226a7eadf5f042a1973300,2016-04-10 19:15:31.666,10,10
"99SZyjVxEeW6RApRXdjJPw","vG7i3",558a116923c179298f9c700dcf60bd352273ac30,2016-04-07 14:14:39.839,10,10
"99SZyjVxEeW6RApRXdjJPw","vG7i3",9e9e245a57b15ce876327408bcbcfc5cbf867608,2016-04-05 13:53:19.427,10,10
"99SZyjVxEeW6RApRXdjJPw","vG7i3",0ca94b35bf873b73e936f98e94168825f00f8320,2016-04-05 00:54:36.33,9,10
"99SZyjVxEeW6RApRXdjJPw","vG7i3",8942fd4ce70453ec4243143036947d3692842233,2016-06-02 20:59:20.603,10,10
"99SZyjVxEeW6RApRXdjJPw","vG7i3",c5af145ee26db473505b2a8a63447bfc6093178a,2016-05-19 06:20:25.455,10,10
"99SZyjVxEeW6RApRXdjJPw","vG7i3",7055a527e288302ba283ba6262590408cadf6987,2016-06-01 17:10:10.052,10,10
"99SZyjVxEeW6RApRXdjJPw","vG7i3",9ce843e5c54afe4a1c46932b9870f520d9af1af4,2016-06-06 15:27:27.67,10,10
"99SZyjVxEeW6RApRXdjJPw","vG7i3",eb3949452fe3bd054de940a3a932e67f8203170e,2016-06-01 12:06:40.653,10,10
"99SZyjVxEeW6RApRXdjJPw","vG7i3",2324d8bd5f5081759a9043e8be13f6ed5c090bda,2016-06-04 20:39:34.256,10,10
"99SZyjVxEeW6RApRXdjJPw","vG7i3",d89581d249e508aaaec2f1e168db78ca205dc646,2016-06-05 19:11:56.93,9,10
"99SZyjVxEeW6RApRXdjJPw","vG7i3",4578e03486721eeeccba401e4301734981d4181c,2016-04-12 16:43:44.414,10,10
"99SZyjVxEeW6RApRXdjJPw","vG7i3",4b46b94ad46e1b6b55d0ff413f5708ede838ea17,2016-06-03 15:41:14.719,10,10
"99SZyjVxEeW6RApRXdjJPw","vG7i3",757f145ad0a8c40ebc669732d49d9f832dd19132,2016-04-09 17:30:44.411,10,10
"99SZyjVxEeW6RApRXdjJPw","vG7i3",4bc641a3ca26d6ac92be39b6c1ee916af97cb626,2016-03-30 10:08:10.44,9,10
"99SZyjVxEeW6RApRXdjJPw","vG7i3",3b42dc3423fd8b595de0f770d429f8fe48fa17c1,2016-06-11 06:57:47.451,10,10
"99SZyjVxEeW6RApRXdjJPw","vG7i3",f7a2e368613e86af389b4d76406e0f41464e14a0,2016-04-02 09:48:42.253,10,10
"99SZyjVxEeW6RApRXdjJPw","vG7i3",5ebad0c8d258608e9fe7c394b27d094a642e4dce,2016-04-07 13:35:39.318,10,10
"99SZyjVxEeW6RApRXdjJPw","vG7i3",4a9b6b42a8d7ee64d5b9051198b89125daf38f92,2016-04-03 19:39:02.032,9,10
"99SZyjVxEeW6RApRXdjJPw","vG7i3",5723fcb34606f6a37ac9e5df4d15cc901a7f0fdf,2016-03-28 15:50:03.70,10,10
"99SZyjVxEeW6RApRXdjJPw","vG7i3",424b573447807d3f7aa6dfb23b75a34ebec02026,2016-04-06 16:49:18.642,10,10
"99SZyjVxEeW6RApRXdjJPw","vG7i3",285e5b8f05b382aab0a74e991f9e3a2b78b41531,2016-06-05 13:58:27.954,9,10
"99SZyjVxEeW6RApRXdjJPw","vG7i3",21b5d33fb9b617464d942430bc52c82e927a1749,2016-04-06 18:57:37.628,10,10
"99SZyjVxEeW6RApRXdjJPw","vG7i3",906c3bf908764a1620c726df4c458e1a7e6ced00,2016-04-10 20:05:35.944,9,10
"99SZyjVxEeW6RApRXdjJPw","vG7i3",30aed64d0960c96ea61c1b0d0f965d31826b1db1,2016-03-31 17:48:40.658,10,10
"99SZyjVxEeW6RApRXdjJPw","vG7i3",d084fea979a6a6baca6070e56c76bb8097ba2505,2016-04-03 17:40:00.996,10,10
"99SZyjVxEeW6RApRXdjJPw","vG7i3",292bb77f88e9e2e02bede607af6fef32b40508b6,2016-04-01 06:10:37.534,10,10
"99SZyjVxEeW6RApRXdjJPw","vG7i3",c93a37897f7526bcffde670557e018ac650d45fb,2016-04-08 07:21:19.253,10,10
"99SZyjVxEeW6RApRXdjJPw","vG7i3",3e6f39256a7f8bf12ee99ec7adb29748caa8a02c,2016-04-04 07:46:24.824,10,10
"99SZyjVxEeW6RApRXdjJPw","vG7i3",44ffb6b40685b29c98f0667291b67ff413d2e1b8,2016-04-10 20:59:24.953,9,10
"99SZyjVxEeW6RApRXdjJPw","vG7i3",26060cd77f02bfdf1fbaec0be4f0fd9d0bdbd14c,2016-04-09 23:55:43.154,10,10
"99SZyjVxEeW6RApRXdjJPw","vG7i3",1bcd9020899ceeb91c7355f90c182df6290779c7,2016-04-06 19:25:44.432,9,10
"99SZyjVxEeW6RApRXdjJPw","vG7i3",46fd3143c973228b583e66f3b7c489bb2f0b1dfd,2016-04-10 13:08:13.479,10,10
"99SZyjVxEeW6RApRXdjJPw","vG7i3",c382daca44b3feab4ada1ca43dc5baa588ecd0c6,2016-06-01 23:01:54.31,10,10
"99SZyjVxEeW6RApRXdjJPw","vG7i3",65e2bc073a15e24da94b6a64fc2d5a5ef09b5c4b,2016-04-07 08:19:43.307,9,10
"99SZyjVxEeW6RApRXdjJPw","vG7i3",4b871beb636d4cfc41928938fce7f713665987ea,2016-03-24 05:21:18.758,9,10
"99SZyjVxEeW6RApRXdjJPw","vG7i3",39011d9b41e938a7321891ee47d6566d6717a0a3,2016-04-11 00:09:01.035,10,10
"99SZyjVxEeW6RApRXdjJPw","vG7i3",de984a104f2ddae8b12a659c3c19d3ba94faecd9,2016-04-10 11:26:59.766,10,10
"99SZyjVxEeW6RApRXdjJPw","vG7i3",6d5ac1b41b0f2de2f77cd30425091f464e5ad9ce,2016-06-08 04:36:04.937,9,10
"99SZyjVxEeW6RApRXdjJPw","vG7i3",4e45f0b8241723838337574dcf1fba2ce1779422,2016-06-01 02:23:50.032,10,10
"99SZyjVxEeW6RApRXdjJPw","vG7i3",3593a65579063d7c9847fc496a8598278a3020b0,2016-04-11 19:14:00.948,9,10
"99SZyjVxEeW6RApRXdjJPw","vG7i3",e999c1efd7d37ec696f38a8064935627b6287407,2016-04-06 00:57:00.854,8,10
"99SZyjVxEeW6RApRXdjJPw","vG7i3",d9b4de214ed4500f1051a005e9cd7daef3d2b665,2016-06-07 09:35:37.763,10,10
"99SZyjVxEeW6RApRXdjJPw","vG7i3",e40ba0352307dae31c01e299c1a5b01ba5a067d0,2016-06-05 01:14:56.465,10,10
"99SZyjVxEeW6RApRXdjJPw","vG7i3",7cd75a7e9d1e946623abc16b87944343d4e2b1d2,2016-04-06 13:15:47.194,10,10
"99SZyjVxEeW6RApRXdjJPw","vG7i3",2cccee7343a8b23c15bbf55e3556f9bc4f8620d3,2016-04-10 18:44:06.72,9,10
"99SZyjVxEeW6RApRXdjJPw","vG7i3",eb797c60bc02c426f98c892e5c2cc35df2deee1b,2016-05-30 00:42:39.577,8,10
"99SZyjVxEeW6RApRXdjJPw","vG7i3",954b988b4f55ee85442385d7352f98a77100019f,2016-06-06 07:57:28.921,10,10
"99SZyjVxEeW6RApRXdjJPw","vG7i3",aadd33ba8fd91276db3019e3fbf7ae88dc238780,2016-04-09 23:09:23.096,10,10
"99SZyjVxEeW6RApRXdjJPw","vG7i3",6c205d4cbc5f98b12b9ab1c29d541e5fdb45b168,2016-03-25 23:21:08.029,10,10
"99SZyjVxEeW6RApRXdjJPw","vG7i3",7ff5c975d46197d0d71c9189a7fef12b17c56c57,2016-03-29 06:17:50.009,10,10
"99SZyjVxEeW6RApRXdjJPw","vG7i3",6f1653e86989d53137113dc1947e508a1ddeb91d,2016-05-29 14:44:17.313,8,10
"99SZyjVxEeW6RApRXdjJPw","vG7i3",9cc5cba9df6bc2c7d13e45d7f2d9268f97774087,2016-05-25 22:32:38.134,10,10
"99SZyjVxEeW6RApRXdjJPw","vG7i3",82e7d0483437b4794db55689884674dd8d44c69e,2016-06-04 18:41:02.65,10,10
"99SZyjVxEeW6RApRXdjJPw","vG7i3",17d8eea231b6c162b850971ec1f1a5b5abcfb9b7,2016-04-04 11:12:28.396,10,10
"99SZyjVxEeW6RApRXdjJPw","vG7i3",b16482826819c23ef872aba7f5971ec5da54e572,2016-04-08 18:51:40.557,10,10
"99SZyjVxEeW6RApRXdjJPw","vG7i3",32aa84e4a02debf47c5c970add7564cddd7a261a,2016-05-28 08:19:34.156,10,10
"99SZyjVxEeW6RApRXdjJPw","vG7i3",bcecfcac634cb01aeac08d449cca72800e22fff8,2016-04-01 13:44:32.174,10,10
"99SZyjVxEeW6RApRXdjJPw","vG7i3",964bf91b80b7fee3a20c6e1d9c625185ed12deae,2016-04-10 23:49:55.143,10,10
"99SZyjVxEeW6RApRXdjJPw","vG7i3",067122811942ae2b95daf9950498b5271222df30,2016-03-29 20:32:55.232,9,10
"99SZyjVxEeW6RApRXdjJPw","vG7i3",24643136031f32552c719eddcacb73adeccfb572,2016-04-06 16:55:42.59,10,10
"99SZyjVxEeW6RApRXdjJPw","vG7i3",c6d1a592e61956c3236383c8d761cb965c327ce8,2016-04-10 08:27:49.185,10,10
"99SZyjVxEeW6RApRXdjJPw","vG7i3",2cacdf35f9688dc4ad92163e950a787ee0fc5bf0,2016-04-09 11:23:12.011,10,10
"99SZyjVxEeW6RApRXdjJPw","vG7i3",178f8dee32620a7eaa900785edf5ab63b2fc3426,2016-06-02 20:12:32.645,10,10
"99SZyjVxEeW6RApRXdjJPw","vG7i3",f2f13edc966290fbeaecbb4e831f01076befc095,2016-04-05 18:49:17.181,10,10
"99SZyjVxEeW6RApRXdjJPw","vG7i3",f62374565337415b48d92fb10a7ef5ab788c26c1,2016-04-05 22:48:10.955,10,10
"99SZyjVxEeW6RApRXdjJPw","vG7i3",01bc70d5026d3bfb9eb2c1b4556b2943cac6cba4,2016-06-03 14:01:52.325,10,10
"99SZyjVxEeW6RApRXdjJPw","vG7i3",1cac51549e644cd5f5c82534bbf2c96628d51946,2016-03-28 08:44:27.684,10,10
"99SZyjVxEeW6RApRXdjJPw","vG7i3",7e5c3742d0faa01f712c3641159fb12eb24be890,2016-04-04 11:13:20.072,10,10
"99SZyjVxEeW6RApRXdjJPw","vG7i3",614cbd072ac04b0673505bd9660986d0af34fbd1,2016-04-10 00:21:53.351,9,10
"99SZyjVxEeW6RApRXdjJPw","vG7i3",b857f7ea7ca923fe514a17cd6e9931a65561bb92,2016-04-16 18:53:09.999,10,10
"99SZyjVxEeW6RApRXdjJPw","vG7i3",ae31738dd26066eb49b31d962b9abfaf42433db3,2016-04-02 10:02:09.522,10,10
"99SZyjVxEeW6RApRXdjJPw","vG7i3",ac1f8ff5c4392f7a96c1a71a2b50bc2f1ad1affb,2016-04-16 19:04:46.249,10,10
"99SZyjVxEeW6RApRXdjJPw","vG7i3",70a1877a7727bc9a4623f69bc14e3223d40fa19c,2016-03-22 11:38:51.069,9,10
"99SZyjVxEeW6RApRXdjJPw","vG7i3",524cbbedb353902d0bb8be76d582d0ff49e9a82f,2016-06-03 13:38:30.463,10,10
"99SZyjVxEeW6RApRXdjJPw","vG7i3",daf173beefb39e0a95bc1b974316ec62441aff6e,2016-04-02 03:39:54.594,10,10
"99SZyjVxEeW6RApRXdjJPw","vG7i3",22db525d19c40109e5937f27f0db64b78177e765,2016-04-11 02:36:45.415,9,10
"99SZyjVxEeW6RApRXdjJPw","vG7i3",4fa8499f8af14268bc74d88ff7818f3ad4a34792,2016-04-02 05:41:49.466,10,10
"99SZyjVxEeW6RApRXdjJPw","vG7i3",cf39963ccd2f67341edc49785608dca5d4b938b3,2016-04-04 12:02:36.899,10,10
"99SZyjVxEeW6RApRXdjJPw","vG7i3",ad816281784ebccc4419d6c4e5de8b25345272d6,2016-04-06 18:28:23.911,8,10
"99SZyjVxEeW6RApRXdjJPw","vG7i3",142a283e1bc6a30a1e5afcbfef01b8d18952177f,2016-05-30 11:36:06.606,10,10
"99SZyjVxEeW6RApRXdjJPw","vG7i3",86d2160344cc09988fb7f7b5984f36247fcb786b,2016-04-10 21:30:57.372,10,10
"99SZyjVxEeW6RApRXdjJPw","vG7i3",e9c4e81bb725d2c75e0b6d39c683f421e82da69c,2016-04-09 07:46:50.34,10,10
"99SZyjVxEeW6RApRXdjJPw","vG7i3",c2b759be61740d3e0f9131beffcd1b184139ddb2,2016-04-03 20:21:56.774,9,10
"99SZyjVxEeW6RApRXdjJPw","vG7i3",85a0d832e74b42319d1e91e3af7680062b77b3f6,2016-06-01 00:41:22.623,10,10
"99SZyjVxEeW6RApRXdjJPw","vG7i3",a85d35333954d1343bffc5cb1e70d4ffffa3fbc8,2016-04-10 17:18:05.583,9,10
"99SZyjVxEeW6RApRXdjJPw","vG7i3",15bb93867552e638b8dca7ee196f3f0c3d3ec56b,2016-04-05 06:27:37.38,9,10
"99SZyjVxEeW6RApRXdjJPw","vG7i3",d806cc1d0991535e9aa445c49a31de32b49227f1,2016-06-01 23:31:26.365,10,10
"99SZyjVxEeW6RApRXdjJPw","vG7i3",f8cadaaeea66885d12ed2b53994c859769cfddb8,2016-04-10 22:28:40.051,10,10
"99SZyjVxEeW6RApRXdjJPw","vG7i3",e01e9e724f6fc69617ab2e0a807e2aae71cc6018,2016-04-10 05:30:53.209,10,10
"99SZyjVxEeW6RApRXdjJPw","vG7i3",f85ad44bc4c82b487db03c2d0e809c08d601c6bc,2016-04-04 14:33:21.34,9,10
"99SZyjVxEeW6RApRXdjJPw","vG7i3",82bbe869039ad152bcb769f4d6872095ac8ab0e3,2016-05-20 11:40:32.232,10,10
"99SZyjVxEeW6RApRXdjJPw","vG7i3",cdbc1f35f07f3752dc3041213b44f7603a41c893,2016-06-05 15:02:19.265,10,10
"99SZyjVxEeW6RApRXdjJPw","vG7i3",cc699548a07cbd78208d298edde48bfc235496b7,2016-06-03 15:00:39.874,10,10
"99SZyjVxEeW6RApRXdjJPw","vG7i3",2b75ca92878f940cc7418d90f1618e8bec429feb,2016-05-29 22:19:59.973,10,10
"99SZyjVxEeW6RApRXdjJPw","vG7i3",c9aa12b33c5f15cc0be59b76338139c40fe7be89,2016-04-09 14:30:33.151,10,10
"99SZyjVxEeW6RApRXdjJPw","vG7i3",9a30559a048a4b593ef25ac2ceb336fb24cece96,2016-05-18 01:01:14.399,9,10
"99SZyjVxEeW6RApRXdjJPw","vG7i3",326be5991f17872b19124ea4033821f8f99ad785,2016-04-09 23:21:19.03,10,10
"99SZyjVxEeW6RApRXdjJPw","vG7i3",dbe2ec57e6060edc7e5c21f837f1e7ae047039b5,2016-06-04 17:51:53.812,10,10
"99SZyjVxEeW6RApRXdjJPw","vG7i3",f17e47f89d99e3f921032249145d3eb9151203c0,2016-05-26 18:59:04.414,8,10
"99SZyjVxEeW6RApRXdjJPw","vG7i3",5e9fa3f8af0421342171277fd26d50de80614eb9,2016-04-08 09:14:34.256,10,10
"99SZyjVxEeW6RApRXdjJPw","vG7i3",c03e0e6495181274757fdd973cd58d7a371d8db7,2016-04-09 19:37:57.172,10,10
"99SZyjVxEeW6RApRXdjJPw","vG7i3",159b43d8fa1adc1b60e62e03f0baf33ba457fac3,2016-06-05 15:29:05.512,10,10
"99SZyjVxEeW6RApRXdjJPw","vG7i3",a28a6e2b9cb503d845a860ac856c652c9cdf906e,2016-05-26 21:21:35.336,10,10
"99SZyjVxEeW6RApRXdjJPw","vG7i3",6dbbc8d2e7b7e93cd86b1de6a8b443939f9417fa,2016-04-03 22:01:35.43,10,10
"99SZyjVxEeW6RApRXdjJPw","vG7i3",cca39f7e857a1bf01da8be547a18dbab73e66066,2016-06-05 08:38:37.846,10,10
"99SZyjVxEeW6RApRXdjJPw","vG7i3",9a3934082162459a8c71d39ef4998399f12dae8e,2016-03-29 07:46:35.535,10,10
"99SZyjVxEeW6RApRXdjJPw","vG7i3",2db41a729996aa8659656456ebb567dad4dbc0ba,2016-03-29 03:55:37.448,10,10
"99SZyjVxEeW6RApRXdjJPw","vG7i3",5e7a0a25d7ddde8880726437f638d28dca4f7adb,2016-04-05 15:17:20.432,10,10
"99SZyjVxEeW6RApRXdjJPw","vG7i3",6bae2fe191c305702be8fcb882eb15afaef28e93,2016-04-09 22:04:29.451,9,10
"99SZyjVxEeW6RApRXdjJPw","vG7i3",d82353cfd460cf57ab6534414b6486d123a9eda1,2016-04-10 17:51:21.999,10,10
"99SZyjVxEeW6RApRXdjJPw","vG7i3",12b97540b00398693cd696f316df2144f0cbf5a7,2016-04-07 19:18:56.551,10,10
"99SZyjVxEeW6RApRXdjJPw","vG7i3",1940f9060dec70e97fd10ae17882321ecf315f09,2016-04-06 22:43:15.659,10,10
"99SZyjVxEeW6RApRXdjJPw","vG7i3",2400af515794929e2e1ec5559165a4eb153114ef,2016-06-08 07:08:54.291,10,10
"99SZyjVxEeW6RApRXdjJPw","vG7i3",f7ba67bb7d8b2b6d4c58742b69c2bb7a9d2f031c,2016-04-09 13:49:00.078,10,10
"99SZyjVxEeW6RApRXdjJPw","vG7i3",e4351872927b7008e8a9872365139787ce391e08,2016-06-04 15:38:52.187,10,10
"99SZyjVxEeW6RApRXdjJPw","vG7i3",995b51c547f171a9df4b975bfa2794dde1503604,2016-04-05 19:01:53.325,10,10
"99SZyjVxEeW6RApRXdjJPw","vG7i3",dd549becce06db339b45c5693df2565dca1c7017,2016-04-08 19:29:38.168,10,10
"99SZyjVxEeW6RApRXdjJPw","vG7i3",96fea8a0fb1efca601271ca60c3aee135071a271,2016-04-07 17:06:45.939,10,10
"99SZyjVxEeW6RApRXdjJPw","vG7i3",7305d96dd0b45436606f21a37ccbcf5919063019,2016-06-02 19:28:05.10,10,10
"99SZyjVxEeW6RApRXdjJPw","vG7i3",ff0610a88450e3c20b37dbced45083d458ffa86c,2016-04-06 03:00:50.029,10,10
"99SZyjVxEeW6RApRXdjJPw","vG7i3",5633dab4f2f8877c164c628bd2b5b80a4d0bf59c,2016-04-07 13:56:23.186,10,10
"99SZyjVxEeW6RApRXdjJPw","vG7i3",447b607910982ca9fc483bf7e557eca3e43fad74,2016-03-30 11:12:26.667,10,10
"99SZyjVxEeW6RApRXdjJPw","vG7i3",2b3a1936f413a597656aa035b05f869614ad3c2b,2016-04-10 15:55:05.786,9,10
"99SZyjVxEeW6RApRXdjJPw","vG7i3",fc967bca946df789269c9001546c9701c73ba25b,2016-04-05 20:00:24.37,9,10
"99SZyjVxEeW6RApRXdjJPw","vG7i3",18a5e436827ee9f5793b783970e8efe56c01c10c,2016-06-04 15:33:29.631,8,10
"99SZyjVxEeW6RApRXdjJPw","vG7i3",ca7de99ce566abe0ee4b427e163da538d47a51fb,2016-04-05 06:45:14.693,9,10
"99SZyjVxEeW6RApRXdjJPw","vG7i3",c3a3253718a3524fe540ad3bcb463559b9e9ca4c,2016-04-01 19:41:16.219,10,10
"99SZyjVxEeW6RApRXdjJPw","vG7i3",3d7f86594f7b35ed4e1dbc74e8f34ce848a12299,2016-04-05 05:49:33.059,10,10
"99SZyjVxEeW6RApRXdjJPw","vG7i3",e8170f005794f144014f213e6cde1be933412528,2016-04-01 17:31:17.512,10,10
"99SZyjVxEeW6RApRXdjJPw","vG7i3",c44ec831c035bcf226d2e0ee3f35ff688720c5dc,2016-04-03 09:05:46.41,8,10
"99SZyjVxEeW6RApRXdjJPw","vG7i3",af8910869ea8d7ec07e65ffd0bc24ac9150dbbd6,2016-06-02 20:48:35.822,10,10
"99SZyjVxEeW6RApRXdjJPw","vG7i3",8b873b78a9ef4506bf73f2ae8ba3034c9be5ad70,2016-04-07 21:22:48.525,10,10
"99SZyjVxEeW6RApRXdjJPw","vG7i3",6459cdd95361c0e8fef6d3e65b9eab1ce6c7501a,2016-04-02 12:22:33.881,10,10
"99SZyjVxEeW6RApRXdjJPw","vG7i3",e8d55991db7acfe07d800a679c11098364f2a57e,2016-04-12 19:15:42.431,10,10
"99SZyjVxEeW6RApRXdjJPw","vG7i3",27d56d20a36e5133b485bd4d08c0e77022b729d7,2016-04-05 06:01:42.147,10,10
"99SZyjVxEeW6RApRXdjJPw","vG7i3",e4dc38ba3b642cbeb71fa9b7688bf81c1a6d884b,2016-04-08 21:24:32.055,8,10
"99SZyjVxEeW6RApRXdjJPw","vG7i3",6454550d89fd84535741bca1d187d7759c809709,2016-04-10 12:35:07.383,10,10
"99SZyjVxEeW6RApRXdjJPw","vG7i3",072bdb455307368502c629f1afd22930b4359aad,2016-04-04 11:18:34.628,10,10
"99SZyjVxEeW6RApRXdjJPw","vG7i3",a93c05e4cf11b387f3dd7351b9807ae2380f1560,2016-06-04 20:01:41.755,10,10
"99SZyjVxEeW6RApRXdjJPw","vG7i3",8ca1e74a05e5cda63c4aef04e43bbcc741985189,2016-04-10 08:18:50.409,10,10
"99SZyjVxEeW6RApRXdjJPw","vG7i3",c8fbbc270642ceecd80b69990948cd93bf8e3e1e,2016-05-29 11:59:53.096,10,10
"99SZyjVxEeW6RApRXdjJPw","vG7i3",254f78a6f8b15285121141a81ee08c18d1c90fce,2016-04-08 10:44:21.396,10,10
"99SZyjVxEeW6RApRXdjJPw","vG7i3",f0dd9fe2b626b165e762d2e15c07e154664db43a,2016-04-09 18:48:05.627,9,10
"99SZyjVxEeW6RApRXdjJPw","vG7i3",4482ce0d085245530602ca97f1c255ecb83a8c8f,2016-03-30 08:37:13.366,10,10
"99SZyjVxEeW6RApRXdjJPw","vG7i3",4f9e966ade3f31bf7d6d2274d0cd6090a217283d,2016-06-01 16:58:58.545,10,10
"99SZyjVxEeW6RApRXdjJPw","vG7i3",c2f428ed27e20c288dacbac3d4f2ea92b2dfdf86,2016-04-06 20:25:03.215,9,10
"99SZyjVxEeW6RApRXdjJPw","vG7i3",dcc127061ac9a3ba88d7db8761d4c8fc04c499d8,2016-04-09 13:22:42.035,10,10
"99SZyjVxEeW6RApRXdjJPw","vG7i3",f2884f73585f9123b4e86799d19da86c1690b3e2,2016-03-31 00:47:03.446,10,10
"99SZyjVxEeW6RApRXdjJPw","vG7i3",eb1d4c5a068a06753d9cbac669f48bd3b2e9daa4,2016-04-04 22:42:34.911,10,10
"99SZyjVxEeW6RApRXdjJPw","vG7i3",49ab6a5e3b09c8e7144bf977606b940dee2d7c00,2016-04-08 03:25:29.359,10,10
"99SZyjVxEeW6RApRXdjJPw","vG7i3",83a3fff5c55de805668edc0a2e3228256c71f048,2016-06-02 21:50:53.064,10,10
"99SZyjVxEeW6RApRXdjJPw","vG7i3",fbf2248b24556411d5049998b0b21d0ac51122f9,2016-04-04 20:04:02.289,10,10
"99SZyjVxEeW6RApRXdjJPw","vG7i3",459c800d999abfdae3173ef170fed9749c20fff8,2016-04-08 11:04:07.715,10,10
"99SZyjVxEeW6RApRXdjJPw","vG7i3",b1c79acecc9123d7bd4bd3d1744ef3ac8882b3f7,2016-04-13 07:26:44.769,10,10
"99SZyjVxEeW6RApRXdjJPw","vG7i3",39ca7dff49b6caf10c7b9f045b492f73d5b94b3b,2016-04-03 12:31:44.986,8,10
"99SZyjVxEeW6RApRXdjJPw","vG7i3",252350153c89bca1057570f948125cf67ef83cd9,2016-06-04 06:35:07.309,9,10
"99SZyjVxEeW6RApRXdjJPw","vG7i3",b78f2c3f5d36898a5d73314bb2f4798602a104a8,2016-04-02 21:04:06.564,10,10
"99SZyjVxEeW6RApRXdjJPw","vG7i3",070be74484df9ba1ca612618c7b6f68c807ac339,2016-04-02 10:41:04.971,10,10
"99SZyjVxEeW6RApRXdjJPw","vG7i3",153937de4e47a90eb5816aa1666cc0fc9b8bb277,2016-04-01 20:54:41.698,10,10
"99SZyjVxEeW6RApRXdjJPw","vG7i3",7d8a84e8e3d19dcdbe344c374ef7b8c81805c8d7,2016-03-27 09:01:27.252,10,10
"99SZyjVxEeW6RApRXdjJPw","vG7i3",e0f436414956e6c96d19ac1410331273b334bdf2,2016-04-13 22:31:35.758,10,10
"99SZyjVxEeW6RApRXdjJPw","vG7i3",80791a799af6883140d6f4f26a59236d0249ab10,2016-04-06 22:40:11.133,10,10
"99SZyjVxEeW6RApRXdjJPw","vG7i3",467ee24d32fdeb0e0efc9a1bf5e25a397e236d84,2016-03-28 00:44:24.383,8,10
"99SZyjVxEeW6RApRXdjJPw","vG7i3",11132d7a81620ee3a8313593903b901a324cff79,2016-03-29 15:18:13.819,9,10
"99SZyjVxEeW6RApRXdjJPw","vG7i3",58dbf9ecd9e27fb7675d7ea1cec2ad92ea234c80,2016-04-03 10:19:02.853,10,10
"99SZyjVxEeW6RApRXdjJPw","vG7i3",e2fa3f35193546ec8a2108f3ec181517afabe343,2016-04-05 10:09:47.363,10,10
"99SZyjVxEeW6RApRXdjJPw","vG7i3",5f372822bde00ff75e41e3896ecffba8c0972564,2016-05-24 04:03:08.318,10,10
"99SZyjVxEeW6RApRXdjJPw","vG7i3",47ea21ec6acd41ca9eef2ed6ac656a256b3f127a,2016-03-31 01:19:55.058,10,10
"99SZyjVxEeW6RApRXdjJPw","vG7i3",acbbf6efc0cd2246add3d51a6f9acb32711159a9,2016-04-09 12:34:11.046,10,10
"99SZyjVxEeW6RApRXdjJPw","vG7i3",1d3f29bbcd8c710d3f6506b4bfd71c999c498187,2016-06-04 15:39:46.147,10,10
"99SZyjVxEeW6RApRXdjJPw","vG7i3",62046a511104f4fe9e818d5e68aedadfe050908b,2016-04-05 12:52:52.255,8,10
"99SZyjVxEeW6RApRXdjJPw","vG7i3",098bcf62d35c28e834cfc38bf55106945affc400,2016-04-15 03:14:28.60,8,10
"99SZyjVxEeW6RApRXdjJPw","vG7i3",0e6b973562d06ce0130b4db5d2b5771dc5bcf6f2,2016-05-30 19:39:55.088,10,10
"99SZyjVxEeW6RApRXdjJPw","vG7i3",31baa7dc19ac6b7fe34f1e5e43b9170b1ada0125,2016-04-11 09:01:25.944,10,10
"99SZyjVxEeW6RApRXdjJPw","vG7i3",03278679a55642fb2607b90d0883ab06c670e1ca,2016-03-31 02:34:02.725,8,10
"99SZyjVxEeW6RApRXdjJPw","vG7i3",c855191bf9a40d8d2fd5cca19de6eddcd376041b,2016-03-27 12:31:29.167,9,10
"99SZyjVxEeW6RApRXdjJPw","vG7i3",ca53c33627bb44e7351d0d364ea1bfb5a783aa50,2016-05-30 19:24:46.486,10,10
"99SZyjVxEeW6RApRXdjJPw","vG7i3",7032ce6d8131811c2033bb39e7ce2f3415738068,2016-04-11 08:59:55.656,10,10
"99SZyjVxEeW6RApRXdjJPw","vG7i3",b433588633b56a3c3070f310754af809848933c5,2016-05-29 17:42:14.02,10,10
"99SZyjVxEeW6RApRXdjJPw","vG7i3",8907b78089b124bcde3758c7a61790841c59f8f4,2016-05-31 19:37:30.892,10,10
"99SZyjVxEeW6RApRXdjJPw","vG7i3",1c9d18f62383dd452fda9ffb7a5d1ba07b0207d6,2016-06-10 02:22:33.354,10,10
"99SZyjVxEeW6RApRXdjJPw","vG7i3",b84dbc0d67a133dfa7b41f4432791e8b5cee5957,2016-05-25 05:33:33.319,10,10
"99SZyjVxEeW6RApRXdjJPw","vG7i3",11fe6eccb2204364a469ebee95d2f1709b9c3bbd,2016-05-29 16:47:29.529,10,10
"99SZyjVxEeW6RApRXdjJPw","vG7i3",d032bf361adcee0d0b83a56ba4dd19675ead88eb,2016-05-19 05:20:52.512,10,10
"99SZyjVxEeW6RApRXdjJPw","vG7i3",c968eddff46339ade9e3d41a0a289b0913125ecd,2016-05-29 23:58:10.098,10,10
"99SZyjVxEeW6RApRXdjJPw","vG7i3",4b48063f092dbd47f5cf1e6af909ca4adec3469e,2016-04-04 15:46:12.15,9,10
"99SZyjVxEeW6RApRXdjJPw","vG7i3",e0b3d301e717361fe8f3ab9bd9936d23e56f937a,2016-03-25 21:37:09.154,10,10
"99SZyjVxEeW6RApRXdjJPw","vG7i3",8324a67b9e2d449dcefe9285d0086adf7735156f,2016-06-04 23:44:09.718,9,10
"99SZyjVxEeW6RApRXdjJPw","vG7i3",46cacea2f00c295ccb482d6c428772aedc6dd085,2016-04-11 19:12:17.849,8,10
"99SZyjVxEeW6RApRXdjJPw","vG7i3",b2db50bfc3fa5c197b3166aa801450d394f9ae4d,2016-05-27 19:41:53.899,10,10
"99SZyjVxEeW6RApRXdjJPw","vG7i3",50e2fb7791bee7fadb8a5e14dd398ebf39fbd0e7,2016-06-04 13:20:08.177,10,10
"99SZyjVxEeW6RApRXdjJPw","vG7i3",5910baa1ea83bfad84015f3b8b14b732221bd65b,2016-04-06 18:16:34.094,10,10
"99SZyjVxEeW6RApRXdjJPw","vG7i3",0bc34ffd854469b25b048a79bd827d10e798bcb2,2016-04-04 03:20:00.686,10,10
"99SZyjVxEeW6RApRXdjJPw","vG7i3",125a822976e37c83488d047ad3f52cf95f7d417e,2016-06-05 03:15:06.966,10,10
"99SZyjVxEeW6RApRXdjJPw","vG7i3",ea6c910e072512f19431c11c8f468f7370b2319c,2016-05-29 16:15:16.079,10,10
"99SZyjVxEeW6RApRXdjJPw","vG7i3",cd4f16d87b833f5a284b9e7e1a3c292576ce37e6,2016-05-29 01:49:41.375,10,10
"99SZyjVxEeW6RApRXdjJPw","vG7i3",0ddb08231761255a6e826ad91d591cbd731388a4,2016-05-31 07:15:42.432,10,10
"99SZyjVxEeW6RApRXdjJPw","vG7i3",ef3d2984ea2b4dcec934c4dd42d8682290e17c05,2016-05-27 22:35:15.531,10,10
"99SZyjVxEeW6RApRXdjJPw","vG7i3",40ccca9a2d11ca1b0229ad16933aafcd920a6975,2016-06-17 23:35:03.778,10,10
"99SZyjVxEeW6RApRXdjJPw","vG7i3",2abd343780b17a7dd4dba4cefda8cb5379d9226d,2016-05-26 15:53:15.688,10,10
"99SZyjVxEeW6RApRXdjJPw","vG7i3",232f3fd54dc495a25bd6bb3022d4908dc1d60683,2016-05-30 15:18:28.702,10,10
"99SZyjVxEeW6RApRXdjJPw","vG7i3",6d66d0f7d303dea72753fa4b4eb41b49f7b73e58,2016-05-20 15:00:20.524,10,10
