ualberta_discussions_user_id,course_id,discussion_answer_id,discussion_answer_vote_value,discussion_answer_vote_ts
bfa8e54b288d5172ccf4c039d5a83dab8ec0fd09,"99SZyjVxEeW6RApRXdjJPw","ejAcov2mEeWa4BJaeUokOQ",1,2016-04-21 07:05:54.512
eca453e58264b7cf8ed10de5d650a5e1b7507fc8,"99SZyjVxEeW6RApRXdjJPw","hFfASP4gEeWbYhLNZ2H1QQ",1,2016-04-09 16:31:25.908
ec2f45971e80610b9f6fe3330534ec81db67764e,"99SZyjVxEeW6RApRXdjJPw","-ERMhgy4Eea0FgrDsuIyMQ",1,2016-04-28 06:59:11.104
10b58e5726aca57a86fecb62b9517d12a7a4a02b,"99SZyjVxEeW6RApRXdjJPw","ElfDNvUjEeWmrgpxaSyEow",1,2016-03-29 07:15:29.424
c800ae9ca7bccac81d829d385f1c3f228f665fce,"99SZyjVxEeW6RApRXdjJPw","ElfDNvUjEeWmrgpxaSyEow",1,2016-03-28 20:38:12.666
4bf547da3825a4074b7d575eba0514cbae2d1f46,"99SZyjVxEeW6RApRXdjJPw","cHqrMwc0EeaHpBJJunFe4w",1,2016-05-08 02:55:11.047
62f2ccc73809aacc817b0853f6d8aac75c6e6cad,"99SZyjVxEeW6RApRXdjJPw","cHqrMwc0EeaHpBJJunFe4w",1,2016-04-26 14:28:18.328
d513431a3dbd93327ed8119dbd50c338e88c9975,"99SZyjVxEeW6RApRXdjJPw","cHqrMwc0EeaHpBJJunFe4w",1,2016-04-24 21:11:28.721
6ff0a31ba5ebb67e52ac1509984785fc4e0ad2a7,"99SZyjVxEeW6RApRXdjJPw","cHqrMwc0EeaHpBJJunFe4w",1,2016-04-26 15:54:28.763
bfa8e54b288d5172ccf4c039d5a83dab8ec0fd09,"99SZyjVxEeW6RApRXdjJPw","cHqrMwc0EeaHpBJJunFe4w",1,2016-04-21 07:05:10.631
5ee214b26b3b3693185eefe052a4363a39e63863,"99SZyjVxEeW6RApRXdjJPw","cHqrMwc0EeaHpBJJunFe4w",1,2016-04-21 23:36:19.442
33c1db7957d6a31e19a6eb87cb6a302cdbef066c,"99SZyjVxEeW6RApRXdjJPw","eqIOr_dgEeWPcBKgw3iPNw",1,2016-04-01 13:10:50.167
40bb3dd1228046dc3c53504138fc124468c130d9,"99SZyjVxEeW6RApRXdjJPw","eqIOr_dgEeWPcBKgw3iPNw",1,2016-04-01 11:54:49.444
dff9cc405c8d739707857ff02627a503bb1ed8ad,"99SZyjVxEeW6RApRXdjJPw","KSOGjPtpEeWHDgoRw4pwlQ",1,2016-04-06 13:39:33.397
a590c973b734fda6bfd87087103326408795dea7,"99SZyjVxEeW6RApRXdjJPw","E3t6tiNkEeaxVRJ-Fv2Eqw",1,2016-05-27 13:22:10.70
5ee214b26b3b3693185eefe052a4363a39e63863,"99SZyjVxEeW6RApRXdjJPw","N5V_gweTEeaGYRLQcnuUpQ",1,2016-04-21 07:41:40.681
db9cd35aa57c609aa886936952b177d03a658896,"99SZyjVxEeW6RApRXdjJPw","PpJYKQy5EeawWRJ2-Hqumw",1,2016-04-29 16:22:35.454
bfa8e54b288d5172ccf4c039d5a83dab8ec0fd09,"99SZyjVxEeW6RApRXdjJPw","ls9IMvEsEeWnOBISxifLdw",1,2016-04-21 07:25:10.413
10b58e5726aca57a86fecb62b9517d12a7a4a02b,"99SZyjVxEeW6RApRXdjJPw","4gTbcRrpEeaP6xImEh3H8w",1,2016-05-16 07:53:35.024
8179caca1c62b64d7ecc29b8a202524ec4c91fc5,"99SZyjVxEeW6RApRXdjJPw","CaaeTfKoEeWlJhJpbKSYeQ",1,2016-03-26 16:54:15.271
6918a6e53d989bc484eea9db210f2f6783e08fb8,"99SZyjVxEeW6RApRXdjJPw","cb1B2wyJEea84w5Krj7Aqw",1,2016-04-27 15:22:42.302
c800ae9ca7bccac81d829d385f1c3f228f665fce,"99SZyjVxEeW6RApRXdjJPw","CaaeTfKoEeWlJhJpbKSYeQ",1,2016-03-28 20:42:26.478
24c34e666ec3e53e63ca37f65d8615cbddeb8aec,"99SZyjVxEeW6RApRXdjJPw","DEsMevqEEeWTZBIrc0wCDw",1,2016-04-06 07:22:31.475
d28f091c79b20874b3b66b1c82e8eb7d9da1e956,"99SZyjVxEeW6RApRXdjJPw","zLvBvSHbEea_TAo4ODIo0w",1,2016-06-17 07:34:33.518
fe60a05847a372f1ec73ecb634c8cd0a836527c9,"99SZyjVxEeW6RApRXdjJPw","nqe1NRL0EeawWRJ2-Hqumw",1,2016-05-06 14:32:06.694
fe60a05847a372f1ec73ecb634c8cd0a836527c9,"99SZyjVxEeW6RApRXdjJPw","nqe1NRL0EeawWRJ2-Hqumw",0,2016-05-06 14:32:04.245
fe60a05847a372f1ec73ecb634c8cd0a836527c9,"99SZyjVxEeW6RApRXdjJPw","nqe1NRL0EeawWRJ2-Hqumw",1,2016-05-06 14:32:00.478
fe60a05847a372f1ec73ecb634c8cd0a836527c9,"99SZyjVxEeW6RApRXdjJPw","nqe1NRL0EeawWRJ2-Hqumw",1,2016-05-06 14:32:03.684
fe60a05847a372f1ec73ecb634c8cd0a836527c9,"99SZyjVxEeW6RApRXdjJPw","nqe1NRL0EeawWRJ2-Hqumw",1,2016-05-06 14:32:05.672
fe60a05847a372f1ec73ecb634c8cd0a836527c9,"99SZyjVxEeW6RApRXdjJPw","nqe1NRL0EeawWRJ2-Hqumw",0,2016-05-06 14:32:01.161
bfa8e54b288d5172ccf4c039d5a83dab8ec0fd09,"99SZyjVxEeW6RApRXdjJPw","SXVl3gcqEeaDjhJE0SlnTQ",1,2016-04-21 07:33:09.024
bfa8e54b288d5172ccf4c039d5a83dab8ec0fd09,"99SZyjVxEeW6RApRXdjJPw","SXVl3gcqEeaDjhJE0SlnTQ",0,2016-04-21 07:34:33.531
c98abd56294c185e8388332d68e81bf757485079,"99SZyjVxEeW6RApRXdjJPw","skfAofYOEeWfohJ0hvQveQ",1,2016-03-30 00:42:26.067
35b90de86c7237d5c3527899b78d701343fbf0d7,"99SZyjVxEeW6RApRXdjJPw","qDN6kDPXEean7xJ3I-HWGQ",1,2016-06-27 01:46:25.131
bb9cb045d9c2e2b1884e2c8884d096db2e784a16,"99SZyjVxEeW6RApRXdjJPw","c-MjDfXWEeWuFQ44bDlsAw",1,2016-03-29 21:39:06.006
831764f171d41cd6e808eb8bc8a02a58bf13bd1f,"99SZyjVxEeW6RApRXdjJPw","zzRy3yKOEeaG3QqLdYDICw",1,2016-06-02 01:55:17.273
bfa8e54b288d5172ccf4c039d5a83dab8ec0fd09,"99SZyjVxEeW6RApRXdjJPw","S882uPXNEeWmrgpxaSyEow",1,2016-04-03 03:43:47.56
aa61de94657760bda229d13249a4db92bacbd094,"99SZyjVxEeW6RApRXdjJPw","zLJIHvtBEeWhAhJG54yYkQ",1,2016-04-06 04:21:29.542
bfa8e54b288d5172ccf4c039d5a83dab8ec0fd09,"99SZyjVxEeW6RApRXdjJPw","K-P94wZJEeameQ5yARF2wQ",1,2016-04-21 07:36:28.183
9d9ccdb9cdf1e880351fc7ed15e34d2ec8cc3975,"99SZyjVxEeW6RApRXdjJPw","K-P94wZJEeameQ5yARF2wQ",1,2016-04-24 00:22:52.502
1ef2ac91c461f78f3ccfb2cb147bb3fc7f73346c,"99SZyjVxEeW6RApRXdjJPw","9mmkF_wREeWS4Ar9qFG8UQ",1,2016-04-10 13:49:46.541
e4fd1fd6a3e6f27f2b4700f09199b615fca8560e,"99SZyjVxEeW6RApRXdjJPw","HwYE1w8FEeaSqwpdV4Ekkw",1,2016-04-30 22:37:25.349
e4fd1fd6a3e6f27f2b4700f09199b615fca8560e,"99SZyjVxEeW6RApRXdjJPw","HwYE1w8FEeaSqwpdV4Ekkw",1,2016-04-30 22:37:32.149
e4fd1fd6a3e6f27f2b4700f09199b615fca8560e,"99SZyjVxEeW6RApRXdjJPw","HwYE1w8FEeaSqwpdV4Ekkw",1,2016-04-30 22:37:27.451
e4fd1fd6a3e6f27f2b4700f09199b615fca8560e,"99SZyjVxEeW6RApRXdjJPw","HwYE1w8FEeaSqwpdV4Ekkw",0,2016-04-30 22:37:30.23
6ff0a31ba5ebb67e52ac1509984785fc4e0ad2a7,"99SZyjVxEeW6RApRXdjJPw","sVIpaQeSEeajlxJZnaVADw",1,2016-04-26 02:15:52.248
dde53e7b8fb09a18e62c257f1547d8151cccec43,"99SZyjVxEeW6RApRXdjJPw","YKRxLwYYEeah3g6V3t-hIQ",1,2016-04-19 10:20:51.135
dde53e7b8fb09a18e62c257f1547d8151cccec43,"99SZyjVxEeW6RApRXdjJPw","YKRxLwYYEeah3g6V3t-hIQ",0,2016-04-19 10:20:52.198
0b6155f11b5edccab7a0e655818e6137671a1b4a,"99SZyjVxEeW6RApRXdjJPw","HNf1Rv5yEeWZDQ5TnbLmpw",1,2016-04-09 17:20:10.093
be4984b50511fd754fab168d8fa1c4f03577deb8,"99SZyjVxEeW6RApRXdjJPw","tIYeIPd5EeWTZBIrc0wCDw",1,2016-04-08 23:21:29.671
c98abd56294c185e8388332d68e81bf757485079,"99SZyjVxEeW6RApRXdjJPw","G7GyWvXuEeWB9gr2ttYzXQ",1,2016-04-01 07:37:15.589
bfa8e54b288d5172ccf4c039d5a83dab8ec0fd09,"99SZyjVxEeW6RApRXdjJPw","G7GyWvXuEeWB9gr2ttYzXQ",1,2016-04-03 03:39:42.664
10b58e5726aca57a86fecb62b9517d12a7a4a02b,"99SZyjVxEeW6RApRXdjJPw","sOBOUw16EeawWRJ2-Hqumw",1,2016-05-02 05:09:34.183
62f2ccc73809aacc817b0853f6d8aac75c6e6cad,"99SZyjVxEeW6RApRXdjJPw","sOBOUw16EeawWRJ2-Hqumw",1,2016-05-02 20:00:51.541
146b198edcc6dddd2a039a9c12f4856a2004c819,"99SZyjVxEeW6RApRXdjJPw","sOBOUw16EeawWRJ2-Hqumw",1,2016-04-29 18:51:36.712
27319186e217fc5bc3df88b26ea442d655fd062b,"99SZyjVxEeW6RApRXdjJPw","sOBOUw16EeawWRJ2-Hqumw",1,2016-05-01 17:22:57.102
0b6155f11b5edccab7a0e655818e6137671a1b4a,"99SZyjVxEeW6RApRXdjJPw","sOBOUw16EeawWRJ2-Hqumw",1,2016-04-30 07:08:48.212
958e31650db7e044db167e4d511eea5a5ebee126,"99SZyjVxEeW6RApRXdjJPw","sOBOUw16EeawWRJ2-Hqumw",1,2016-04-29 13:56:40.102
f7939115d263308380a6abdc4c6df47a96b63ff5,"99SZyjVxEeW6RApRXdjJPw","sOBOUw16EeawWRJ2-Hqumw",1,2016-04-30 18:17:22.675
5ee214b26b3b3693185eefe052a4363a39e63863,"99SZyjVxEeW6RApRXdjJPw","sOBOUw16EeawWRJ2-Hqumw",1,2016-04-29 16:13:09.664
d042dc486aff1f3ede8c8a023ffc51558fb452b0,"99SZyjVxEeW6RApRXdjJPw","sOBOUw16EeawWRJ2-Hqumw",1,2016-04-28 21:45:30.396
be4984b50511fd754fab168d8fa1c4f03577deb8,"99SZyjVxEeW6RApRXdjJPw","sOBOUw16EeawWRJ2-Hqumw",1,2016-05-01 05:05:20.876
4a53a21cae1cae164486b91ebf5a16023401649f,"99SZyjVxEeW6RApRXdjJPw","sOBOUw16EeawWRJ2-Hqumw",1,2016-04-28 20:13:06.812
6de60a60add2d1417f5290847cc2d226d5302ab6,"99SZyjVxEeW6RApRXdjJPw","sOBOUw16EeawWRJ2-Hqumw",1,2016-05-02 06:44:07.092
a7030d294ea82182b9d63faa71ecded636674636,"99SZyjVxEeW6RApRXdjJPw","Tk7FHwqCEeaaAw5QcGCkqQ",1,2016-04-25 01:26:57.205
bfa8e54b288d5172ccf4c039d5a83dab8ec0fd09,"99SZyjVxEeW6RApRXdjJPw","f-R0lPaQEeWSBxKpjBqu3Q",1,2016-04-04 06:54:30.252
6918a6e53d989bc484eea9db210f2f6783e08fb8,"99SZyjVxEeW6RApRXdjJPw","KbOAvQ5JEea63hJ3Ni_BAw",1,2016-05-05 11:47:39.443
bfa8e54b288d5172ccf4c039d5a83dab8ec0fd09,"99SZyjVxEeW6RApRXdjJPw","zVhad_qCEeW6Zw7gOA-Tyw",0,2016-04-21 07:19:07.191
bfa8e54b288d5172ccf4c039d5a83dab8ec0fd09,"99SZyjVxEeW6RApRXdjJPw","zVhad_qCEeW6Zw7gOA-Tyw",1,2016-04-21 07:19:14.694
bfa8e54b288d5172ccf4c039d5a83dab8ec0fd09,"99SZyjVxEeW6RApRXdjJPw","zVhad_qCEeW6Zw7gOA-Tyw",1,2016-04-21 07:17:52.67
35b90de86c7237d5c3527899b78d701343fbf0d7,"99SZyjVxEeW6RApRXdjJPw","OzRD4TlLEeaSvQr5rWp-YQ",1,2016-06-27 01:44:31.49
7215b52188a00620e3ffa54ab120c7ee191cea37,"99SZyjVxEeW6RApRXdjJPw","v7eJ5fYZEeWwfgrZnMB2OQ",1,2016-03-30 18:45:21.372
40bb3dd1228046dc3c53504138fc124468c130d9,"99SZyjVxEeW6RApRXdjJPw","v7eJ5fYZEeWwfgrZnMB2OQ",1,2016-04-01 11:54:21.836
7abcbe0892cb53bc380025873b7a6e743b2c2ccc,"99SZyjVxEeW6RApRXdjJPw","v7eJ5fYZEeWwfgrZnMB2OQ",1,2016-03-30 02:34:25.038
bfa8e54b288d5172ccf4c039d5a83dab8ec0fd09,"99SZyjVxEeW6RApRXdjJPw","RA-VugcNEeah3g6V3t-hIQ",1,2016-04-21 07:35:33.853
db9cd35aa57c609aa886936952b177d03a658896,"99SZyjVxEeW6RApRXdjJPw","0TpRyP7UEeWHDgoRw4pwlQ",1,2016-04-11 14:44:39.673
db9cd35aa57c609aa886936952b177d03a658896,"99SZyjVxEeW6RApRXdjJPw","0TpRyP7UEeWHDgoRw4pwlQ",1,2016-04-10 04:36:14.299
db9cd35aa57c609aa886936952b177d03a658896,"99SZyjVxEeW6RApRXdjJPw","0TpRyP7UEeWHDgoRw4pwlQ",0,2016-04-11 14:44:31.109
a590c973b734fda6bfd87087103326408795dea7,"99SZyjVxEeW6RApRXdjJPw","5Y8odiwCEealng5zBIyoKQ",1,2016-06-07 05:39:58.102
db9cd35aa57c609aa886936952b177d03a658896,"99SZyjVxEeW6RApRXdjJPw","DyaUdf-TEeWZDQ5TnbLmpw",1,2016-04-11 14:44:43.176
2f6229182e1559635229821f94be5d04fef593d2,"99SZyjVxEeW6RApRXdjJPw","PKlCiwTGEeagVwrGhMvzTw",0,2016-04-23 20:27:26.475
2f6229182e1559635229821f94be5d04fef593d2,"99SZyjVxEeW6RApRXdjJPw","PKlCiwTGEeagVwrGhMvzTw",1,2016-04-23 20:27:25.588
24c34e666ec3e53e63ca37f65d8615cbddeb8aec,"99SZyjVxEeW6RApRXdjJPw","Wscgg_qCEeWUlRKoMCES4w",1,2016-04-05 14:35:24.825
bea24dfc80b39b27a850bbd2c528d124dfb7ea30,"99SZyjVxEeW6RApRXdjJPw","YEKsVw1sEeaSqwpdV4Ekkw",1,2016-04-30 08:55:46.45
c4ad5ff438e33b03f5f17eaf2eb1e9eadf3265ba,"99SZyjVxEeW6RApRXdjJPw","bycq9PW9EeWchxJDzxANrQ",1,2016-03-29 14:49:33.621
bb9cb045d9c2e2b1884e2c8884d096db2e784a16,"99SZyjVxEeW6RApRXdjJPw","TfDtn_jMEeWPcBKgw3iPNw",1,2016-04-02 21:02:05.98
10b58e5726aca57a86fecb62b9517d12a7a4a02b,"99SZyjVxEeW6RApRXdjJPw","-YwYGvWNEeWfohJ0hvQveQ",1,2016-04-23 22:26:22.457
10b58e5726aca57a86fecb62b9517d12a7a4a02b,"99SZyjVxEeW6RApRXdjJPw","-YwYGvWNEeWfohJ0hvQveQ",1,2016-03-29 09:24:00.693
10b58e5726aca57a86fecb62b9517d12a7a4a02b,"99SZyjVxEeW6RApRXdjJPw","-YwYGvWNEeWfohJ0hvQveQ",0,2016-04-23 22:26:19.76
831764f171d41cd6e808eb8bc8a02a58bf13bd1f,"99SZyjVxEeW6RApRXdjJPw","YfaUKSaOEeawRg6_aDBdWw",1,2016-06-02 02:37:36.634
db9cd35aa57c609aa886936952b177d03a658896,"99SZyjVxEeW6RApRXdjJPw","9fsnt_aMEeWchxJDzxANrQ",1,2016-04-01 10:35:25.519
831764f171d41cd6e808eb8bc8a02a58bf13bd1f,"99SZyjVxEeW6RApRXdjJPw","O5BeezyGEeaswA4y58BhkQ",1,2016-06-27 16:46:15.753
f3cdabf8d12c424c66cd5b680f2ebce9f063b130,"99SZyjVxEeW6RApRXdjJPw","qH_YAPncEeWUlRKoMCES4w",1,2016-04-03 21:16:00.199
be4984b50511fd754fab168d8fa1c4f03577deb8,"99SZyjVxEeW6RApRXdjJPw","gb9cqgcNEeaBWgq4VfKpVw",1,2016-04-20 17:29:02.934
bfa8e54b288d5172ccf4c039d5a83dab8ec0fd09,"99SZyjVxEeW6RApRXdjJPw","gb9cqgcNEeaBWgq4VfKpVw",1,2016-04-21 07:33:05.13
fec2fcef7a7647062e00fd20d7932bcf244faffa,"99SZyjVxEeW6RApRXdjJPw","Vv0eKBtuEeawBQpBGS9q9w",1,2016-05-22 23:26:18.082
f39c6349af74c10aee999548e0e34ac28078c8ef,"99SZyjVxEeW6RApRXdjJPw","DlzjAxCCEeaotQoPyNtt_Q",1,2016-05-02 17:28:18.873
6918a6e53d989bc484eea9db210f2f6783e08fb8,"99SZyjVxEeW6RApRXdjJPw","VtiaI_XLEeWhbg4BpFa_-Q",1,2016-03-29 18:12:34.521
5ee214b26b3b3693185eefe052a4363a39e63863,"99SZyjVxEeW6RApRXdjJPw","-Sk7cA1cEeaNagrozOF-VQ",1,2016-04-29 16:06:44.82
4a53a21cae1cae164486b91ebf5a16023401649f,"99SZyjVxEeW6RApRXdjJPw","VtiaI_XLEeWhbg4BpFa_-Q",1,2016-03-30 04:02:55.467
bfa8e54b288d5172ccf4c039d5a83dab8ec0fd09,"99SZyjVxEeW6RApRXdjJPw","zhN6fPqHEeWs9Q5ernAFuQ",1,2016-04-05 19:06:17.632
e9787c4aadb4eaba0486789253a55da8fab8c733,"99SZyjVxEeW6RApRXdjJPw","3_9IEPXQEeWqQwq9khhH1Q",1,2016-03-29 19:59:34.847
71da4849090a2fab8a258d5ae331288fbf212918,"99SZyjVxEeW6RApRXdjJPw","E9VQpSmdEeaKAhJC1hWxEQ",1,2016-06-03 17:52:38.921
10b58e5726aca57a86fecb62b9517d12a7a4a02b,"99SZyjVxEeW6RApRXdjJPw","sUwtdBCgEeavcw5bns7DCQ",1,2016-05-04 08:15:31.757
10b58e5726aca57a86fecb62b9517d12a7a4a02b,"99SZyjVxEeW6RApRXdjJPw","sUwtdBCgEeavcw5bns7DCQ",1,2016-05-04 08:15:40.416
fec2fcef7a7647062e00fd20d7932bcf244faffa,"99SZyjVxEeW6RApRXdjJPw","nCIJ2yzDEea2MgrBjcQhKw",1,2016-06-28 20:57:53.348
4bf547da3825a4074b7d575eba0514cbae2d1f46,"99SZyjVxEeW6RApRXdjJPw","9AL1dwvLEeaxsBIihWq87Q",1,2016-05-08 02:55:23.972
4bf547da3825a4074b7d575eba0514cbae2d1f46,"99SZyjVxEeW6RApRXdjJPw","SnOXdAgaEeacXxLBwMWIUw",1,2016-05-08 02:55:18.14
6ff0a31ba5ebb67e52ac1509984785fc4e0ad2a7,"99SZyjVxEeW6RApRXdjJPw","SnOXdAgaEeacXxLBwMWIUw",1,2016-04-26 15:54:27.803
4a53a21cae1cae164486b91ebf5a16023401649f,"99SZyjVxEeW6RApRXdjJPw","SnOXdAgaEeacXxLBwMWIUw",1,2016-04-26 16:25:19.798
d28f091c79b20874b3b66b1c82e8eb7d9da1e956,"99SZyjVxEeW6RApRXdjJPw","3WN30DPWEean7xJ3I-HWGQ",1,2016-06-17 07:38:59.753
bb9cb045d9c2e2b1884e2c8884d096db2e784a16,"99SZyjVxEeW6RApRXdjJPw","6cZK5QcLEeaFxAruJmtipQ",1,2016-04-20 20:41:21.965
75620198b60fc34fc6fffd64bfc62b3cbe40d812,"99SZyjVxEeW6RApRXdjJPw","_NyRFzBMEea2MgrBjcQhKw",1,2016-06-15 15:57:37.794
043e421e16f4ba10ff7475b0b5e0537394f34804,"99SZyjVxEeW6RApRXdjJPw","A3ip1wpmEeaC2Qp7KBUB1w",1,2016-04-25 19:05:51.16
831010388df4cc07948090ffd3b92b99e142ede1,"99SZyjVxEeW6RApRXdjJPw","A6hXaAWCEeamGg7Dz_SaMQ",1,2016-04-18 18:28:20.749
6414708e7bb71b16ed94ba40ca28e2b4d3c28978,"99SZyjVxEeW6RApRXdjJPw","A6hXaAWCEeamGg7Dz_SaMQ",1,2016-04-18 16:53:35.225
081ef5e9a6d66f078e27081c4491848f59961fc5,"99SZyjVxEeW6RApRXdjJPw","A3ip1wpmEeaC2Qp7KBUB1w",1,2016-04-28 05:20:30.679
c800ae9ca7bccac81d829d385f1c3f228f665fce,"99SZyjVxEeW6RApRXdjJPw","WKRoV_TcEeWfohJ0hvQveQ",1,2016-03-28 12:32:25.005
4a53a21cae1cae164486b91ebf5a16023401649f,"99SZyjVxEeW6RApRXdjJPw","WKRoV_TcEeWfohJ0hvQveQ",1,2016-03-28 15:00:23.116
8179caca1c62b64d7ecc29b8a202524ec4c91fc5,"99SZyjVxEeW6RApRXdjJPw","w91qVfN8EeWi3hK4t5iOYw",1,2016-03-26 19:55:07.925
bfa8e54b288d5172ccf4c039d5a83dab8ec0fd09,"99SZyjVxEeW6RApRXdjJPw","Oyu5OPaREeWhbg4BpFa_-Q",1,2016-04-03 03:47:34.51
35b90de86c7237d5c3527899b78d701343fbf0d7,"99SZyjVxEeW6RApRXdjJPw","sRUXD_hBEeWKUg5ak3F-gw",1,2016-04-10 00:48:50.826
40aaa70ff66676d1524a3183350a5436fc6b6920,"99SZyjVxEeW6RApRXdjJPw","sRUXD_hBEeWKUg5ak3F-gw",1,2016-04-02 09:52:16.115
bfa8e54b288d5172ccf4c039d5a83dab8ec0fd09,"99SZyjVxEeW6RApRXdjJPw","sRUXD_hBEeWKUg5ak3F-gw",1,2016-04-03 03:38:19.101
2e9282a93c1e099d94137d85dbf9d20d6c914847,"99SZyjVxEeW6RApRXdjJPw","sRUXD_hBEeWKUg5ak3F-gw",1,2016-04-01 21:22:37.32
4a53a21cae1cae164486b91ebf5a16023401649f,"99SZyjVxEeW6RApRXdjJPw","W7Sx4fN1EeWmrgpxaSyEow",1,2016-03-28 15:00:07.797
2a4fd5d97b931e2a61745d6db234f0d9eb641b6e,"99SZyjVxEeW6RApRXdjJPw","F_Uq9jiTEeaDRA5SxbW7qQ",1,2016-06-25 03:32:55.926
36e555bf61269f6cbc3434e02b5b28085c45a78b,"99SZyjVxEeW6RApRXdjJPw","N65jBPX7EeWhbg4BpFa_-Q",1,2016-03-29 22:12:42.81
f7939115d263308380a6abdc4c6df47a96b63ff5,"99SZyjVxEeW6RApRXdjJPw","N65jBPX7EeWhbg4BpFa_-Q",1,2016-03-29 23:58:00.293
7b549dd1f05480d8acc631b7b719184cc8eb46a8,"99SZyjVxEeW6RApRXdjJPw","N65jBPX7EeWhbg4BpFa_-Q",1,2016-03-30 00:05:42.034
bea24dfc80b39b27a850bbd2c528d124dfb7ea30,"99SZyjVxEeW6RApRXdjJPw","uFj_GRB_Eea0FgrDsuIyMQ",1,2016-05-02 18:02:18.276
bb9cb045d9c2e2b1884e2c8884d096db2e784a16,"99SZyjVxEeW6RApRXdjJPw","ggfFpvOHEeWSBxKpjBqu3Q",1,2016-03-28 03:56:47.792
bea24dfc80b39b27a850bbd2c528d124dfb7ea30,"99SZyjVxEeW6RApRXdjJPw","5J8cOQupEea44Qp49aJR6w",1,2016-04-30 08:55:50.222
27319186e217fc5bc3df88b26ea442d655fd062b,"99SZyjVxEeW6RApRXdjJPw","5J8cOQupEea44Qp49aJR6w",1,2016-04-27 19:26:28.361
8d37571e4e2351394e9a1631822ce095d18f12c4,"99SZyjVxEeW6RApRXdjJPw","5J8cOQupEea44Qp49aJR6w",1,2016-04-28 00:38:52.261
35b90de86c7237d5c3527899b78d701343fbf0d7,"99SZyjVxEeW6RApRXdjJPw","_zmDIS2IEeaoXg7YgQ2Cfw",1,2016-06-27 01:46:45.302
bb9cb045d9c2e2b1884e2c8884d096db2e784a16,"99SZyjVxEeW6RApRXdjJPw","RK3QGPvMEeWbYhLNZ2H1QQ",1,2016-04-06 07:56:49.393
bb9cb045d9c2e2b1884e2c8884d096db2e784a16,"99SZyjVxEeW6RApRXdjJPw","RK3QGPvMEeWbYhLNZ2H1QQ",1,2016-04-06 20:40:39.183
bb9cb045d9c2e2b1884e2c8884d096db2e784a16,"99SZyjVxEeW6RApRXdjJPw","RK3QGPvMEeWbYhLNZ2H1QQ",0,2016-04-06 20:40:37.832
7c999926a0a0c08998f278004358819c0be89d18,"99SZyjVxEeW6RApRXdjJPw","rCXAC_aAEeWwfgrZnMB2OQ",1,2016-04-02 14:16:09.509
75620198b60fc34fc6fffd64bfc62b3cbe40d812,"99SZyjVxEeW6RApRXdjJPw","sy1mdymdEeaKAhJC1hWxEQ",1,2016-06-05 00:21:47.634
80d125ff88c38e587f965562dbcd00c25773fb27,"99SZyjVxEeW6RApRXdjJPw","INB5KfBjEeWB0QpuSDkq-Q",1,2016-03-23 11:59:04.096
80d125ff88c38e587f965562dbcd00c25773fb27,"99SZyjVxEeW6RApRXdjJPw","INB5KfBjEeWB0QpuSDkq-Q",0,2016-03-23 11:59:02.62
80d125ff88c38e587f965562dbcd00c25773fb27,"99SZyjVxEeW6RApRXdjJPw","INB5KfBjEeWB0QpuSDkq-Q",1,2016-03-23 09:50:59.198
db9cd35aa57c609aa886936952b177d03a658896,"99SZyjVxEeW6RApRXdjJPw","Ef4geg1fEeaxsBIihWq87Q",1,2016-04-29 16:27:28.702
10b58e5726aca57a86fecb62b9517d12a7a4a02b,"99SZyjVxEeW6RApRXdjJPw","VLuS_fCvEeWB0QpuSDkq-Q",1,2016-03-23 15:21:39.564
0b6155f11b5edccab7a0e655818e6137671a1b4a,"99SZyjVxEeW6RApRXdjJPw","Ef4geg1fEeaxsBIihWq87Q",1,2016-04-29 08:54:52.541
958e31650db7e044db167e4d511eea5a5ebee126,"99SZyjVxEeW6RApRXdjJPw","Ef4geg1fEeaxsBIihWq87Q",1,2016-04-29 13:49:05.111
9c545140ddfd04517d924377ab3c40a54cc7c9f6,"99SZyjVxEeW6RApRXdjJPw","Ef4geg1fEeaxsBIihWq87Q",1,2016-05-02 04:46:17.973
6918a6e53d989bc484eea9db210f2f6783e08fb8,"99SZyjVxEeW6RApRXdjJPw","Ef4geg1fEeaxsBIihWq87Q",1,2016-05-05 11:45:49.172
d042dc486aff1f3ede8c8a023ffc51558fb452b0,"99SZyjVxEeW6RApRXdjJPw","Ef4geg1fEeaxsBIihWq87Q",1,2016-04-28 19:28:24.024
4a53a21cae1cae164486b91ebf5a16023401649f,"99SZyjVxEeW6RApRXdjJPw","Ef4geg1fEeaxsBIihWq87Q",1,2016-04-29 17:45:30.69
9dc0df3d14c5ada1256558be2bb31b15e608a791,"99SZyjVxEeW6RApRXdjJPw","VLuS_fCvEeWB0QpuSDkq-Q",1,2016-03-23 09:18:31.013
f57a3382e7c445f9ef13540fa33bcb3c2263a2a2,"99SZyjVxEeW6RApRXdjJPw","xW1SN_DeEeWPKQpBKpg03Q",1,2016-03-23 10:10:39.478
bb9cb045d9c2e2b1884e2c8884d096db2e784a16,"99SZyjVxEeW6RApRXdjJPw","wts27v5gEeWpRBJSZ0Y3Bw",1,2016-04-09 20:56:43.159
bfa8e54b288d5172ccf4c039d5a83dab8ec0fd09,"99SZyjVxEeW6RApRXdjJPw","RpSKRQMiEeaFvxKtmk5LcQ",1,2016-04-15 23:03:16.279
bfa8e54b288d5172ccf4c039d5a83dab8ec0fd09,"99SZyjVxEeW6RApRXdjJPw","EKoZOPqHEeWGRgp2IDLuIQ",1,2016-04-21 07:12:06.508
35b90de86c7237d5c3527899b78d701343fbf0d7,"99SZyjVxEeW6RApRXdjJPw","HMpyATkTEeaJZA6Ew5-W7Q",1,2016-06-27 01:44:19.834
10b58e5726aca57a86fecb62b9517d12a7a4a02b,"99SZyjVxEeW6RApRXdjJPw","GKfPFwGeEeaFvxKtmk5LcQ",1,2016-04-14 09:07:24.534
bfa8e54b288d5172ccf4c039d5a83dab8ec0fd09,"99SZyjVxEeW6RApRXdjJPw","mhi74vzPEeWS4Ar9qFG8UQ",1,2016-04-21 07:39:07.061
c800ae9ca7bccac81d829d385f1c3f228f665fce,"99SZyjVxEeW6RApRXdjJPw","UrpMRPOxEeWfohJ0hvQveQ",1,2016-03-28 20:42:55.188
09496afbb7d49e39d2853bf4d6e66985e6c73021,"99SZyjVxEeW6RApRXdjJPw","fCdy-f3GEeWa4BJaeUokOQ",1,2016-04-14 13:07:33.358
bfa8e54b288d5172ccf4c039d5a83dab8ec0fd09,"99SZyjVxEeW6RApRXdjJPw","fCdy-f3GEeWa4BJaeUokOQ",1,2016-04-21 07:06:00.459
ecf4c8761ff3f0e3365a2973dfd59a4f08194266,"99SZyjVxEeW6RApRXdjJPw","BYWroDfFEeadhwqsf_OHNQ",1,2016-06-21 23:20:02.768
f39c6349af74c10aee999548e0e34ac28078c8ef,"99SZyjVxEeW6RApRXdjJPw","KjdVkhCgEeaxsBIihWq87Q",1,2016-05-03 14:29:00.628
10b58e5726aca57a86fecb62b9517d12a7a4a02b,"99SZyjVxEeW6RApRXdjJPw","KjdVkhCgEeaxsBIihWq87Q",1,2016-05-04 08:15:24.282
62f2ccc73809aacc817b0853f6d8aac75c6e6cad,"99SZyjVxEeW6RApRXdjJPw","KjdVkhCgEeaxsBIihWq87Q",1,2016-05-02 20:01:00.504
9dc0df3d14c5ada1256558be2bb31b15e608a791,"99SZyjVxEeW6RApRXdjJPw","KjdVkhCgEeaxsBIihWq87Q",1,2016-05-02 20:00:48.94
bfa8e54b288d5172ccf4c039d5a83dab8ec0fd09,"99SZyjVxEeW6RApRXdjJPw","lb04OgWkEeaXyAokJRhgfQ",1,2016-04-18 23:33:50.702
a590c973b734fda6bfd87087103326408795dea7,"99SZyjVxEeW6RApRXdjJPw","08VJDyKHEeaNSw6v6KnGpw",1,2016-05-27 13:22:26.357
0b6155f11b5edccab7a0e655818e6137671a1b4a,"99SZyjVxEeW6RApRXdjJPw","pcUzGv5uEeWjZRIrkC40zw",0,2016-04-09 16:21:34.359
0b6155f11b5edccab7a0e655818e6137671a1b4a,"99SZyjVxEeW6RApRXdjJPw","pcUzGv5uEeWjZRIrkC40zw",1,2016-04-09 16:19:53.022
eca453e58264b7cf8ed10de5d650a5e1b7507fc8,"99SZyjVxEeW6RApRXdjJPw","fnuP7P5vEeWpRBJSZ0Y3Bw",1,2016-04-09 16:31:29.551
ec2f45971e80610b9f6fe3330534ec81db67764e,"99SZyjVxEeW6RApRXdjJPw","fnuP7P5vEeWpRBJSZ0Y3Bw",1,2016-04-09 18:36:09.557
8179caca1c62b64d7ecc29b8a202524ec4c91fc5,"99SZyjVxEeW6RApRXdjJPw","wVSTkPOKEeWB9gr2ttYzXQ",1,2016-03-26 19:55:04.542
bb9cb045d9c2e2b1884e2c8884d096db2e784a16,"99SZyjVxEeW6RApRXdjJPw","wVSTkPOKEeWB9gr2ttYzXQ",1,2016-03-28 00:55:40.309
80d125ff88c38e587f965562dbcd00c25773fb27,"99SZyjVxEeW6RApRXdjJPw","ovDeCPBcEeWkUAr_DMJ5Lw",1,2016-03-23 09:51:02.357
0b6155f11b5edccab7a0e655818e6137671a1b4a,"99SZyjVxEeW6RApRXdjJPw","yaAPNv5lEeWJIg651qnFcw",1,2016-04-09 16:22:05.906
4bf547da3825a4074b7d575eba0514cbae2d1f46,"99SZyjVxEeW6RApRXdjJPw","AyAIRA1ZEeaqig5uXwUeGw",1,2016-05-08 02:55:29.328
10b58e5726aca57a86fecb62b9517d12a7a4a02b,"99SZyjVxEeW6RApRXdjJPw","Bv2bw_7OEeWJIg651qnFcw",1,2016-04-10 07:53:47.405
e4fd1fd6a3e6f27f2b4700f09199b615fca8560e,"99SZyjVxEeW6RApRXdjJPw","AyAIRA1ZEeaqig5uXwUeGw",1,2016-04-28 15:56:08.237
30b8d3d0604a8f7b150fcab6ed67ce5937647901,"99SZyjVxEeW6RApRXdjJPw","5EOYITlUEeaIhBLoYw6bKw",1,2016-06-23 15:35:51.987
bfa8e54b288d5172ccf4c039d5a83dab8ec0fd09,"99SZyjVxEeW6RApRXdjJPw","I1AEpwWDEeaQlgqeW2LgFQ",1,2016-04-18 23:33:40.257
a590c973b734fda6bfd87087103326408795dea7,"99SZyjVxEeW6RApRXdjJPw","CK2g7CHBEeaG3QqLdYDICw",1,2016-05-27 13:22:35.33
5449674cafb4d91701b5a2baed615a859fef826d,"99SZyjVxEeW6RApRXdjJPw","JKlNnvkWEeWRJQquNiz-Jw",1,2016-04-02 21:03:12.998
eca453e58264b7cf8ed10de5d650a5e1b7507fc8,"99SZyjVxEeW6RApRXdjJPw","N-vKxP2sEeWW0grgb0UTkQ",1,2016-04-09 16:31:11.595
081ef5e9a6d66f078e27081c4491848f59961fc5,"99SZyjVxEeW6RApRXdjJPw","2hQ-3Q1gEea44Qp49aJR6w",1,2016-04-29 06:17:05.179
35b90de86c7237d5c3527899b78d701343fbf0d7,"99SZyjVxEeW6RApRXdjJPw","RqvKeDfEEeaJAAqDwR2raQ",1,2016-06-27 01:44:20.544
bb9cb045d9c2e2b1884e2c8884d096db2e784a16,"99SZyjVxEeW6RApRXdjJPw","JZ1Xy_qjEeWs9Q5ernAFuQ",1,2016-04-06 07:56:50.643
bb9cb045d9c2e2b1884e2c8884d096db2e784a16,"99SZyjVxEeW6RApRXdjJPw","JZ1Xy_qjEeWs9Q5ernAFuQ",0,2016-04-06 07:56:48.029
bb9cb045d9c2e2b1884e2c8884d096db2e784a16,"99SZyjVxEeW6RApRXdjJPw","JZ1Xy_qjEeWs9Q5ernAFuQ",1,2016-04-06 07:56:47.073
9d9ccdb9cdf1e880351fc7ed15e34d2ec8cc3975,"99SZyjVxEeW6RApRXdjJPw","dDy7yPdbEeWTnRIwzGCJxQ",1,2016-03-31 19:49:42.517
6918a6e53d989bc484eea9db210f2f6783e08fb8,"99SZyjVxEeW6RApRXdjJPw","8a0tsA4REea84w5Krj7Aqw",1,2016-05-05 11:46:34.506
c98abd56294c185e8388332d68e81bf757485079,"99SZyjVxEeW6RApRXdjJPw","zkqkhPabEeWqQwq9khhH1Q",1,2016-04-01 07:37:04.116
bfa8e54b288d5172ccf4c039d5a83dab8ec0fd09,"99SZyjVxEeW6RApRXdjJPw","jU8XMvCsEeWPKQpBKpg03Q",1,2016-03-27 22:47:52.02
35b90de86c7237d5c3527899b78d701343fbf0d7,"99SZyjVxEeW6RApRXdjJPw","Lp-vPDt4EeaVABKtWz_zNw",1,2016-06-27 01:44:29.554
0b6155f11b5edccab7a0e655818e6137671a1b4a,"99SZyjVxEeW6RApRXdjJPw","fDvuJfjwEeWGRgp2IDLuIQ",1,2016-04-09 16:30:46.847
bfa8e54b288d5172ccf4c039d5a83dab8ec0fd09,"99SZyjVxEeW6RApRXdjJPw","fDvuJfjwEeWGRgp2IDLuIQ",1,2016-04-03 03:45:02.288
aa61de94657760bda229d13249a4db92bacbd094,"99SZyjVxEeW6RApRXdjJPw","Iz-zvfgfEeWs9Q5ernAFuQ",1,2016-04-06 04:22:31.88
fec2fcef7a7647062e00fd20d7932bcf244faffa,"99SZyjVxEeW6RApRXdjJPw","7SGKNRLOEeaO1w7d1s7iLw",1,2016-05-22 23:37:42.373
bfa8e54b288d5172ccf4c039d5a83dab8ec0fd09,"99SZyjVxEeW6RApRXdjJPw","M_eDWQk-Eeapsg5V67N9Xw",1,2016-04-25 22:36:26.946
10b58e5726aca57a86fecb62b9517d12a7a4a02b,"99SZyjVxEeW6RApRXdjJPw","sdfNlP6KEeWftQ4Vb9ltCw",1,2016-04-10 07:53:50.341
bfa8e54b288d5172ccf4c039d5a83dab8ec0fd09,"99SZyjVxEeW6RApRXdjJPw","l06MUAcPEea9ygrU1TZnpw",1,2016-04-21 07:35:32.388
0b6155f11b5edccab7a0e655818e6137671a1b4a,"99SZyjVxEeW6RApRXdjJPw","SWKZyv53EeWpRBJSZ0Y3Bw",1,2016-04-10 07:19:32.163
5ee214b26b3b3693185eefe052a4363a39e63863,"99SZyjVxEeW6RApRXdjJPw","NSJPPBI7EeaSqwpdV4Ekkw",1,2016-05-06 20:11:25.371
bb9cb045d9c2e2b1884e2c8884d096db2e784a16,"99SZyjVxEeW6RApRXdjJPw","yFJoRPwTEeWS4Ar9qFG8UQ",1,2016-04-06 20:40:46.942
6f8900fe2d853cb7f41a1d005a7f52d5b133911f,"99SZyjVxEeW6RApRXdjJPw","RhIdJjkUEeaL_xIEq4QdBw",1,2016-06-23 13:06:19.17
6918a6e53d989bc484eea9db210f2f6783e08fb8,"99SZyjVxEeW6RApRXdjJPw","o_0R3w1DEea44Qp49aJR6w",1,2016-05-05 11:44:39.406
40aaa70ff66676d1524a3183350a5436fc6b6920,"99SZyjVxEeW6RApRXdjJPw","p3gu0_XnEeWhbg4BpFa_-Q",1,2016-04-02 08:24:31.292
bfa8e54b288d5172ccf4c039d5a83dab8ec0fd09,"99SZyjVxEeW6RApRXdjJPw","qAwQ0AAIEeau1Q5gvOuhYQ",1,2016-04-21 07:29:17.232
30b8d3d0604a8f7b150fcab6ed67ce5937647901,"99SZyjVxEeW6RApRXdjJPw","8JoHLzSQEeaXxw4XkwFxSw",1,2016-06-19 03:01:17.715
6918a6e53d989bc484eea9db210f2f6783e08fb8,"99SZyjVxEeW6RApRXdjJPw","efzAwQ4yEea63hJ3Ni_BAw",1,2016-05-05 11:47:28.121
ba9871809509fa9d33955a306831b56c67b098d1,"99SZyjVxEeW6RApRXdjJPw","cUYXdvb0EeWdIhI-GrEcAw",1,2016-03-31 12:19:25.007
db9cd35aa57c609aa886936952b177d03a658896,"99SZyjVxEeW6RApRXdjJPw","ds52QwWFEeagVwrGhMvzTw",1,2016-04-29 16:20:17.213
bfa8e54b288d5172ccf4c039d5a83dab8ec0fd09,"99SZyjVxEeW6RApRXdjJPw","WwcKmwAVEeavUQqXcskp8Q",1,2016-04-21 07:29:55.128
bfa8e54b288d5172ccf4c039d5a83dab8ec0fd09,"99SZyjVxEeW6RApRXdjJPw","ds52QwWFEeagVwrGhMvzTw",1,2016-04-21 07:05:25.066
5ee214b26b3b3693185eefe052a4363a39e63863,"99SZyjVxEeW6RApRXdjJPw","ds52QwWFEeagVwrGhMvzTw",1,2016-04-21 23:36:21.891
f39c6349af74c10aee999548e0e34ac28078c8ef,"99SZyjVxEeW6RApRXdjJPw","BOx2_RCBEeaSqwpdV4Ekkw",1,2016-05-02 17:25:37.489
9dc0df3d14c5ada1256558be2bb31b15e608a791,"99SZyjVxEeW6RApRXdjJPw","ZBR8rvtpEeWS4Ar9qFG8UQ",1,2016-04-05 20:38:44.972
3c47649e83c9fd4f16abefcdeaa0a711dfd01105,"99SZyjVxEeW6RApRXdjJPw","fC4dMftqEeWpRBJSZ0Y3Bw",1,2016-04-07 01:00:12.727
6918a6e53d989bc484eea9db210f2f6783e08fb8,"99SZyjVxEeW6RApRXdjJPw","fC4dMftqEeWpRBJSZ0Y3Bw",1,2016-04-06 10:16:33.743
eca453e58264b7cf8ed10de5d650a5e1b7507fc8,"99SZyjVxEeW6RApRXdjJPw","fC4dMftqEeWpRBJSZ0Y3Bw",1,2016-04-15 02:18:11.43
9dc0df3d14c5ada1256558be2bb31b15e608a791,"99SZyjVxEeW6RApRXdjJPw","fC4dMftqEeWpRBJSZ0Y3Bw",1,2016-04-05 20:38:47.227
10b58e5726aca57a86fecb62b9517d12a7a4a02b,"99SZyjVxEeW6RApRXdjJPw","42yHIBqNEeaLhQ74Ufc-sQ",1,2016-05-16 07:53:24.839
c800ae9ca7bccac81d829d385f1c3f228f665fce,"99SZyjVxEeW6RApRXdjJPw","xe3VxPSZEeWmrgpxaSyEow",1,2016-03-28 20:43:09.866
5449674cafb4d91701b5a2baed615a859fef826d,"99SZyjVxEeW6RApRXdjJPw","C1a1L_FEEeWeyQ6xu8k3Vw",1,2016-03-23 22:23:14.187
5449674cafb4d91701b5a2baed615a859fef826d,"99SZyjVxEeW6RApRXdjJPw","C1a1L_FEEeWeyQ6xu8k3Vw",1,2016-03-23 22:23:19.217
bb9cb045d9c2e2b1884e2c8884d096db2e784a16,"99SZyjVxEeW6RApRXdjJPw","VEbXrfOaEeWqQwq9khhH1Q",1,2016-03-28 03:50:28.684
6c388d286ff0671fd7618bd6a2e9c4b8d4fbf889,"99SZyjVxEeW6RApRXdjJPw","75MmcSgzEeaHEgowKm82Aw",1,2016-06-04 19:14:43.449
