ualberta_user_id,software_product_management_capstone_user_id
00107734d038767fcd1e88b6e173f475545b5017,fd344049fb66e9aa5cb710f5dc63b8549e4d1fad
0035f810529cc356d016ac5697bed2b776a53b0e,231656ca328f9805dedbbd3c7aeed8d50f1fbdbf
00c33da63a7cf14beb0c8957b39fe482123be41c,e89172e1b5ac69d216f6e3311bb9ffb7672504b3
01bc70d5026d3bfb9eb2c1b4556b2943cac6cba4,27e21b6ce57844883be70b284cc8d4fa4765b35b
01c033fce8e26c0b3bbdb79db7b457c6fed981d1,cdbf9501ab7c4ade4ba0178b78d31778e1c97c92
01e05ed110e60e0cac67f267987414f0f7dceca7,baa8f2e5232efc8b1f8fbc62ca8beca5ab5cc52a
027d68dc2138533e2241bf39ee6ca76bbca0a39c,58fbd5de4d2583be4c252332dd283cb70d78daa1
028c5d36d4a3eb204bf2afe587e1b74822cacd23,faab02f0ab8ceca68b505df4d2bf05d38ef42b79
028f18bbf8cad0a286031c8cae4b53b24ba4967b,e12d3faa302e89083f8f40743061750f1111f181
02b1d15e1376bb0ef25e693d87780c107bf4c9c2,e767edf469a9e687961e8911066302358cd468e1
030043dc19c1534bfba2ac6ca0160efe7c6d0e05,82ab5c16e49cbd71c7f36f02ee8a35443050080b
0322785fcd6bce30310947b63dea52bfe4a6cbf8,ece1dcadffbc65f097881f348513200211ec1d23
03278679a55642fb2607b90d0883ab06c670e1ca,4f23aa87b66577459e063f783bbb86cea3aaabef
034f36ebd980912aae22b766c52078a0fd754221,1755af97f115a87953eae96db7f6b10bf07c650b
039e59a33e98a672a6fd7c2d9a4ee0d6ab7de68d,852c206baded95c78de6f14606195c09e96da4e9
03dbee69c8d134fd255ad4b1311d6850e3877c9c,255caf2d2bfb33714ca89de802b3f12b450d8169
0451d67297bf2325cf9e028126d276a9559d1d38,2d68b1d4ff21c5043ce45b207648b93992009d38
04b1c07cc599f16f81f3b8a615be3bde2544a756,8c7b4d35684874251e0105cf7a7853448ae66781
0528cbde9586b9e7a458cc489ed5b44eccb9366c,24299c35487bd0e5ed277e2c030633ff520d0a38
057631466ff9b6b7b8f6ee75daedb83ca58da2cf,c8277ec0c2a2bbaf67758550427caeee7b9fc6af
0611758ffa2738a9b9973b61f89dfbae6655bcb9,1bf2f0c64412de5e952a8f1f481e8a2c2cdae492
065c25dac46e28e50c851d336e7363902738a8f8,a9b97ccb82aaed8d9a52b0ec45cc61cc5f4f2d15
065c7ccce3ec7578dc099dd5db9c376e63018c57,e3b0c74b7bb807d2c99fbe22e675d387472828e4
067122811942ae2b95daf9950498b5271222df30,b3a66cdf9c68dda36527e47905f5baf947125295
06dab4f5250321c99a0a60920c273b27e2342f73,a2097c2c9f540529d265af897572047c9d491149
070be74484df9ba1ca612618c7b6f68c807ac339,ecbc9d8cdf65302243c27ed44d4817b1ee4e202a
070cbdfcfe7502abf2a9a8df7b7ae2f8b95496c6,0dd6994b0bd239961a21d4313859c76277d467ff
072bdb455307368502c629f1afd22930b4359aad,a66bb49995f1b73eb8e6bbd6f01e25183b8b34e1
08e90e07793169a6227e06abf3b3ea72da4475ff,c0197084064f1e871548b55d9cc10ab978ba1d43
090bd9a1233d39e2537d665b7ad6cf91821529e4,c86dcab2a5fd578ba7a3703443aac61b76301366
098bcf62d35c28e834cfc38bf55106945affc400,9a0b70bf682ea4bf100ce33fac70737ea6396ece
09d11e71b5970cae5f0825a16005ec99163688c0,39073ccb13168e44f28cb22ef8e5f6e02b269629
09fb652ffbdfc8f82159303cecffe9420cbb330e,40f1ae1de7531c2b260a6efe387a17630a131c35
0a3e0761619b9e3cfe95402b4a4d30f019d2f839,1142044e96c610d790988dc9b17efe7f1fd38c1e
0a6940a5e7b9b6013f7d01f5c7697effc0fe31bb,25db662de4a7e1e6592c32bf0161e0ea49b4cb38
0b7e79fb16e2c916ace1c3ebf0e862a3fd12bf18,4e4c47f460ded682e81052d1bc194bec8c83c650
0bc013411dffeccb4aff9becac70832facf426d1,e56cc09bade779e80f3f115c9deb91194a50b757
0bc34ffd854469b25b048a79bd827d10e798bcb2,5c48ab4a8ca2fc1b333c9aee71581be96dcbae9d
0be2e5fe18bd4c9391a4c024d69ac623ff8edd53,e8184bc806af03eae7ad469bcd12500fa466a3be
0c20d041b5d9352b3ebfa6946c3e8ef096c59748,388c02c482e68a1f5624531f7f6ddb93483ffa97
0ca94b35bf873b73e936f98e94168825f00f8320,d477a662612d738d90e763c0164f9889e9d5ef82
0da4017fc524b16ed8f0ed96454176d23505553a,0357f92fc6029b6b1e081c482f718eac697a75dd
0ddb08231761255a6e826ad91d591cbd731388a4,4ad0de7fc5dd617ab2aef36a32eef791ee765638
0de7315e662bf27ec542bcb731be16350e2f6a19,81fdc281aa3ef23c6b362d452f212d3ecf9d294b
0e6b973562d06ce0130b4db5d2b5771dc5bcf6f2,b8363cfa4210cb667b9d5be7615d2126d91fa2f2
0e7c315ceeb6684775ab364abb527b4de8d5be6e,8e069cae44d9104acb9dabdf5d894962d32f330f
0eb48e8ba3251716709959fc9b0c185fb8ee2f51,f5b52b0cd99473339378d8e9eccfd937f702a28c
0ee39cd68a86c1623981e71e05c2fd794ca45988,e5d87d9649b7f4692771cb02d48d097f2f7ef155
0ef9559608f40ff3c2ae9a9231c5be402b96aed9,01c713f7141bf614851cf5f93a601dd6f381e4a2
0efd20d7ae1b3e382f39ef8d096169700ae2bd81,0f56cf59d45b5dd06a10475894a9dbc14a5c5147
0f3d2157859c5261f7698a028ed3606096e917dc,4521f928ef64cf5eb357bbc509dfacd1bd1e2022
103b30863af98ec477796f31fe30249dd2787400,8be2c1dfff04370fbc1ca7c79d4027f6ceea6ea9
11132d7a81620ee3a8313593903b901a324cff79,1eb57e6a4ef45198203921ea4e741d03e6554c84
11fba5fd1aa32d27bd911cec14913a0653bb2d78,f91329d242249f374dc22310d04bcd62cb3d829d
11fe6eccb2204364a469ebee95d2f1709b9c3bbd,73f1e5208e3a96f9ac8b0da1d24d1c9d99d995d4
125a822976e37c83488d047ad3f52cf95f7d417e,e7ab341c469ba5ed0f5176c49a5a15bbb7aac538
128772c2f7ab172f041b3b8ece5ca04479adec6d,eb80af3b44bd3cc806faa5be83a60e37f96de519
12b97540b00398693cd696f316df2144f0cbf5a7,b52bf66aca01e2eff2a3fd9cf89ab5dfd4040fa5
13daf1fe41db110ad5650bfde6c21c11d2f6ea7c,2e7c4847b5f8a0365625be5b626a62b4186aa5b9
13e80433f91f1934e329f99789b5d623147ef695,78e44b74538afcf3c734af9ea4ef8dfd1963e09f
142a283e1bc6a30a1e5afcbfef01b8d18952177f,3fc8f303d3b9e5d79276939c14e1e0d02ddfa8e1
145dbdeaad4d1af363a571501c86d226e750ba0a,cfd49c1e5d022c6f80d865de619407e4412f52b0
14a0ec1d9c8518560ffb1692825aabe62e692e39,414122e29ab90a1cd50090e6003de2195dd8e20f
14fed1b2f297c83a1bba57a46cbcfacde3a4ae1a,4a26ca82fd17562a531b023d6f9c0bb185587603
153937de4e47a90eb5816aa1666cc0fc9b8bb277,97f96667849c45dfa09ae9af8ac4d24fcf565843
159b43d8fa1adc1b60e62e03f0baf33ba457fac3,fc4fb2394f99183185b2b33d08b5ce6bdaf29da0
15bb93867552e638b8dca7ee196f3f0c3d3ec56b,c2299b8bda95167f19d1abdef2f893506b3aff61
1604e17e7cc83f3016e7bb86258f8ba0d50b20e6,99797a7b3936c6cc6c76ecbd4315475638043730
160b799580ac522b4822ef5653f60ac55928a1c1,9a8a121590d088f1a73a8a6bc56a58ae7aeda2bc
161a2e3b5566a5226481c3a25e1098dcbc41bb41,804020db6937d5f949ea84c299df1e91b132c187
163089ed054793003b76588bc3b59f8084df16d5,fef488e227aaf977b385d7a784ab0f3562d55a46
1667e33f58562f712e5c7b451e616b856fdc1921,e2141f63d102e3db93081e07f26e3d510f510c30
16ba70ef5b04974e1e4ce76dbe70d3f588d185ac,603c95c8f900770ae9be3ab7f993b824652374cb
174862003d1a951de6795fbdf93813c92e79bf39,23695356530c69318f4ec8aefdd7f4a9c251b7c5
17786ed0a327e0dd8f0431ed1377081c81236b9e,f50fb82810956ab4e9c767e3373918f994489258
178f8dee32620a7eaa900785edf5ab63b2fc3426,36de9139c5bdbcc762930c749aad89e032f3c415
17d8eea231b6c162b850971ec1f1a5b5abcfb9b7,ba73fda5488a9802e90d0ee9b2d6abfad8edcef0
18318e4c09b3e30d9a13cd474aae41631f218f1f,c6a9a7105d9b15f1a5ac4e998622dd712381b7b1
1836196f8665332eed610f1656a17bc804f55ef0,2859cd28d764d2532da0e9808bf029bb63831069
1843cf6f918e38997b63def46482a3a8b97d11b8,db33b0cf98cba57995f9a5c859825a6d83a0f82c
18a5e436827ee9f5793b783970e8efe56c01c10c,3b29dcdf0f3fa74efb0b336527b5d2b162c18306
1940f9060dec70e97fd10ae17882321ecf315f09,cb70005e14809c7f1ac2b75f68065d021dc60a45
195cc0a63f9f2ed6b0ab3014872ceb513fdb2e89,b66631b572950f8855835f6a05662a1b41e4d459
1983d862fb90d76a326a47a2fdb07a130a1afd26,16eb0ff345ca55547b6d2f9974a1f20a84b8b386
1992da99878f7df15dfb2d75d6fd9ff99d26d0b8,eba2f232f315f94acbc894056ac67322bfd39290
19fb44e295f7659b87e6b4dd25c8f045be19cc40,a124e779937e2cc2ba21fd7fec2c61932bb8e2ef
1a3ad417e1e035842c587abb969c005e2b8709ca,e3bb0a76f17e5e2bc142b266cb39cb781e5b518b
1a65cfb354dae36be5e6232459202356d12824d4,9000dc01e23c3e0a8b88fdaca2073b641f20f946
1a70862e45b8f46d45301919c3effd07b2b62362,58ec951a667dea3cc011fde8beeffaf3598e199a
1aea387a151766b404c6151d757e9ae926d9ad8f,47a414e9db012580e5b1552ff610597c1ce816d4
1bcd9020899ceeb91c7355f90c182df6290779c7,34ae58930713ca40f847f5cd74ad029f62eee4af
1be075e41de282dd75ad4d409fb29abcf3abd736,327ecfb6f2465658de7dabe8f92d22720f30d20f
1bfde91116fdf3588dd8b0f5dc4f90bacb49a359,97225f9d67a315f44ff5acbe2e039d37a1eefbd7
1c9d18f62383dd452fda9ffb7a5d1ba07b0207d6,0fc9358c5c3f7100747c0e2f5cd30f81a2f9e0ad
1cac51549e644cd5f5c82534bbf2c96628d51946,f8f289d3e4e07ff517d9737d6b39b4638e132035
1cc6a503e0839ee78a0d561f433ff0983186ef2e,aaea260933886dadec036a988444b21bae2da763
1cc9abb9186ddea6ffe764796e6137db4cc48279,4c5bb3770d778c3aad087fe620baad5a554d194f
1d3f29bbcd8c710d3f6506b4bfd71c999c498187,0370840d957277318d798d0687c822afab1d2b29
1deeaefeaefd90b70f0d869050555120d0a64849,32bfe9f639a95c6cda701cc5f3f831ffa34dd47f
1e5fe5f925deb014a0c966e445ba4de812687dac,979d06ec5c4849c50f396494e296c15d37796bf0
1e6d566cfbaeb3a238926a3a7f506a6f6a0e7a33,0dcb31fea1bac682e5bda793c182f4022e2c6b9b
1ecbbd9d018e19dfc44be7f5a0d454f9de0fdf86,6e1dc243858e0d716dfe40916bb8aa6922d9f4fb
1fb9f3df2cd75c49ec1aa42cd819937bd3ad2a1b,ad29ac01a051529c64306d1f81b35aa3e50c18fd
20079152e99a67c222ec6f97d65142ff3d898a26,afa2a53c319891d3364d595f515dc8619ceeabbd
207b04ea0b5b37bbe56093ba61d235096d9141f4,1a080b9de4d6c967dffeb5822b941f6c39ec4b2a
209ee1a82f9b5309e887c27f4cdf25b194e5dd25,00799c48ff2f5afe26e47fa2bc75fc5d1d6f9edb
219a47acda1104d6a9aa957f96c974ee4f77afb0,148538e1d80378d7f29d3718b1d502c70a1d1fd2
21b5d33fb9b617464d942430bc52c82e927a1749,70828124c5b002dfe08f50fc3b48c310445c9a44
22d843c46ba58094ebc0979c8929b8cfb2dce67d,d040ce30b20e38a8274b007d6cd9fdbfe1a4c153
22db525d19c40109e5937f27f0db64b78177e765,32cd8fbb21b94231dc36130f86464cf21c9c2622
2321b9f9c812aa9fac7a81cb742954078d9bc35f,a15d95b166d759b3b5d40c1f2c5ec10901a4b442
2324d8bd5f5081759a9043e8be13f6ed5c090bda,b46e957ff11fa6752f088a5c589af9b6f3b6b2bc
232f3fd54dc495a25bd6bb3022d4908dc1d60683,6d0b4ced3116b9bde0846213362529a3035733c9
2400af515794929e2e1ec5559165a4eb153114ef,2ad90b7febc7de71a8313efa1b5d74abe748de6d
24643136031f32552c719eddcacb73adeccfb572,b605496eac3eb4d2fa7d9d189c2e43908430c352
250e2894d69a92ea99ac742d4692f6ec7161756f,ba7e660cf42d1b268ea5c45602d97486ab917404
252350153c89bca1057570f948125cf67ef83cd9,067e0d153530b3e204c48c7b34154c64e2ca1984
254f78a6f8b15285121141a81ee08c18d1c90fce,d0c0276c586f7b69182b75d89d693ae89c8f8053
25a4cae51f0aa4fb5caa3524a714addb63c19986,2c21ecd59404be7755e0514ffe038ed19e0e163e
26060cd77f02bfdf1fbaec0be4f0fd9d0bdbd14c,9ab4dd3ddf8c0360e2eb141655a1c25de4bbafb5
2672f8d47bac8ab6abd34eac03d9308843432f57,b90e41c7e86ba7d599c0e5d41877ffb368433218
26a5ae7dd0dc5e77a554d3cef4c039a7967111a9,a6724f76663b8bbb2f9762fe69d8665888126341
26c1d7dd74c2674ce793fbae873a3487ad1da187,a42749298137723e761a0a04ee7c44b185511358
26c7b409d1abcd33222a5bda06b0cb8ae0d2af31,12549d63391bfc00c2e2de84cbab2c841178dd7f
271b016379521ac0bfe888c7d275e12592b0e184,29d1dab90cec6918e41ec4cd2ddcd926355cddd8
274dfce33cb1566d32cd6e57385522ac4455a049,3174785711fb3268f0f4c484266009ae5bd3628c
2763abe8cfe44293963ba7f41e9e939e1a1bbbc7,2e05e961d1f75edf5ccd58812990e6c29f065748
2768d4774d84d81d069a191c951d7353fa1cf8c5,191bef520027edc5e4685d0e5c3083a0b62b91fe
2780b9ed010fbf9f6c547b6d41b2b3b099579ebc,421338030c5e37739a790510da97279edc8e9a30
27d56d20a36e5133b485bd4d08c0e77022b729d7,36e3238d21c4230ac9215399a027ff41fcf7cb5a
28348edaa2c3255593bf39df0c7079a22722d5ee,b124344d82ad35d19dde0d94802de8b62a5c598f
28521a36a073c6aac281eeb941fcae1faa33070d,ef0099a53ea24ebff3b31a868079e62e579f3d0f
285e5b8f05b382aab0a74e991f9e3a2b78b41531,53cdb3c3531c57e8378bb03fb9cce0ef972611eb
28ebb36eabf305a29fa7a0e2e62d2e53dacc5ad7,b014d385aab0c2b4dbd6ef9b500cc0f3fa86fe3c
292bb77f88e9e2e02bede607af6fef32b40508b6,67fce5f129194ddc6742797640cbfe6d3d98d3ba
29715e8f7340ac3f9865121db4d8b97124a9069a,97ec5052dbf5724f4482bab99d9787c4fbfdc631
29d52b9f07097d62c65b931b638fefaa1903784a,f4a5f8d3be0a2eff3f5dd736611f70bd74a34e87
2abd343780b17a7dd4dba4cefda8cb5379d9226d,48ecf3c912b49cf1e0d61591a33ff666031eaefb
2b3a1936f413a597656aa035b05f869614ad3c2b,ec715f8be6e7cdcbe1b689fc74b84ed6ef7bbb83
2b3b6680c7f7bffc497b1ed5f1dfa52cce4330c7,8d4f20a1ac0c809197a39b6d84e16f662ef7f6c4
2b60abdb9e462a7e919a0a157b1883de87b5afaa,0eaddd55404f96661188f99effedacd4f515e31d
2b75ca92878f940cc7418d90f1618e8bec429feb,ba18f44ae7533fa21a7127164f0457fada9d61b8
2be6b2f63e8f859171eb076d1014e5366701c0f4,d14b07b1f98b074715e397fb6899c6ebbf054ce2
2cacdf35f9688dc4ad92163e950a787ee0fc5bf0,b74cf7347ab103aec1fd89f87d62cc1819331a7e
2cccee7343a8b23c15bbf55e3556f9bc4f8620d3,ae6bcf1c5955270e92abe2519c4cb439a7244a42
2d3c50c0573cc2e3501803c6bf8508e76fdd8da1,374b8a6460dce3e48951b7b435951eabc4bbcb1c
2d7c424d87fee0bd914ce746efb4e1538f100f0a,842ff80f3d243d96c667c1fc44f88926a54dd911
2db41a729996aa8659656456ebb567dad4dbc0ba,c01afdc3d3b78616a420488a11f3fd6263630a05
2e4ba1ecde1e67e2dca2296e2f877c0c2aa06716,7d67393c322082b271a5a2d5c689d355cf065aa4
2fbec18a273908e123b4b0ff7a942478c32c1bb9,f8d474f7a548f63cf137902b18df721989cd2099
303c1edd75015515356615e356f076f5975e52f0,421a3129fde50ce98829154dc9f43ecd638f79c7
3081c2b4ba4d7f282561d4ac998726d7b3604694,0de836ddaa1aa82735f4d9aea9a153d6692e2995
308899ec7f1d9556c49da2b6189df0661f953d8b,0023dbaa5b8a1bf89af2af4fef5658d27f754619
308cd969a12fc5cbda2cf42c61a129ad4806a55b,174db91a177f747281881804e6697a88c464c848
30aed64d0960c96ea61c1b0d0f965d31826b1db1,d1fdb2252d97413a8f06bad22ee9eba7d10ac065
314f0d627905930c6128f682316d48aad7000792,00a2b704c2ca3567c95f696e04308899a5fe2bd2
31baa7dc19ac6b7fe34f1e5e43b9170b1ada0125,e5d69bd004b6faaedb475bfd277e161b4a850da1
31bac1305f17903d98439faff8504e9eb4c0d475,4a679479385d7271f1ba174e9ed6d92aea5b8a82
31ebd3a95c63209b90023a1fe9b72f1d7fb2a062,1fa939715f678037d8d211c07371472f07fd63ae
326be5991f17872b19124ea4033821f8f99ad785,5f42de10abc48c19fa0bb58882d21f5bb541268b
32aa84e4a02debf47c5c970add7564cddd7a261a,45aca6420580f3d111457a937ba0df649147663e
33b0979591c510b32460adccfe3156e8debda239,d6c21212542fcb43c60099f3a5dfb7d0ea868903
33b51c1cad10e75334f692536d359c7c44bb9089,5a11a7a00058943d5743f5cf682fd3fd6a8d681e
3522c2cef63ab4ab26187e1f78edec1a0580c6ed,9876da86bdb27fbc6e399c7bce163559bcd0c446
35895bac97760224613bdd6ebf6e91762c83e6e2,0eae6ba729741e74f991648ca04d88c5859d31a6
3593a65579063d7c9847fc496a8598278a3020b0,73ae9e799293cd5cdeb2480371a493d8a42f957b
3685a07f1005b4224ce913effcf7cc19ac031934,1462b97914bbc26d186057d98bba2df795a4df1a
389f32d5a8bc7ce26c57b3ea23a223bd050024fe,c28196045cec8ca0c5f99633f11784a4f0ab1bc6
38bcb39a07a9d00347aefd70262c149d59d30431,0bc70d2f687e9eef30eeec5550e822c0570ea7e7
38fd58c5ad8567b4d63acc19440c6983cfd22502,58442fc5ca0af79f25b053b01067a07272e7112e
39011d9b41e938a7321891ee47d6566d6717a0a3,9f633818b80c0cd68c57b5986a636a66ee213106
390c103d30788931a183420ebe3135f3c6be89a6,97ab9ff9e46fbcf905f5ae15271dae8811948b46
39a6e60b095fd5426ad685a5c3750e1f73d0e7e7,8cf1d2c6f541169fb18e464fe62e00c3dae8fecb
39ca7dff49b6caf10c7b9f045b492f73d5b94b3b,8d14eb1d6d6bad508e83f01f023d1fd347c951d8
3a0b081b1b6e0414a365272fc3d6b1624450bf0a,4a750b91aba99aa74642e646f6c82b505523ec41
3a7bbc59f61b96fce92367ce530b4ee8aa682757,c50a294c23f066b6d31c9027051da51d51c633ae
3a9ba932d7b23237b170f89135559a36104de48a,2b08c9b771dcac26aff490f0d354c96df16ea863
3b090f04fb27885686db80b32453ca1b12472942,abfa4021683401f4bcc37d32aa691c8fc9dae3af
3b42dc3423fd8b595de0f770d429f8fe48fa17c1,2f0d1171aaf0fc76f153e245afc12ed10bb2f42c
3b90ef934eca1e83db5c2351bff1b7aec4edf179,8e1f763f8af3125ee37ca035e79fe3ecd6fd7a26
3bad9108c69f72d086d9cf0f05f59b42327af856,680fa5b9bd9494f3a1820ec2384727b5e1c51912
3bc032b830e4cd95759de6eb9f4c2506a1445e7e,9d1c48964313c98cbe8e149a45438342180d547b
3c4b0aace2d326ae4ebb401bbb4ffb2ee4f63bef,d03c8f95ac749d9d6b07faec52ba6aa94eae9328
3c54cf715ede0748da9207a33b9aa1020f61d1db,011c09ada38d619949c2bd8cb2465cc538590542
3cd164e661af70f45abde2c3bc69b30830119fd2,53c4e12779d004261a5b6c659243c524f6d69c08
3d04cea0af23b69a0e0d3ae947b86d19352a04a7,9f0bdd90b2bc410491e85c8aaae5463904780f42
3d16bb1e9b2e2b7fb87e67e157f1f60905affefd,33c8fa02a45c852942375994dd55c2314210e740
3d4e37bafb183f8f9d13e227e28ecfe461ae8deb,1e1cc79b3d6fb05498debc3be5f669b378ecc156
3d7f86594f7b35ed4e1dbc74e8f34ce848a12299,53b7349a795f979fb1093e5c01b2cd80d5d929a6
3e6f39256a7f8bf12ee99ec7adb29748caa8a02c,b39c64f40ce61e0e1bec0be958afdeb13a1c30f0
3f7055a2330c8c68edd312ad8a251837fb6f3961,6e4f3fb6dee4db2011c0738871a93d382e3f3b77
40ccca9a2d11ca1b0229ad16933aafcd920a6975,edc4ed19a60eba7a324e9990280fed2fcb66e70c
416fcc6ced37db86045d1354b3ae3d8d2238f718,607bf44a2ab050efc7ca43708bf8603a71838269
419cce2799ca8fef88fa33e27ff5d9c20e42e573,12c30f5e54eaedf6b7184de9e9c1f8a274649aad
424b573447807d3f7aa6dfb23b75a34ebec02026,d5525ec164d583b3a396d448ac8d98ccd1b1de35
42a90911b0e66039ee2bbb403955fc3cde71d344,67ba84eb70ce914c5b6094192e2fb7b507ee91eb
43089864f250f19c1abbaafed901537c9d8b5aba,e605266822ec23f9a4c65750a6b1893ea0cc94e7
433ee1d7291ed67d23c64d721eb4833fa46e3d0a,20e033ea1e0b1e6d0a2d9e5cac2eeed8b8abc483
438455d2d5975db4f880af05d24006778c620171,b513d80479a16f762cebbdef198c02354e8558eb
43e61e42b3bec1aa839f1fd4b1381fa555133455,0316f3db3ef394f233b56ca493baeed5fcd7c1ea
441973f7d1a8c2848e2aae6103913b7fd56af73b,2eccdf0a491ee025347736dd15ccd7ffd1e06dcf
447b607910982ca9fc483bf7e557eca3e43fad74,85a7661e7f6293b78c10aaece98efcb38dbe1902
4482ce0d085245530602ca97f1c255ecb83a8c8f,4d00b9b8b7664b5d57b2a0566f474fbebef7cc2a
448da4a83d12e062f0a26182b0625472b33318d4,6adeff6e7d9ce0d774df4e500bf0ef5df8b4084d
449ac22074e82284c9817a6dc611077ad5507abd,6bb5f26715f870aff17f301e8912579bcb6d7932
44e2e15f821b3fb9d5685bd7b26879495674aacb,65830098c85efd70418c78687a3b410d952d0886
44ffb6b40685b29c98f0667291b67ff413d2e1b8,a7d35a780f7e78eb153c73dd23b2f1ab78237bea
4578e03486721eeeccba401e4301734981d4181c,43438790a2f64a613f88967e45ba2481b94cb9c9
459c800d999abfdae3173ef170fed9749c20fff8,abd60f35620424a305b0ca7d402f5b4df2a1ef65
462060aefa5582f4ea942c0d42bca3d1ded82f11,74b3384a0eed102f1d3f96910026f64852f889ec
467ee24d32fdeb0e0efc9a1bf5e25a397e236d84,c2572fe26cac390db48e374a002ecf5bfc851b34
46994e97b33efde04387671ecc1c671583e7df51,688d8a227589a51efcd391601e83a070c95f1ffc
46a4211a310715220f051c4bead6ef10dbf9dfc1,6c982dc9a3f21eeae9e43a1cd86a65d550339836
46a94eeed5f3a65393970f16ba015abb26b0e48e,d4e659c2063c696eed6dc4181f3727d42dcab9f8
46b94bac585bc4b5589c2d657b5a16cc9d516108,bde4070946ee2db15ad61ffb9f933460e7d762a2
46cacea2f00c295ccb482d6c428772aedc6dd085,a176ed0715ead18957f9485ba91d20c6948edda8
46fd3143c973228b583e66f3b7c489bb2f0b1dfd,1da70b8a3b0c0449e819cb910e37bb3cb1320f76
46ff37b86aa795f37c76e742ee4e07a565ff6a18,5d25641a71edbf1d684e025287b717d851ad96e0
47b9d2a48ee37b4b4cbac11fea69814b30d91280,0e55993e770b6f55561e6666b9db4eed53d63c32
47ea21ec6acd41ca9eef2ed6ac656a256b3f127a,79624aef2c8d78571b7b17ae6840ec745b4cc6ab
48755774475689d4adac7e038a34b03c1bdb20bb,19b387583e292064b53970ee30cf4f3161f7e881
48a783c76b177af1906429e0fcfed67817708eef,40a26191c0baa0d20266eb6540d646efeef0e010
48f824483c1f28d52d39dc9bc546107a9e497379,159ea9d19636efd3f4466c0c3d06442c6703a4ad
49aaec80b2e343bee62abdbffb821a8d2a665264,03ea5f5e818b1fc2da14d874d6aadcbbfc4aa46e
49ab6a5e3b09c8e7144bf977606b940dee2d7c00,0f7a554975d80391bd6f5bfeff0fcc3860de54e2
49bfe6b0c803a235ea4b850dc2ff68b39712f2fd,231b6c21d9059e6716daae7a0bf40c2ba2adc573
49da8bc235c6cea5324d018f66ad3aa0debb7e99,4bf9fcd4e98080d7717ad20b355eb28c47444760
4a576f5ee46acbf041fa642b54c8a418e5009200,8baa043cb4828c5cffb64c000266ab3eac30bc7e
4a9b6b42a8d7ee64d5b9051198b89125daf38f92,528273845561da502c4f0c1966a49335166b1594
4b46b94ad46e1b6b55d0ff413f5708ede838ea17,9807f45cec64311d744f99630c2ac557edb97bee
4b48063f092dbd47f5cf1e6af909ca4adec3469e,ba8fa72ccdb46e8c896dcca13e0fa4139bdfce83
4b871beb636d4cfc41928938fce7f713665987ea,dcc239f44a32e41f207c6be118ac37378441af7b
4bbc093cf1c8d8cc7cf72d97cc460cd68ebbafc0,a36b0c02b9d353d08ddf2ee19ade4c242105e163
4bc641a3ca26d6ac92be39b6c1ee916af97cb626,c13679d40903765db58cd88bdc8f72904ced2ed1
4beb1f1c95a22718afb2d7e8da172aa1c1dd20c6,41e3a236047b9273f24f4550e10cb765486f9abc
4c4546adfdd1f58b40f4118c363c6b41a9250a90,3d7f4cf54ea45c81d18caa14a05fe85801b4590e
4d27f497b11d87fe60d396fc07bce05fdf927a71,9a7f5b0b78475dcffa88e7b3ab3cb6ae2ce32f83
4e45f0b8241723838337574dcf1fba2ce1779422,fe9958c4c13db32d81638c803a865f9fd3654e4e
4e7e4cc00e4d992adff5a0835875c8db10d796e2,ef5d85986e6330d0b8e9e8847f55bb84c2c9db0a
4f9318dc5201f736e6527e93358670660dabf437,500bdd10dbedfe48b803ae5ade139cd5760a1cc1
4f9e966ade3f31bf7d6d2274d0cd6090a217283d,77891e99b2e7fe274545311da203aab96ad5ecea
4fa8499f8af14268bc74d88ff7818f3ad4a34792,25e0e624b1dbdd347916e8c58103755b3a813ac4
50e2fb7791bee7fadb8a5e14dd398ebf39fbd0e7,a189b0e5588d6489553d878e825d87d29e86c751
5146d15697afe6acb14e10be96349641fb28cda9,b87a3d89b36beea40a603b54025141cd27471c2f
524cbbedb353902d0bb8be76d582d0ff49e9a82f,d03a4bd348a8a253baf4eb2fd0a8bf97733cd91a
52f2448cad9308fb7b6a7bf932a1700190d4eef5,878bc83c7d507f5c52473fec66b5fa2f0de16c99
54b8cf05b16509ae54ad882f1e27b5be9621483f,61273f049a738ff055d2671a750bb05105d0183a
558a116923c179298f9c700dcf60bd352273ac30,73dd1d161a2414403b3e74a0b0b08ffda3167ecf
5633dab4f2f8877c164c628bd2b5b80a4d0bf59c,0b0de572eae8b9faaf657c2a125a6da4463b4c5d
57205c9ca9f7ebc0cb0b8a309a224018997cb726,126992c7de94c0e09e1e8d4acc41e2af9a4d2cb3
5723fcb34606f6a37ac9e5df4d15cc901a7f0fdf,2214b7d96f2eff9a35d43cba4532ccc40ac0fbd8
5731faa6274f653783033f1bfff77ae2ce608e7c,c6a384e536af48a6caf3c487a1674de70e874a7a
57b635a02f30fed6c01d300c500719c507301f98,3b80440f07026b55d2fb41e582fbe7c425c5b233
58c0bbf9d3c452b39913d07dc2467f77588de21a,d6c3451ad93a396af44f0b0dbd61c633aa95cb5b
58c0f5ffeef7cdeb02adec86c630b6603d883ba6,dcca946a6c1461a2df5902def0b631424dabfb5b
58dbf9ecd9e27fb7675d7ea1cec2ad92ea234c80,be5b16d76a4cb1369f3cfa1dbb13faabce440de4
5910baa1ea83bfad84015f3b8b14b732221bd65b,10c6efeb8db377c23512276e8956446ac34d334b
5936524e4cbe79cfe9ee6419d871b6450431ad18,79429c504627940fd5113c808b33eb190fa56363
5936a9f3417524ab2efc31109113af300f8d5f2c,da76875d592db79ddba17288318a5c964a590931
5956fe3bdd6c58f371cc4776ddf211ce3b9a1dcc,3d6dde9cb1ef8b8dc345edb8ad93d9ed18d27b6f
599a8477639cc4652522d6d1a703f989727881a6,2d4916e15d7a00798bb056582677b8c4829bbfc7
59c979c6e7afc02d92be2690864b895a04b212ab,4eea1535a375c7f1d82bbc38b843233fcb483848
5a99a7636d7dcb1cbec25e3e0599056b15bcb0db,f979ffb928b1ef53a8c58955fbb0ba917df530eb
5ade6fca7613f9f649242416219207e5eadfaf67,cdaea2c3de40c84656aef7d8d85e028827384a9f
5bdb28d25eed6b2bf74f0a69f2e13a69be652eb4,a9447c385d82d8a48760fdc706ebf4174d9e72a2
5c72c9701552e12a084b9964cec23853968d046e,081c90a1863c62628222b8ed0d36b7c0fbfdb5ff
5ca3947bed068e2b63f5d89cda2fda7bcb54d77f,4f407e85a06edabe20fa4de0b5603704e2b74d62
5ce2c7ef0c2630e2d41b2615b4084de92595d187,7c1e6f26dc95b9138bf613c1ce7db99f0710f51a
5dd53fab39a70e4acf771ff6ed72f478e97facb1,1c45d657c3ee770b7108a4896a2a9995cebc11ba
5e66a8076a91fced992e96eff6cabd401ce5210a,4b106e25792c003d7fb9364b82998ca0ca9ca725
5e7a0a25d7ddde8880726437f638d28dca4f7adb,e38460e96ecab5c432a8baeff758b2f1c91e5579
5e9942b41ca4975db3eb86d929bc751ef3ef0ea3,ecab2705778c8068c5c0783ebe7f410601d57913
5e9fa3f8af0421342171277fd26d50de80614eb9,3464e9fd7b98672cfb7e9292980a59a34254b86f
5ebad0c8d258608e9fe7c394b27d094a642e4dce,adb78820c783b6d6ccfe3903e57f2d8c0c3a33df
5f372822bde00ff75e41e3896ecffba8c0972564,ec4d1ab4cba063a54fe386b4634385435e62feb2
60013271f309814db663b3eebf3693a59edd6626,a114030c58301167b705e52318601f69bf35a976
60dcb52274bd704b6e2dedd3d057fd8861365307,c187febbf808865c3b26919f83acf7c844e54fb2
611e45e35e3e26f18c09a3df1528bf4fbcc5d6a2,240ae7299fde5ea993c8f15e5989b2f1d73ba204
614cbd072ac04b0673505bd9660986d0af34fbd1,52f7731c482123c81da33a2263a65fea39d90890
6185c8ec352f109d21586b9e055d2a86433d66f9,ddd7fe221d0c1bf487df5a2b8a7da50e422cc890
62046a511104f4fe9e818d5e68aedadfe050908b,6cbeef62fbc1c305178ec5c6381f6df877caeddc
62e85911b477f5998f2f130157c46acf223d29db,18513406f8a77c22f557aa4e343e71c6d5aeaaa6
63208c9d5fd6c84ca9ad4afea49b04096cc40411,a60fe3484595577ee2c2dfc74429e3a8fb981e3b
63595f14116b2534446dcca307f464958df0be71,2a8ad9e3261eb7bea0cb0945be961d282920468b
63dc2ee7b3c79e923227171d57bf06119d9534ec,b7c09cb546a4b825977d8c1f18153b2f6eaf8c57
64509c928bc9778a23d12c88f011462ac91d15e4,c17e576affeab165536f403792d66ca0c071d11a
6454550d89fd84535741bca1d187d7759c809709,46aed3ed7066a6e4b933cd7260f6c34bc30e94c1
6459cdd95361c0e8fef6d3e65b9eab1ce6c7501a,340c5fdda65da03d8274b7b3c7aabcc41931bb00
64eb06b8131032f593ea45e927e59555bf586a9d,7d02ffe816b9b654b44d0b73067714c5a833a050
652540bc5822bcf9198bbf4a774768ec0d84729c,06604017e5c62f8c117a6bcc3b39b8dc0b36eded
65aedfacf8699bb29fe95bd83284302cf6756007,1f59c2323c874b519a55a576e5f06a6262071f76
65e2bc073a15e24da94b6a64fc2d5a5ef09b5c4b,2a4eb597a1db20baa816fad1d00674d11d8d97d8
66a6ade10beabd40565aaa733a27105c0da32717,1540b1ed237ee2cdb3ce329d09ee565e1cda9e0b
671169e53404faf9c0d8f53b9e986140b5be010a,2c7ca7e5a2271908b9fb6d7f1ad8e27a0bd0dc97
673ad2e0dd0800fbd9a3c9a494216616000618e7,5b008b570c96f97a4e98d3db3e3638d1b23857f5
681877a22c6e986a48a6d1bed8171bd776d28da6,929ac80955e7cf445e5d70150c2bedc6ffc18e22
684349c730923aed5393d5105c00252266af092f,f2d6f2c33fd1fff0d8747e61dadfad869cac10c6
691c363588981bc751173a4d1a9ef9304690ce64,1bb31244ce01d1d0266bf734c1fee9c1cd188db4
69eb38bdb814456485beb4e4eb964a6f2c27acca,e14c3272dd3beb8ba35700162e195280c56c3008
6a0cf0a09f29b73dc465b0af72c55f5979e3b907,cc97e564cd47aff3bb08dda2644ddde8796e69a5
6ad536260b144236e86699788396a24643051705,80e4f9ce711c59ed22110391d662c22b54c10cb6
6ae165351122fa780ad30dbd34a5f9d9a6ea0066,b1375328280f0ecbc5b18ee44a57d81661d832e8
6b132c94c5b696838abdf35ad63540e17af045ea,8b789993ed2d162be25660fa7fdd34051f3884e1
6b64606ee499ccd9eb6c9f2d4a693e3cafe2625a,91a17a96a7b0207f4033df4479cfedc259d61f8c
6bae2fe191c305702be8fcb882eb15afaef28e93,dbfbb7b5ccee099a4c653693bb6f4cc32784fa4c
6c205d4cbc5f98b12b9ab1c29d541e5fdb45b168,4d1b2517919815512cc315f7c03be929522ee497
6c5ee89e84b73d1c30d0ef76ddf20a829df43707,96f6d18412630b5f09b14eae89470ec5b484f11f
6c75121681dd863630192a03e80e42cf97fb6d1b,f6bc9f76c8ff6461fc07101fae6073c5ab552479
6d2fba1f825d377fee20add5847a20394007d001,9e2139ee79ea5588fae8e2b965c5ae37f6d6e175
6d5ac1b41b0f2de2f77cd30425091f464e5ad9ce,e632480fe6caf4cd59771ae38d8abb043c1d1935
6d66d0f7d303dea72753fa4b4eb41b49f7b73e58,15ca090e790430b546170ec014e8b84b941d14f1
6d96514c60abacfc791902a7a83694053ec81307,4ab71800b74a4980c6925027aef0def185727846
6dbbc8d2e7b7e93cd86b1de6a8b443939f9417fa,9848fb690f56554fe621d4f5f1e9cf7b17843739
6dc1432a5a592bed76638f538880832849188ee9,69378f452610e00446605c6230701a6ab88dcbff
6dd886af959005ab950002d44bbcd6466f799525,7dd035692641f2c06eeb78ce4aea0136707d30fc
6e96348bfdc55dd5bba4f48d369a2a79472fb652,bbfab9d3623c34f0844edea3901f3e1e3454a604
6f1653e86989d53137113dc1947e508a1ddeb91d,0f6b8131fa53e4fd4d016d268ccac61906432271
6f27c60779f52c9ed9523d90ed6d1ec342924e41,69b6766a16df5937a000ad5c431e5430d0d97de8
6f6838d7c96b3759a2c76ad5d97e6b8e8d467bcd,bf23d93c411925c3663e44760956d02d320d8326
6fabaf80be2cd519abf4b55aa0f230d0dac4c21b,1e225c490309817076da913b39109e1d403bc598
6fe9aa35e7eafc63123ee8cf662d7970e14031a2,bf511cbf9dd57efbefe749d895e00fec06a2ab43
7032ce6d8131811c2033bb39e7ce2f3415738068,03b9dd8e853e3452d766f982f72c0934bbdee074
7055a527e288302ba283ba6262590408cadf6987,56d86ee9d3b1e60caa521af2ec7cbb81f380f105
706b78e853851340e59fa20fd1c4ccc0f3f6980b,0d89ac6341f224f2b5ee17aad3a5206f97bd75b2
70a1877a7727bc9a4623f69bc14e3223d40fa19c,5593b3165f5016a4a62aa8c359913542eb741461
724ae9fff76f8f9e1e9907b6060675bd5db9bedd,ee7ebb3c3588bd4d094e664a22f0104f404fb829
725608fcdf0af36474763027846497dffae1287e,7e54123a977cf048bc47e41c09024cd07a7da5db
72e0296c9de81b7c0803bd85e85a5e21410090d5,001693a9f912f8e8e610ec2b6306394c79ace2b5
72e02ef63093fc1ec2911f8470f8f89fdffe1a40,2d8bb88512ad038921f027beb71100b9271a7dfc
7305d96dd0b45436606f21a37ccbcf5919063019,aedc7934853b2b649687dc37526eeb802a977b24
74cb027df306b5f6468b44407832d0332c51a844,5e1562fafd8260236746b2e26acd9fd8996db049
756b74e0dc9730f94352c55611fe19389b3345d4,431d2f7a4903b9ee9b9c21f2d39cb53611b59897
757f145ad0a8c40ebc669732d49d9f832dd19132,361d564e851c3db0ea94c923a575e6840a65c083
76be0fccf5f2d89e62e951b12330555f624f6858,3c4a1812823d03a533961f1a7de1d98d6fc0335e
77546b39a0073b6691fda0c4e5850f0ee708d39d,7836ebae30c6a18750e661854a41afdba647ace9
777f4e3a325c607a52b2102e691e017edb9fc42d,4196f83ca2260d7e13f33f601941be8d5c4ef5ec
77d53bcef4e9d2e32722972c3e5208070defa5d5,945bd4785ed5d34ed8ac78fb5f13350b5f4c67ff
787261f39333409e37075e9aa4fc94a5d90c46d1,888cff816bb2ce143c9c53ff5fd7f6b5b193f2e4
78acd4ddbf6b26675dff369d9e61a752b4b60ec4,71ae94eda92234aa837719208416519bdd488404
79044ea42e529125945d448f7e82944cf071f0e2,cf123f644d65c3c70dfbbdce6169d8f48b7bd6c3
7924ab625dca45cf4b226a7eadf5f042a1973300,d138b218424a6f2049f547b8a3fbd222842a3e28
794f2e178f117e94e588771d85757adff34b35d6,4bac24089010b02753bad128a7f35c4c8a887407
79612e454ab6fbbaf38fab1eac92a51aeeacb267,6d3c9df531f7ff3ab4bfe521cf07aefc3b9cca6c
79accfe5fe7bee1ebf6b25308d25e3a64db2a2b2,5e859680bbf753a4739f4d88f9d9722a468dbaeb
7a2f0ab568bdb17a1e7c77de03571d60b8883199,b0dbb970de3de8f2e846c9027784c489e3c807d0
7afa5a5ff42b0651c1441ef680b1e7abda9694bf,e62fd3ac5380b77dffe081e678665aafa4d79424
7c129e7ad80dc627701e6f68c1b425ea83739567,39946060e05bc81a6f55f3e52ba750addb32d72b
7c46cb2efb2b7ce717c351b05ee79f12c8cbd597,2ccd2588488edbb8c1b5772b42102b7e8dfb758b
7cd75a7e9d1e946623abc16b87944343d4e2b1d2,9fbd8920f19c22bca29e53c21ebafc8bac4bf118
7cdfb12545612bf57d0cd5dfab34882fd06747e4,29b3fd5c47a6d356fdb756528cd548a3aea6f127
7d8a84e8e3d19dcdbe344c374ef7b8c81805c8d7,d4bb942151ab385e91e23bdd559b6f4be3316c61
7dea3b2f6f43d0ece08ea41b738509bf6533749a,42eafae404923241ed2698cc9e47cc712a77ac35
7e410e925e0f96a78191c45e285c64710b3c9561,91b39b4dd7c607ee874bcbac9fda16d1ba4c6505
7e5c3742d0faa01f712c3641159fb12eb24be890,712baa4f300c3fb85f1258bac5c74f3d61c5e16e
7f2024c3b9d07ac85d7421dab71a386959ccfe13,5c9d5320801682556e956af58ded41c373f34f73
7ff5c975d46197d0d71c9189a7fef12b17c56c57,15718c0cdcd16fe71add2371e1662b3137fe9713
803738f9cf48e08a26546756ed7f59830e1c5c3f,de91d11f4fcc3187e69eab4a916ec02801ac8982
80791a799af6883140d6f4f26a59236d0249ab10,fdea9208b684858806c62141b631cab72326c284
80ec96b5b14b86c815df2ee42b4497ca851059ea,8ca45941a038059168d46b4c993548db7dec77ba
8102b7b9b6dd1d81a5b88aff33e58dd8bfb3cee2,7646386d87124a4da4312a3761ad216a1a9f7013
817137ccf69af3d65130c3a84e64ba7f64acff7d,04762d8aac702db76ffd2032b4fb5420be4d6a18
821b212f621a48b0960ee662dd5664d4da0e8ae0,ecedb558c0e02a1b2b75fbd8c488c4d047780f99
82bbe869039ad152bcb769f4d6872095ac8ab0e3,7236c482007eb4b0e199a7a7130770f2895dc0ea
82e7d0483437b4794db55689884674dd8d44c69e,5a2f6ce78cae26e4b982f3a85f9ea326e5aa293d
831dc4a8ac7b57f554b5c54896e5b3be1a772bc7,bd5ad37289839f518ebdc94ff2acf94bf7d20f9e
8324a67b9e2d449dcefe9285d0086adf7735156f,021e6139f0d46fe728c29a5a84ed962ebcdb5751
83a3fff5c55de805668edc0a2e3228256c71f048,2b77f0802d079296b178dd9887833f0efe34a1dd
83c595a4d0cc85cef16a8c063c2ab03b3ad12497,af31f434fff8e062af506da850462fc8b5c23fb7
84c3d5326662fba8d613dc51f164f7aa4206735f,aa317a8908372e2f9f297c794d4c70a8d82dcc03
85a0d832e74b42319d1e91e3af7680062b77b3f6,7ac6037efe25d5a6cd7569a537f933490ef9fc6c
86d2160344cc09988fb7f7b5984f36247fcb786b,922dfb3e82a933ffdd5b822335b050373af38595
86d99c9470fdd53d0825490b21b2dbab7eb4c938,9281a832cd9bed089ca28f8114dc150387f9d4b0
873424d8e1cb490d58ed2995af3c0330bb7760d8,ff6e511ba5fd41e1473d125fe7e76febc8286560
87c861bc521ef0a40c9bda19ae0fbeea0d0a1747,4b81a40a61219159b471072434f07e0d91f13d75
87db5f9bc877648b0449471ce655f1b42b148ae1,0bbce4bf131306d9e98a9ebe1bd83b31026fd431
88c27fc8c7799d55c956c3f1568dd34f786bbb4c,8aa22f5a269aba04ce120b54cdd50cdc37ad55bd
8907b78089b124bcde3758c7a61790841c59f8f4,a023439f18b529ecef58c84ae00dd3363b016dfc
8942fd4ce70453ec4243143036947d3692842233,b94c45817640d45b2913787d87403b6785263534
89609934d53403acd631b10afbdce778a1ac8c56,1d98127e8a35767ee086bf08b4260b50cb647275
897fedb090bb30a79da519dd6382d0d15ab6b0cb,bd0c683906ebffdd27146230a54b22892b5c45b9
89fd54f762c88e3a59f855be75398c43e99b16af,a86d51b19ed7357b4aac7632c0b1a11457eb3040
8a7c3dedd23f952e7d9ac83af294e36f8a17c834,5c9a03af8c6dce561533b2a892d98f0fa7fbcfd1
8aa78bb596a9274e0fba2ad4d8134ef8fe3b9fd8,f2b3930be83efbee48177d0627da9ab88b0001e3
8ab542f8517e753200d8cb10f25b992d5c2a000a,e14fb79f06d5f290da47e2fe785face36548b7dc
8b873b78a9ef4506bf73f2ae8ba3034c9be5ad70,dec46d4ecaf66e5f33789839d591484dd80cf1a5
8ca1e74a05e5cda63c4aef04e43bbcc741985189,739468ec19ad085c7e685b2d93dac5702ce6204b
8d3824607f04f8a401dad452df9aaf902d9aa50d,5eb15a10e849d173f5d0b6fa0855e9741125013e
8d578080893ad77a35ff1051477682beb26ea949,f98b23a47bf443d4992c04cb1a4c1da304f5a16e
8e3ef4534d360256f5cf798297db38fa6341c149,1dd96d916c1be98debee416d650fc76e359b2ed0
906c3bf908764a1620c726df4c458e1a7e6ced00,c7da9c02cae28737ccc4fbf2cfdfae396d505cc6
90b37ca01b047d3ffb21b527b130fe8cdd0a0e63,d37e79729702b28e093ac69531fc0ea438964b5f
91320e05ba5e68c8fea7196cb0c691658524b5e8,a662e35d83d4febd0be990cca9c88591a23960f0
92718b1439087c586652ae4567ca0ced9e37a2a5,b434951440500884c7ef509ee28a57038ba01b02
93477c20c69ce4d25802cc1816a6937215549ba2,26f87da40f979ec7bc049d1d8decac2d2cbcde65
936a1d254f92337caf160e6661d9f6e09e2e3e08,4004adc4759a7df28537340676e2f7435a86db1e
938f65162bc3a557e5c1e60fff774f1dae89fefe,3fab76722e07fa224791c93c4e92d90f488799ad
94716457c122fdd2b726bbe458d28ca5c5146082,ac1680118a99f12d4a8b8db444344b36ccddba09
947d450d406d902327c2a9c8c3ed3c59ae019d7b,1afb34986e81e4010371db5682d05fcfa351b2a2
94d010f86db9e7b3074678d95ee2fadffbe62155,b6a94d05664aa1684fcaabf4651216644929e35f
954b988b4f55ee85442385d7352f98a77100019f,5a6a05892705ab1d83ddbcb666f55e1153e4deeb
95ea7ecdf5eb1c0c60195ca0ce90817d41a62387,d1a633fb4214a17c5a0f3fcf74e856dd56b3fa70
95fe137f401935d9c5489d5ab3a7d106d9138c62,d9600f4fd035cc4fdd6daedf065e16c942379e63
964bf91b80b7fee3a20c6e1d9c625185ed12deae,e1ffb055adfc8d9564757c87f8ced6323ce793df
96b5e2f7eb2ee4a1111cc501b3dbe32b8e6f1125,75321215b800f259dca7f27dec8894eb05b3403f
96fea8a0fb1efca601271ca60c3aee135071a271,e648d97c6f1b887b65159ee9e6d6ae90de656664
9766555e3ab95195d95d3c9bb347d5b21bbb1a79,bebe8a864589f6da719d6310570949afc4bdf27c
97956fa66f22bb79c9505e3fc89900173a43fd8a,4d90d2f87fd45555da513eea8b105dac3474745e
97b6fa2efe47436f63c0db7738ce2c69fbbedcef,69aaddd914bfb3a2769cc75e63e35edc18209f0d
9841ac252e036c2cc41e75d79d409eae532ade15,00250436362e4ce9a7f76922762b8453d383478a
9844931f519487edb6908149aca757136876219a,63149cd3a294c97efd2ff752d5f027d97bedb5b1
985c58f01f525487ac8f895b9fc1b3ee60830771,8928d7bc2acc004edf9e02a06407379c3a62dbdb
98df22f5b86f715e9da9fcfb78cdd59e666568a5,782fd33bcb412cf56c3d651960ea71f592b1fa4f
995b51c547f171a9df4b975bfa2794dde1503604,11a48a45ef19ae5b9f7384a3108e05e67f8581f4
995b845f0d0671f6f891121018ea4bdf5a6e967f,5d9aaa0643ca4c4ae142041f8075ee2a5399462c
999949f3af4ee26d1b3cd54faa0db7c79655353b,92995301c3839bc2bea7d0e37b18bbcc3278ecff
99f3ada48a9403df929a37876308308b41183d85,c95cb3c9af408a5e2a7edfba3bced54456b423e2
9a30559a048a4b593ef25ac2ceb336fb24cece96,a611715beb1372e05258dcb5313e137bda55e34e
9a3934082162459a8c71d39ef4998399f12dae8e,33163077102102907ae7c0e0bf4c3ee6ae760d1e
9ba663b8a99b67a903990368872fc8f4a396e960,a598000cca98c2073f0750e68cec8cb12e1934ca
9c6829caa8a33f94b38516f27610dc91f85bd01c,c382f383dc356e3b73dd91b9752d414e785ad38f
9cc5cba9df6bc2c7d13e45d7f2d9268f97774087,fa2e54b5af94accaecb3eea54615d617e1d12fa3
9ce843e5c54afe4a1c46932b9870f520d9af1af4,e98ce0ea5a82766fc477ae2365eddc4ee885c22c
9d1160eaafb3a2ddc55d6f0260860e5937005d5d,184020d66c8cab06710dccee46422c2031e1bc96
9d34c6b6281b72322713db72ae043aecea43fc3e,ca3e9a0cce86e2eccd486bad4e0edc64f94e8309
9e9b1462050b892a46ff700e5b80ae1a6c263534,c307f36e196f68b5618bddf7f051b9b3f0ce524b
9e9e245a57b15ce876327408bcbcfc5cbf867608,e95945ea99f7c1d4570b5818873495697f5e48eb
9edfd5bb9260464bc41ae531aca61258cfd7ccaa,0ecab926c53f51325ee661bf04ced7a2ccc752bb
9f579c899186723476897f8ff75c2d24382b1794,1ed3c093a7b51841f177786b2ed7038f5670f16a
9f5d363a6ade940c6989329f636fd014c2f681ae,97c12b2d1e0eded1e0eaf3ae768f2a7820db25aa
9ffd7888919dab4a44c4f00712bad45cf8fd0d4d,95e3c64bec34b525280d9c7883be57a9e0797d08
a04b0f9a8ef4ab62a37cdf281bff06ce8d9d5773,a7b3275c7e452f59051a1d49873aa096e0e35596
a05b858f3181aa314ad0349af8ac822956d02959,a27bd2a087eb2e4778c56897d19624f5fdc46225
a06e264f114deb91fb870a6b261a100d63fef25a,0de8cd3b7c6522d068b596619782aa87db10d373
a0a13bdcc7b54b36b4e38c91591fc308a1a3cde3,e498850252497b4c9ec018b43445bb9d5f264c79
a0b967ca7caabe685dcc49d799578fdc227bd58b,922acfbf3cf1ae08b26a4874a442dd9a1edb4cc3
a1757e289f1ba671e3b78bdd4acf2677855a0f8b,a02211d2627ba6d0d6dfe74e1958f2a6dbd7ad0b
a231bc530eb5134f27b68da1a9d965c486f993c9,7e66a453d18e7ef369e51e531ac379a94087a076
a28a6e2b9cb503d845a860ac856c652c9cdf906e,3edb97da7b6f053284b1f45fa25574ec3dd1d4d5
a2b3b8b23ccd1d09674874bee148368321e38ace,7e25e66976e03db1d35d0192dac74a05e7aa1f1a
a2ce096cffc3cebd183b0da73fa1fa4f147e27eb,5b4bb9c6a6aa8c6a5abbd3f83d14f29b6789cea9
a49789c09d35b147fe120bfaecaab224d9723eb5,2991e95cff12d3529ad81b983d0e95f706453594
a4c0d489eab266f6d0462c804810dbb51983cc5e,71bf446c58baced3c15d4a3036aa81b274b27b29
a728b874edff530fdadd77e1a0bd7782230b744c,292c1cec185168969a5ba54c45929b768fb78e67
a789a6b031ac524bafa83dcf60eac785889eef86,2b752649d1a2c251ee0a184e8395055e12f1775c
a85d35333954d1343bffc5cb1e70d4ffffa3fbc8,8dd6c7aa28740ff70d38918bf91278da5039c6aa
a89d9a29ea4682180f492ed87e573463a8ae810a,330e3f2fe353e340383520e06994d1f8d5562a02
a92655e702979f549fe8e22bde3a7c5e32ed0cfb,4f7fc21d6c4d2ca272a11e96c796e3b7ea4926e2
a9267c189a3923693ed12ee43747c76e3391d373,37b3c738377a5b073bf40d08432dd93d2d60eee8
a93c05e4cf11b387f3dd7351b9807ae2380f1560,dc94bc09b2ab19d75454275f3b3f5603484ec239
a9bdbd992158eb6cb4d86d56cec20775e87e39bb,e16523ce741be2dfc1935153f0e1b9d7747cfca3
aa410aa04a5a85d6489b9c577c0f1f4f8322302f,c25cdeb4f47640a9f2ada2c9cc34409b7cb32d29
aa71f96555c972c0a4bf93a032bb1337d72a0dcb,449456b4bee0c75059e57b64a3e51c9f5406948f
aadd33ba8fd91276db3019e3fbf7ae88dc238780,059452e890e1c5eed37d97de8cf94db7eb5c850c
ab73459fdbe70732bb7d15b29ea972cfa4bab8be,819b2366fec33659439c79809541640372e6bf0f
abac562480d79864966d980d0af9d1429482e3c1,8c8abd2d2c7fbb50b5ca462ea3b76184ba1c5c42
abed1fbd74a8615a3039dc8ddf6e6e58e61538a0,82b812d331a314e0231d2e29a3f802880e7ec35f
ac1f8ff5c4392f7a96c1a71a2b50bc2f1ad1affb,d3f0b82f05b1a773af62114c608263d5575f9304
ac4836b90f211bfa23ac26df908ae4535142929d,2e67a1cd4e0aa5221865170d8d6642a740c92703
ac63c7298b8f70d3d62ced3aad138378b127a329,2df47c7f6f4056c521b3c00615c4d6472136ec2f
acae244a5415df23ad0123d67b2579776b3ba7fe,56a10d04db120cc2d6e840aaa640ec725a14c384
acbbf6efc0cd2246add3d51a6f9acb32711159a9,fe8a232ebd049616cb26b0e089692dd7470035b6
ad0a01c98b540dcbd2627263db42900b9a6bb43f,5cbb1bcb6165bd4a290268cd978b72a338b7823b
ad42dc51ce5641cbf0abf249e802efe63a4d9654,b2e4240366dc19b6e065b4f4c1b15c3d4972af9c
ad57efd8cc500e2da30815d6b853be492bde9338,7efad530a93b13789312f3c9e87be744837d416e
ad816281784ebccc4419d6c4e5de8b25345272d6,c4907bc763962e4f7221750ef7e6fdd1d3701edb
adde4a5aaffb067ab0ee645a1911c219ed0d49a4,1061701349fe2f3fd962f0fa2e8b167b76955578
adde71c63fc100abbc501b14b9efd1828ab772fd,2b31beb002f49055e597a2d02fde0a1af3bb29de
ae0dec30b0c9b9f98c2779d61e17d7b411b8a33d,32a476f77ce630afbabd8fdd270933e5bb4bf5a8
ae31738dd26066eb49b31d962b9abfaf42433db3,d31f7f11cb1a5708e59981845e13e4d06fdff768
ae751baf2bbb1f4b4ec0452793d0d80212dc8c1a,a2f0e1a72ee272a4095db1481637931a5be9ad53
ae808e2284fcd36a37423fe1663954d19aa19a77,9461472b336606b8fe767da3d103ab2e0a625535
aed688b2c0b8498da1358380f444d618082ae86c,edc3786fd203e96412a6bd4146be6ac5118ff383
af3bf3b580f79c630319ac222e14907605242f53,10c4ac6dba7bbc6737bae9e8c486c2455b775e89
af8910869ea8d7ec07e65ffd0bc24ac9150dbbd6,b05d123c5650d7e363966b916d60f1956ee6572d
afd7d9a6a46c6df446e8e64c1f2f7430f82ac5f7,03a85c140f151942ffb3636f8c69dc73ad4a1833
b02d8840a20f285fec1d1c9cbf80481497fb0dd6,3b1884c97e30c77cd75805d8065a9cc3405490d3
b06f0d2c26dce25ff746e850210d4e7fd0098f31,cdfc69347ccf4ce42f9cfea479f3ac9f24ae9942
b095d32484fdb21fe11db205eb33d9f260e18944,a6773b662cef038af4996b602737c8b46e45cc4c
b16482826819c23ef872aba7f5971ec5da54e572,6a9444531b6e08ca285fbcacad539da33eb828ff
b1c79acecc9123d7bd4bd3d1744ef3ac8882b3f7,9a9d31fc182716c34cbbac5dfaf6630623d950f9
b22882c727a2d158e8d28d1e5aa8597a08c32b0f,9d698d2c71d571ccab8e1153bb13db4bda1584fc
b28912e783ffafb22501c685fa381e6bf1e35b3d,d8c7dc7ca27c368e483fde2df55433eb847ec987
b2db50bfc3fa5c197b3166aa801450d394f9ae4d,14f03988c98364aea86f6f27f78e81ff986154ad
b30ffcb6d550d7768a545114f1683f9ddc85f989,a2253fb156423ca71b78106c5a60f125d7e5f6c1
b3c570ccbe00f2c2af7aef8ccfb8ddc979b7bdf0,4f013f0af05da81c40619a2e1787a040dfe24888
b3c737b9019f8c772b0805c9911e5660e2b1d022,2a00d8b900a73fe77b90a8708a37b6fafeecd09e
b433588633b56a3c3070f310754af809848933c5,1ddeee2a969ace12e165943698b5e07a71e9178d
b45c1196db5c629e1dac2195e2b6e1100f0bd553,09c46cdf74dddfad9ac14f4a522495974cda5a9d
b50264f532a15b20b1e2a73073be57302f33cfbd,dac03f32f5997c570342bebcbe0df0aec461140a
b52316c8ddf1960f4eaaa3a0f81f371a2986ec17,322bcbc3fe2d30229a16b74f961232e45e268a8c
b5269b9f0b06a87cbaf0eb86608e6e362f09c053,1b18540ff82d03b5b106776b280ee40cc6422e6e
b578a8ef0fd3db52f34caaae22a3c34a58f445ee,aa070e368d308b34a963b3df654d54431ac72cf5
b57d4a4f4231a0f11577232f88e9cdc28c068856,576b514085ca19fb4fe8d76b0f283e97289868b3
b57fefdd28d8c30be5f66aef625547619d335aee,dea80da9f1c6ce636851b0ef225c6ecde778ff6a
b5f2370e0816674b74cb1b97e3a5e23d32c7081e,730212c46b7ab526be70e0ecc9e3935bc35a9e0b
b65d7c21ea6f23e207ffd49faf8933fef48e4842,fd513bbb2f57a045c60e317eb445c5844419740f
b6ba4220f3476ab0378b9910937308931b59c5d2,068f7cb45ca62ff8454d19ae55d0f3559a5fb906
b6ffd9b9fd7a37db8ff8e1a5047af9f4c552c99c,8f1fef8ab590ed03c58c213797b4de78ae33ac26
b78f2c3f5d36898a5d73314bb2f4798602a104a8,60a543cacc1086307a0be5a577fc59deb13bc4ff
b7d0123a242e78689467108674b0e27cb5f2f34d,61c42fa76461b3d94c4aa5163e08059e2c4c2a76
b7dc0ab966128baf6a6afeeee8cd04b798efce93,d0386468b428c9387ac3708bce04e911e4e1c9da
b8080c800f3fcd8fb7da0c850eb449f2b4098ace,8acbe237609afee0f81f622479713cfd82787109
b81abfe61a5d892d5064058bacc5d82af749d113,622019d068f472da913144b1d659d307cbab45c0
b84dbc0d67a133dfa7b41f4432791e8b5cee5957,c578695d83d4b474dc77c2782e4502f11e7e1aba
b857f7ea7ca923fe514a17cd6e9931a65561bb92,b9177534e3dce6fedd997f4b0e2532d7be72c10b
b8e928b663438d291cf99343d2295c36bf2b67e8,f2ebc8156ebec8f2134bf09c75f75adc992fcf76
ba3d637c7ca4659c89a62b8ab49dfd249abca1de,8fabb0b5f7d2250d9029d56e04ba55539f49d410
bafbdc2cb76ac5bdf5438f687a39d7102e3d01f3,0f0ed3251513df8d6682ca01d0456b5a7a7d7829
bb03dee49e69c5ef5c536f2819ccb85f6c794975,4815124e9f6cdfe0078feb2af3c64cc873e8e36a
bb545c162e5a5b57956aca5609a6d6a974c16a3e,fbe500ae8dfcbca2019c3ff7b0cdd6dd86eb41ef
bbafa336dfd1f6af15e6cdb8c85e1b755e63a2db,da12097e7d9343a34fba78dc5295364c2800c9a6
bbb529125dbe0692a84ab1cf142c65be35ae7a80,deee7f03b107851f242c01573c9680a9cddce958
bc9766120236455aacde25450bb647754baf99e6,12531c14e738909a8fda15adc3472760a02c144f
bcecfcac634cb01aeac08d449cca72800e22fff8,51208753e333279cabf6ad369f03c8ad561897c8
bd364e208fe09c14185dd8b2dd24c18270b36b83,07db8d774c006b6e9f9b83198d1d93e8b38f2a7e
bd7c048a03e25e41c7ea7978d60248f2d61a8cae,3e00d48d989a4d77195ec2833ec4693c873be110
bdab6eff3785e64656c168eaf4a786beb2485030,2420baadabcefd0a1c4827e8ab1a013dc0b83ebf
becd0025c04366634826fbd701721a700c97646c,762a2b30cf2363c9b2324dff62f379e2c4137f9a
bf73bd6445c8adf836af63ddd97ea9b4b7a4a0e0,8caf7ec2b349f0404a33399a6054b9dd9e506448
c03e0e6495181274757fdd973cd58d7a371d8db7,243aae85dec088ae52162494dc2a9b6405a08ac6
c096954e3e9d4e40201210d84d216f0231a489be,45a8dc41b41046c69a908ed5624aaf2504a81aa9
c1a7fca426dee9d2bec7b5624ce899b1e5f0f689,9f61948abb60326918578509272468e374a1bd0f
c2b240bd4a188162896be19107e3091a91880b14,0e68cc05f496adb0af3315860cb9aef6a4645dc8
c2b759be61740d3e0f9131beffcd1b184139ddb2,4dad5096d3349f860d24b70ff16874ee3391d6d1
c2e810532f0a965d64943d24a897f09a95dae3f9,bb38ba976a278e1b9a9df844ff7699c9131b45fe
c2f428ed27e20c288dacbac3d4f2ea92b2dfdf86,6368018d3eb217600bc2e29eda788fcb34b87b25
c382daca44b3feab4ada1ca43dc5baa588ecd0c6,6c6c26c7779422e32f41041538c978055bed77d7
c3a3253718a3524fe540ad3bcb463559b9e9ca4c,4882422e349ae6489b931dd04124f684c5341f04
c3fc1d6428ebd65830d27b985946fa10a4134fe1,c50d80bb3f29175a22cead85bf97d2646bfe89f1
c42fd8b2773f70e5d5ca4f535c16c9cb68e95415,440fcff4be33b82f735bf6b14bccd67046e248d8
c44ec831c035bcf226d2e0ee3f35ff688720c5dc,1e4320a5c50d8c2d8c7b5538a611f6e337980a3d
c47967e59da55dbf1c33766a49412288e90ea26e,ba3bdb23a1e5c5f3f994b0b8f10c9cf3a62f6e65
c5af145ee26db473505b2a8a63447bfc6093178a,a9b372a0a92234250a8b63b1494d6347075004d1
c5d551da2bc22802ef7990dfe629c5dfa534ef1a,f570dfb1c8a04bffb516392b022a6ff61928d97b
c6d1a592e61956c3236383c8d761cb965c327ce8,692659ea8259a9e193d930766ca7571d14ea62fc
c74126426878669680ae94864f9acc9b0aeb8923,cfdcbcb1c6053cbaac17206055db3d89397741ca
c7707affd5be2997a7312886024fafa897d4e3bc,1a5a702bb5b78e79860a71ad93a1652211cdd7b3
c855191bf9a40d8d2fd5cca19de6eddcd376041b,6ceb18f86f8874bcd46f9697fe70f655ad79a131
c8fbbc270642ceecd80b69990948cd93bf8e3e1e,128360285c3559e0cb8d6b1427aab33ddad4f9ad
c8fe4aff430a9394d22ebc23437805b52b44838d,3b640aca7db5857ad55c2cc452d591c2829ba96b
c93a37897f7526bcffde670557e018ac650d45fb,9e531736bb3bcfe7526f26a3d6f741be8059710f
c968eddff46339ade9e3d41a0a289b0913125ecd,057d5896574ffe1cb64973f71d9731cd8f184cdd
c9a0ffa124406e16c7915789601b71de82b64aaf,3fbe973bdccc921dae0802aa502cb99f3e2ba638
c9aa12b33c5f15cc0be59b76338139c40fe7be89,004832487e806287b75fcd841f31f5016db575b7
ca53c33627bb44e7351d0d364ea1bfb5a783aa50,96b63c36dc953e0e4f44988d5c3d1da681160bad
ca7de99ce566abe0ee4b427e163da538d47a51fb,fd03bf134efbb898114b4073223f01bff16ef0b2
ca9134e7cc214468ba9ef64cbe40a5924f4660a6,348a7885305271d9e7a06666bafc0c7111ef92be
caa5bf017c9eb3ecf507cf7a2924cd92ac4f6202,23f6a5a5bbee57f7105e3a42832cba3683f474a2
cad2ec25fe1ea118a27c411f6bfd318a0a15f577,3667c7290172e6d1e3abc3ba30854e6fe57dc684
caff3f59a7dfffcf9ac8b1cc36bdfed9ce37f2c9,fe1a988e141c6de45342865666b2c03c27ff1bd5
cb0c174b3b42565a490fd214c4a09ba22934b389,e45aa59ba480dcd8779894da110d9e5f57ed2945
cb8c83a4725dcd6ab6933dfde49bda2d9baf52c0,728fd849d98c4a086ce7592c7203d88d95c108fa
cbdfca6502cfe388050209d6085e18d12af01126,22dae0d88d24b3151acf4d57432ce63a9d51d010
cc699548a07cbd78208d298edde48bfc235496b7,7abe46637bbaf106fac3a8ffaaea65c4a4742687
cca39f7e857a1bf01da8be547a18dbab73e66066,d800bd3d5b6d9380a490c25b6c2e62df86afc7dd
ccf3d59d0b9ab0381c0296ce13b98c66200b69fa,d02f0137a92884827af6544e99f62665ca3e564a
cd068c86e25487837c046a681586fce2a9f95f39,c4bd0201e19ee47801dd5fd8784ead0f7996a36a
cd4f16d87b833f5a284b9e7e1a3c292576ce37e6,60baf47de630c012fb55c074e2db8ac9f5527a77
cdbc1f35f07f3752dc3041213b44f7603a41c893,b069c82e0ddfed814a83cad6980fdb5a5cd60a9f
cdbfad56cd65901abe9e16394dcec34d50e08f8d,e3d17b7232c62178bbd40b9161ab834130706972
cdcfc9387a4739575fd69d41ba2b8182b474a19e,2e8efd1d99154981a12be3c935db416b74a8d0b1
ce281ec4ccb5cc0cc1fcce0f2fd89c86370d392d,45abfa5c049e013270b1a20676b938be3b5567fb
cead306457eb09ac568a6f0d6bc68616e1c3b459,355573861ab2c3b14221f36b05d034740377a5e1
cf39963ccd2f67341edc49785608dca5d4b938b3,eb3bbd9c0e4da6dc1a613ba205556d8ce15c1b74
cf617a259867244ea5613de4ecc9443d7d0abfbc,c39e7374916ccf22aaa822154c0230cbfc22501b
cfb49afa72076a8ac988e8460fe8dd75ebc20f4c,2f1cfe2bb1e0de43c9a74934277e6c2aa03067d4
d01529c2d88db8a814ce8d56ef83eea5983ba1f5,2637a2d6ce0ee9c5acee295cb5efa34ef9c012be
d032bf361adcee0d0b83a56ba4dd19675ead88eb,f4b66a5bf27e8009a21e80fb0d276d16b5827a9e
d039706acb603c1e40a27e46dd1d40273f4481bc,473d37dd1082abf023a629fcb718281ca60f294b
d084fea979a6a6baca6070e56c76bb8097ba2505,500bfd83a77678d130918414c8c1ba4db4d28109
d31fd5b7c0a272e54f5733bcea0eeaeadbec88da,222882a79fb854cce2c1001659b5d731ab449b96
d462dd2460734f1bd69ebee8b647bda58aa96489,e802e15cede4d0b45887971931292b92040d3894
d4cc57c00a239721c476a9fe7496c1ed8be5431f,9ac46a3d27db9832893d85172249e49e46ca47f7
d551dc41016918fbb63e951ab672491f066edc93,e7ec43a3448eed057389d4cadafa24cd31118949
d586439f377bcbe03e6b5b21aabe2520bf5b3dd6,60d3a4aa8cc216dfed8140f98efd59dea7c4a770
d65d2a8efe5901a1947e7fbe0bf00373f87052b3,52790c1f660328af8867e4ef18581c2c35e025e6
d67fb25119c25f1887a97fa0c6afa5be167d5cdc,105faf77117ad0d34a783e81f1ab6d269723577d
d69667e27a59521ac28a1511f7657d001fa24642,66185765c02533890eef59d4e00792c01e5624e7
d6ca4baf5266215639e3382984bbcf27995f9dc2,71f860ccb860f81345dce3357e3e9441a640d14e
d806cc1d0991535e9aa445c49a31de32b49227f1,0b8e43f135f72f64cba8bed561bdf65e86f301cd
d82353cfd460cf57ab6534414b6486d123a9eda1,53a49ee4b056498768c898974193df2913adfe51
d86680e133d33cae702d37f676970faf415863a1,8c0210aef8f9ae6f537a8e7b4e38d1fd51437b9d
d89581d249e508aaaec2f1e168db78ca205dc646,bd404932af6cc0a2a94779971271b8285be381ee
d8a96c51a53783886927c4050451204728ca4c9d,3856cf65839807fb9fd0151b77b420840175b85f
d95f8f5a6e6bfd41edb12447fd18725573ab718b,d07d7bf932d0f8aa6d15551d45bc2b6086589263
d96675ba06f69350b845c275c9e11631d6367ce1,0fbf25aab173c8f84a2c86fbad324740636b9fe0
d9a8fcc00bde95b4d7a6e5e1c5b5777c7c4748b2,86b1ffc1c63591071e78f6d94ddc5a5ae7474b24
d9b4de214ed4500f1051a005e9cd7daef3d2b665,9de7e8daad580a84fa4fdcb27fb6fcc7650d56f5
da432b5507dc1138ed35a2b5f8d2dc3257a40f16,3dd52ff8c4353dc230b4d35b7fb95b2389a33ab0
da483d4de5766b999c3cd7f3f868df74e0c0ded5,7faa27577210ee8abe3715e3aea8eecb5b5d7f61
dabd23fd78039a42831b8852a67ee35b3e6fa94c,0908d21510cad6b1864fbc06200371dbee1f8906
daf173beefb39e0a95bc1b974316ec62441aff6e,d7fa46a35f56dd8059d1a3e2c932663d1521c9b6
db2a040159c450332cb57403226958670ad8a4d1,806d96d57cc7ab9be9229688cd66cc1c1df4998e
dba8104298dd502c9ae0f33fb45bc473347b6145,c17a1dbbc7dfe10b85a5af4207ef4034543609a3
dbb58af1975eb83c11670b0de4a422d75f183203,9dc4b822b622d212f5c0a13c63ac36dd7198d623
dbe2ec57e6060edc7e5c21f837f1e7ae047039b5,f8a49b5f28b26cb7f27b2aacb3d4a305e94d9528
dcc127061ac9a3ba88d7db8761d4c8fc04c499d8,9cfb2d024293d47daf4588b2c1b4e8b929b1a727
dccf3a7e52a2ecd08a34e2788a79c4db339855ec,1f7e97b630fb3ef2444bd81d88318ce686097a45
dce44e5ad024c276ddb5f54b4b83a29f0278b25f,44c8c6fc4ca031ddc534fb3f98d215ad05a88536
dd549becce06db339b45c5693df2565dca1c7017,9b84da6af38ac2a671891c65f072c12b5f0e60d7
dd890c2b4e7f96fee01a0a9ffe2537cbc7d8b9bb,82b3de6c55a1970f3f1b4980c2dfb69d393f712d
de7fa58d0e899c7237d6fe909041a540e9fe74e4,ef558b32f9e05e82d9cf597e46f80b0be42ac52e
de984a104f2ddae8b12a659c3c19d3ba94faecd9,2e92892e68a89ab20481c6a1e5ffda40c1d5498b
ded6c86d1a6c8ae81d91791662ce2e82ee95e0f8,f57c0485c650a619a47ecb5f4250f872183a0640
dfc4a0e0454e1253fa14241b3912a07a9c3bccdd,ee8a5700043ae720770051d1748d75b9e5257658
e01e9e724f6fc69617ab2e0a807e2aae71cc6018,7356fd17613cd2f79126ef3d55d4ace26bdff0b8
e0b3d301e717361fe8f3ab9bd9936d23e56f937a,255cc2e24135286b3e44d5559abc4f59f2ab6253
e0bc56fa341542efdf213e1fb86c78c411c03c54,25edca3b85461026f89492c5a50ecfe1e762dfdf
e0f436414956e6c96d19ac1410331273b334bdf2,430f19021b6e629338d68d8fca1962378dfeb25f
e117888423337ed0190ad789554ffd78c06023bd,a5e190713b5f9eed8b8a79925713677ef8820ef1
e14a1fc2065bf777cfe3cdb878df61ab7ce1c210,0e38e97a12284249f31db87a70f5e8bbaae24e93
e198eb6f7cca86be1074dbfab5e12c94bec0a207,218fb93590372d3fc6c894d09a3e937baf5e7efb
e1c95c4cc3fdc271e95e34de0860ffec3e2f10b9,70c5bcbebfe5d38fcad0d2ed9ce99a02756b4ef1
e2c24f835bad7c7bc751bf3d08486b82a143c5ea,cd4dc2e88b16e96d9bd82aba9de07eab92577d18
e2fa3f35193546ec8a2108f3ec181517afabe343,dcc36ff81af3a9f99890f20adae6da3493b1e074
e31fe14741c5d7cdd7ffc202d52043d4d062b7bd,3436b8eafbc373db8d4262bb405d0e28052faffe
e3fc7b297ba7a92e4c54bd3bbc7ceaaa1f8c32aa,77d09eda74c3bf5b3cfb48b7f3014f8f425a18fb
e40ba0352307dae31c01e299c1a5b01ba5a067d0,d1ee99e63ef00abaf9df198cfe59727fe731771d
e4227b20577777ebc5e5926929d86c556a65906f,640b86bc326bbbd4d16e814c73e9e4ceffd23ebb
e4351872927b7008e8a9872365139787ce391e08,a725322379b95e601510d276b4dcb40eb35ba292
e43abb6c8c3f1a06e23891e64ce911c763e5e458,1c4e8b057b4ed7d2b97e2d6084b633ae64320874
e4d648245dd16ea8065be865f2741bb64f4ba5f2,8e0f61a4b58fbc236b7e49f799a6b086aaad30e0
e4dc38ba3b642cbeb71fa9b7688bf81c1a6d884b,64f9dcef59953c88f0666a92c7344c2ba3bfdb98
e69c5f8344957ace4f7e1309e8eaff475253db7e,9ea6ccb9b7e00fe09daa442ffae641baa5a8c5d4
e6db1fc386c1cdce58254124b9230fb799607187,aab080c0c8f15d1c7e2315e19efcb9717d1cf6ea
e70f2a19d1737a48a2d9b0d9bfd1a30f67eff9e2,3316334c12c8dd905a6eda2c9b8f30b380b46728
e74eacee0360e2f0b9b21c1ec2fa0459d73b07eb,4f96e3162429862663fcce802227e8d455fa068c
e794d4bb6a2a1102997c75f596ff6696c158ef31,a629235dc132bfe73542011dd55f0bdeba57d7ec
e7c2b46f9bf9417400c5833101e4468bd34f44a1,2c2057e93d86c5732abb3e0ea3294a7ae09d3689
e8170f005794f144014f213e6cde1be933412528,8ade2a8f7582b015525bfdcf3e4f1b33e0b2e18c
e86852910012bfa2faa49ea478773ff1a3be927f,5a1b19c4c72a61173262d9d91d535c7584d5cf9d
e8d55991db7acfe07d800a679c11098364f2a57e,a7303a35e4a692510bf79fdc0fefa41443dff08f
e8dc19591f03f365f292fb0fc79dcc2568f896ed,2985f757d1bea12a8da53f19a8589951cbd3a0f2
e999c1efd7d37ec696f38a8064935627b6287407,350d05c1030abaf70c0576d101d026111330a5b9
e9c4e81bb725d2c75e0b6d39c683f421e82da69c,3597d515e0642a6bdb9222972c8d253446fccc76
ea4c183441d374999162920a29edb75713406e0e,d1ca665f0800e34d88ec8e798c224d7734aa5a48
ea6c910e072512f19431c11c8f468f7370b2319c,e59dc3929874a044c4064d0ce357c3bfdd2d0429
ea92f5358a358a5e19f8ad87e4953c68a9e31f1b,fc2a88129da3c655f71bd7ad4f8770c48e6e133f
eaae5b5e883ab7e5e5488e0ced09f692e531fb44,3d82ef8f059450716b4e592616a5776b76607d07
eacbb05324c57ad617a53b3ad533529ce7ef99da,4df141ac2ab6ced473cb330f0baa8d9d6964f709
eb1d4c5a068a06753d9cbac669f48bd3b2e9daa4,f8d7503241ae608845863fdedde9055dc1fb8719
eb3949452fe3bd054de940a3a932e67f8203170e,82f4d2a55978acdeaf1b483b7744106831e416e6
eb797c60bc02c426f98c892e5c2cc35df2deee1b,fd081337aa4e0224fdb415e3d9f82e6793b62357
eb99076fdfebc2e3ab4b1dd8e769d3ed9c75e252,e8dbdb154b06a99a326a51b22787459f8e70f27c
eb9af07b3a757318b070bc5bedafa639504f336c,91a95a4c7368935f31cd8fe4b44e937b890d2e17
ebc0274138fc0b8514d59e112bc735ae9521e5d6,a83fdade0f0245fa8422a30f792f7bd8b44c1e0e
ec1d06392ca137d0baf7b1725b28f677cc54a75c,b3ae0f10c21e4dbbd746fd94e422de9c2da79aec
eccc59c1043ba778064250a16aa36405882b87c0,b5e33638caf34ca22294e026cd13d2b810cfa6fa
ed57be6fa13a04ac4dff0ff3a77fb58df34db991,4ac1cb829c655bdc80323b67e3c701f5439652a2
ef38d7bbc605b61716631c4b583f6a368b79e013,247d28de942de177efef5ca9274432aae0a99adc
ef3d2984ea2b4dcec934c4dd42d8682290e17c05,4fd757e4cb0e84a94ad9620753e95935838f328d
efd7f216e0b529f306b960ea6431cd07540bd206,522de7a03f6e9da9db053263758d81cd07fe9376
f0a460ac6bdfaaa2109a6c63dba4c6c17b5b582c,fa063f6fcaff8e4e8d987db087ede79839dbd178
f0db58cf9146c992233b3a2dd4210d3160eb0544,25487a915ed9fc55a792ba91bf1e9c08692ee337
f0dd9fe2b626b165e762d2e15c07e154664db43a,9d43667778470ecdddc21efb1a7cdbd994e775e1
f13f5682b8b5bd71c9ecb137ff03dc163d3891e4,375952b19b53d34cce24fcd793dcae55aebd03f0
f17e47f89d99e3f921032249145d3eb9151203c0,4fa01ae3fa0fda02995c0c3f497c4e45af4cfed9
f1ad8b82976cb012ef947e6b737e815fefad88fc,4061ce34f820632a23f1e5d9dcf617f9252214bb
f1fd25814318f152bcd329767cb154d1f115a590,bfe41833d91a572f2a0b0e3f6cd1f49bb3595c86
f2751055e2df9fac7fea292bf4d20b65a1ecf1a7,5633e306135d99dd2978f7e5a1c14f8a310f0d12
f2884f73585f9123b4e86799d19da86c1690b3e2,ce9cad3e188801252debc87629850819c4e986f1
f2a81a42ab38e2ca9fcb2aab76c5e77fdf6e63a4,2f4868a46a0a795493e1607e8689a0b907c41588
f2b8a3db7216b1c8b5e49cb9f1777da611c3b463,14f2be57fc1e0376e172926fd2bcc0c81a7e5c44
f2f13edc966290fbeaecbb4e831f01076befc095,b7b9d4bb341d87dfe544a1f9b7222eb6faca6762
f30ad2f8ffb5d939c58d028db0bd0e44f6f9febf,9032cd1f97b5b9eb624b5bef4e32359cbfc53429
f4ba87f3c3e9e16929bcb550f978e13718f8d74a,0d15846fbfb4da1d869a11b1eb795b984cceddbe
f61165f647959d947b3432c73ad1e29b222f5f79,7628ce1d24d1323b1decea00359ba4dfffd4523d
f62374565337415b48d92fb10a7ef5ab788c26c1,86aba552be01abd8abd711d44ce6be65865ec3be
f6f4b7bd6edf4348c666039d22b9451ec0fe7023,393265f60bee36b90e5b4de0d0bf312755c66dd3
f7a2e368613e86af389b4d76406e0f41464e14a0,dc1962d6760dced313609657c78893296f57bbcd
f7b5ad225b7f2c23d146776747849b243a229f22,ce19bab1b7de3484562766aec74823d48bc65452
f7ba67bb7d8b2b6d4c58742b69c2bb7a9d2f031c,b1942772760a775770accf16f337351bfdfe0869
f7e20f7fbe47cfc4e32dccd9d32635a89f448439,8ce88b8d4bb050d68c09c5edba7f129ff4340f41
f849830e9c3f637b2d97337f8b089d4d9d10e5ed,59f0312d7e6e1ffa83b08788f04103c05da4b375
f85ad44bc4c82b487db03c2d0e809c08d601c6bc,3b38209b6666f4f2314116d8318b231ed742d8be
f889f197d46a20a0475f90b3a64d84cd6e5823b6,d51e9d09d849880bedd920afa4d3ad55e5009be1
f88b2b4f1fe8ae48781502aedcbf63a7db0a9af3,17a9dd3605eb70c9eb033465447e3fe31bca2414
f8cadaaeea66885d12ed2b53994c859769cfddb8,b35b4d6ec31d0337d71d15af4c10e3e83b994fec
f91a33f46621e2e8cda5561d4876399c76ce40eb,ef14ca1ec536a27b58410045ede5563c037faba4
f9aa424b048da7a24a51594ecc2ee0a5e9ec12f1,0108ac242ca5b486b0293a34818b91fb8d97531e
f9ee112cbc68758eb5a07b8733d35ae08a53712c,a18144f8134059481f590ddc330ae7efa8d045a2
f9fb846a16203ee1d7cdb165c2192a8441595219,48da4d81a9dc42ca1ce600c1c5cdd1bd9ea61e9b
fb143d0f4e034d27a4ffa926b95106677587e482,9bb5a2dbe611daa3dab7f708064387bbe13f22a8
fb2c8ba2aaaa9c1711db4353755743dbd379d179,eac967af89ac43249c6a66f0f96b3d267b8e8e5a
fb3962d39dff997238ee8496fc298b582ee49a89,8e9b8bfeb37d79971fb2a48908e1532897837731
fb4d3b7c94e51fcc33ced5c076a55dc1e400cd07,324c0d73e1171e186c112d64f799942a3e3ca74b
fbf2248b24556411d5049998b0b21d0ac51122f9,d74e9ca2ded6509658dd3ad878304b0bcce1c6f7
fc967bca946df789269c9001546c9701c73ba25b,b44e6c00d63787bcc3b06916f2be443d79b8ff34
fcf55fa435d126ce378ba3daeee28d5614d260bb,da34c98681329d61bdf7e86ab9a106a55631eec6
fdac9a5b4dad8e3d0f3ec913d2cb696567b5cc24,e6f30ce93568aba61895652c2487dc7188870c6d
fdc05d8c36b0955446df634e16ea060d0482b666,f31923c194ed1edbf7805bb2a051b45f17b1f5c0
fe11d67ba920b69388853245f970324fc6c3403d,56510b72c705b63c1ef26130e5459326ff6d85e1
fe947b5116b03b0567368463167a0cc4b80f67a2,b481446dcd3257462d405baa3b3b985289f32e1a
fed20c5bcba0fe4d2879bd00599b3d585def16da,ba7afe1e40eff47ea0c1de06676c7704fe8b83b6
fee641cc01987d1e639156ecdbfd91031312a8c8,e0ce3f8d14550f7d789ed52f52d98e60f658be4a
ff0610a88450e3c20b37dbced45083d458ffa86c,1907db684c26018aa8520da3a751bb2c60aec818
ff66a8968a85e1f119d2e969090025eba37b796c,f0602010a37b083da147ce56793215d1a33f1379
