question_id,ualberta_demographics_user_id,submission_ts,choice_id,answer_int
11,335bbbe24136f3c2973f1a1ee0ffbb69dab7dd6e,2014-10-02 12:15:17,1,
12,335bbbe24136f3c2973f1a1ee0ffbb69dab7dd6e,2014-10-02 12:15:17,0,1988
13,335bbbe24136f3c2973f1a1ee0ffbb69dab7dd6e,2014-10-02 12:15:17,17,
14,335bbbe24136f3c2973f1a1ee0ffbb69dab7dd6e,2014-10-02 12:15:17,17,
16,335bbbe24136f3c2973f1a1ee0ffbb69dab7dd6e,2014-10-02 12:15:17,1,
17,335bbbe24136f3c2973f1a1ee0ffbb69dab7dd6e,2014-10-02 12:15:17,6,
18,335bbbe24136f3c2973f1a1ee0ffbb69dab7dd6e,2014-10-02 12:15:17,8,
19,335bbbe24136f3c2973f1a1ee0ffbb69dab7dd6e,2014-10-02 12:15:17,2,
20,335bbbe24136f3c2973f1a1ee0ffbb69dab7dd6e,2014-10-02 12:15:17,5,
21,335bbbe24136f3c2973f1a1ee0ffbb69dab7dd6e,2014-10-02 12:15:17,10,
21,335bbbe24136f3c2973f1a1ee0ffbb69dab7dd6e,2014-10-02 12:15:17,11,
22,335bbbe24136f3c2973f1a1ee0ffbb69dab7dd6e,2014-10-02 12:15:17,0,
23,335bbbe24136f3c2973f1a1ee0ffbb69dab7dd6e,2014-10-02 12:15:17,3,
24,335bbbe24136f3c2973f1a1ee0ffbb69dab7dd6e,2014-10-02 12:15:17,3,
24,335bbbe24136f3c2973f1a1ee0ffbb69dab7dd6e,2014-10-02 12:15:17,4,
24,335bbbe24136f3c2973f1a1ee0ffbb69dab7dd6e,2014-10-02 12:15:17,5,
25,335bbbe24136f3c2973f1a1ee0ffbb69dab7dd6e,2014-10-02 12:15:17,16,
25,335bbbe24136f3c2973f1a1ee0ffbb69dab7dd6e,2014-10-02 12:15:17,23,
11,ec95d71507cb9b8329170d78547fc486a4ac0070,2013-10-09 17:59:31,1,
12,ec95d71507cb9b8329170d78547fc486a4ac0070,2013-10-09 17:59:31,0,1982
13,ec95d71507cb9b8329170d78547fc486a4ac0070,2013-10-09 17:59:31,55,
14,ec95d71507cb9b8329170d78547fc486a4ac0070,2013-10-09 17:59:31,55,
16,ec95d71507cb9b8329170d78547fc486a4ac0070,2013-10-09 17:59:31,2,
17,ec95d71507cb9b8329170d78547fc486a4ac0070,2013-10-09 17:59:31,7,
18,ec95d71507cb9b8329170d78547fc486a4ac0070,2013-10-09 17:59:31,8,
19,ec95d71507cb9b8329170d78547fc486a4ac0070,2013-10-09 17:59:31,2,
20,ec95d71507cb9b8329170d78547fc486a4ac0070,2013-10-09 17:59:31,0,
21,ec95d71507cb9b8329170d78547fc486a4ac0070,2013-10-09 17:59:31,5,
21,ec95d71507cb9b8329170d78547fc486a4ac0070,2013-10-09 17:59:31,31,
22,ec95d71507cb9b8329170d78547fc486a4ac0070,2013-10-09 17:59:31,5,
23,ec95d71507cb9b8329170d78547fc486a4ac0070,2013-10-09 17:59:31,5,
24,ec95d71507cb9b8329170d78547fc486a4ac0070,2013-10-09 17:59:31,3,
24,ec95d71507cb9b8329170d78547fc486a4ac0070,2013-10-09 17:59:31,4,
24,ec95d71507cb9b8329170d78547fc486a4ac0070,2013-10-09 17:59:31,5,
25,ec95d71507cb9b8329170d78547fc486a4ac0070,2013-10-09 17:59:31,5,
25,ec95d71507cb9b8329170d78547fc486a4ac0070,2013-10-09 17:59:31,6,
25,ec95d71507cb9b8329170d78547fc486a4ac0070,2013-10-09 17:59:31,25,
11,1f9f49fb11e4a44170f40ebe10ecf28b9c67e002,2013-10-01 23:45:33,1,
12,1f9f49fb11e4a44170f40ebe10ecf28b9c67e002,2013-10-01 23:45:33,0,1970
13,1f9f49fb11e4a44170f40ebe10ecf28b9c67e002,2013-10-01 23:45:33,35,
14,1f9f49fb11e4a44170f40ebe10ecf28b9c67e002,2013-10-01 23:45:33,21,
16,1f9f49fb11e4a44170f40ebe10ecf28b9c67e002,2013-10-01 23:45:33,1,
17,1f9f49fb11e4a44170f40ebe10ecf28b9c67e002,2013-10-01 23:45:33,6,
18,1f9f49fb11e4a44170f40ebe10ecf28b9c67e002,2013-10-01 23:45:33,8,
19,1f9f49fb11e4a44170f40ebe10ecf28b9c67e002,2013-10-01 23:45:33,2,
20,1f9f49fb11e4a44170f40ebe10ecf28b9c67e002,2013-10-01 23:45:33,0,
21,1f9f49fb11e4a44170f40ebe10ecf28b9c67e002,2013-10-01 23:45:33,7,
22,1f9f49fb11e4a44170f40ebe10ecf28b9c67e002,2013-10-01 23:45:33,2,
23,1f9f49fb11e4a44170f40ebe10ecf28b9c67e002,2013-10-01 23:45:33,5,
24,1f9f49fb11e4a44170f40ebe10ecf28b9c67e002,2013-10-01 23:45:33,3,
24,1f9f49fb11e4a44170f40ebe10ecf28b9c67e002,2013-10-01 23:45:33,4,
24,1f9f49fb11e4a44170f40ebe10ecf28b9c67e002,2013-10-01 23:45:33,5,
25,1f9f49fb11e4a44170f40ebe10ecf28b9c67e002,2013-10-01 23:45:33,16,
25,1f9f49fb11e4a44170f40ebe10ecf28b9c67e002,2013-10-01 23:45:33,25,
11,82437643813b11f829f440f704189d2317c2a32b,2013-10-08 04:35:03,1,
12,82437643813b11f829f440f704189d2317c2a32b,2013-10-08 04:35:03,0,1973
13,82437643813b11f829f440f704189d2317c2a32b,2013-10-08 04:35:03,104,
16,82437643813b11f829f440f704189d2317c2a32b,2013-10-08 04:35:03,1,
17,82437643813b11f829f440f704189d2317c2a32b,2013-10-08 04:35:03,2,
18,82437643813b11f829f440f704189d2317c2a32b,2013-10-08 04:35:03,8,
19,82437643813b11f829f440f704189d2317c2a32b,2013-10-08 04:35:03,2,
21,82437643813b11f829f440f704189d2317c2a32b,2013-10-08 04:35:03,23,
22,82437643813b11f829f440f704189d2317c2a32b,2013-10-08 04:35:03,4,
23,82437643813b11f829f440f704189d2317c2a32b,2013-10-08 04:35:03,5,
24,82437643813b11f829f440f704189d2317c2a32b,2013-10-08 04:35:03,4,
24,82437643813b11f829f440f704189d2317c2a32b,2013-10-08 04:35:03,5,
24,82437643813b11f829f440f704189d2317c2a32b,2013-10-08 04:35:03,6,
25,82437643813b11f829f440f704189d2317c2a32b,2013-10-08 04:35:03,7,
25,82437643813b11f829f440f704189d2317c2a32b,2013-10-08 04:35:03,18,
11,34dccf4aca251271bfda0886cbd619daec6dd44b,2014-10-06 16:51:49,1,
12,34dccf4aca251271bfda0886cbd619daec6dd44b,2014-10-06 16:51:49,0,1988
13,34dccf4aca251271bfda0886cbd619daec6dd44b,2014-10-06 16:51:49,172,
14,34dccf4aca251271bfda0886cbd619daec6dd44b,2014-10-06 16:51:49,172,
16,34dccf4aca251271bfda0886cbd619daec6dd44b,2014-10-06 16:51:49,0,
17,34dccf4aca251271bfda0886cbd619daec6dd44b,2014-10-06 16:51:49,7,
18,34dccf4aca251271bfda0886cbd619daec6dd44b,2014-10-06 16:51:49,7,
19,34dccf4aca251271bfda0886cbd619daec6dd44b,2014-10-06 16:51:49,2,
21,34dccf4aca251271bfda0886cbd619daec6dd44b,2014-10-06 16:51:49,7,
21,34dccf4aca251271bfda0886cbd619daec6dd44b,2014-10-06 16:51:49,10,
22,34dccf4aca251271bfda0886cbd619daec6dd44b,2014-10-06 16:51:49,0,
23,34dccf4aca251271bfda0886cbd619daec6dd44b,2014-10-06 16:51:49,3,
24,34dccf4aca251271bfda0886cbd619daec6dd44b,2014-10-06 16:51:49,2,
24,34dccf4aca251271bfda0886cbd619daec6dd44b,2014-10-06 16:51:49,4,
24,34dccf4aca251271bfda0886cbd619daec6dd44b,2014-10-06 16:51:49,5,
25,34dccf4aca251271bfda0886cbd619daec6dd44b,2014-10-06 16:51:49,17,
11,0fb8bcf67e9008fb7059b38f4db5958961f29147,2014-01-21 15:13:39,1,
12,0fb8bcf67e9008fb7059b38f4db5958961f29147,2014-01-21 15:13:39,0,1989
13,0fb8bcf67e9008fb7059b38f4db5958961f29147,2014-01-21 15:13:39,47,
14,0fb8bcf67e9008fb7059b38f4db5958961f29147,2014-01-21 15:13:39,47,
16,0fb8bcf67e9008fb7059b38f4db5958961f29147,2014-01-21 15:13:39,1,
17,0fb8bcf67e9008fb7059b38f4db5958961f29147,2014-01-21 15:13:39,1,
18,0fb8bcf67e9008fb7059b38f4db5958961f29147,2014-01-21 15:13:39,7,
19,0fb8bcf67e9008fb7059b38f4db5958961f29147,2014-01-21 15:13:39,2,
20,0fb8bcf67e9008fb7059b38f4db5958961f29147,2014-01-21 15:13:39,0,
21,0fb8bcf67e9008fb7059b38f4db5958961f29147,2014-01-21 15:13:39,4,
22,0fb8bcf67e9008fb7059b38f4db5958961f29147,2014-01-21 15:13:39,5,
24,0fb8bcf67e9008fb7059b38f4db5958961f29147,2014-01-21 15:13:39,3,
24,0fb8bcf67e9008fb7059b38f4db5958961f29147,2014-01-21 15:13:39,4,
24,0fb8bcf67e9008fb7059b38f4db5958961f29147,2014-01-21 15:13:39,5,
25,0fb8bcf67e9008fb7059b38f4db5958961f29147,2014-01-21 15:13:39,3,
11,a298629c02480604bd09d6d918eb8f01f5df5958,2014-06-06 06:12:10,1,
12,a298629c02480604bd09d6d918eb8f01f5df5958,2014-06-06 06:12:10,0,1990
13,a298629c02480604bd09d6d918eb8f01f5df5958,2014-06-06 06:12:10,175,
14,a298629c02480604bd09d6d918eb8f01f5df5958,2014-06-06 06:12:10,175,
16,a298629c02480604bd09d6d918eb8f01f5df5958,2014-06-06 06:12:10,1,
17,a298629c02480604bd09d6d918eb8f01f5df5958,2014-06-06 06:12:10,3,
18,a298629c02480604bd09d6d918eb8f01f5df5958,2014-06-06 06:12:10,4,
19,a298629c02480604bd09d6d918eb8f01f5df5958,2014-06-06 06:12:10,0,
20,a298629c02480604bd09d6d918eb8f01f5df5958,2014-06-06 06:12:10,5,
22,a298629c02480604bd09d6d918eb8f01f5df5958,2014-06-06 06:12:10,6,
24,a298629c02480604bd09d6d918eb8f01f5df5958,2014-06-06 06:12:10,4,
24,a298629c02480604bd09d6d918eb8f01f5df5958,2014-06-06 06:12:10,5,
24,a298629c02480604bd09d6d918eb8f01f5df5958,2014-06-06 06:12:10,6,
25,a298629c02480604bd09d6d918eb8f01f5df5958,2014-06-06 06:12:10,25,
11,ab50290bb288eadebbeb0a219480098f83c9134d,2013-10-11 12:31:22,1,
12,ab50290bb288eadebbeb0a219480098f83c9134d,2013-10-11 12:31:22,0,1961
13,ab50290bb288eadebbeb0a219480098f83c9134d,2013-10-11 12:31:22,164,
14,ab50290bb288eadebbeb0a219480098f83c9134d,2013-10-11 12:31:22,164,
16,ab50290bb288eadebbeb0a219480098f83c9134d,2013-10-11 12:31:22,1,
17,ab50290bb288eadebbeb0a219480098f83c9134d,2013-10-11 12:31:22,6,
18,ab50290bb288eadebbeb0a219480098f83c9134d,2013-10-11 12:31:22,4,
19,ab50290bb288eadebbeb0a219480098f83c9134d,2013-10-11 12:31:22,2,
20,ab50290bb288eadebbeb0a219480098f83c9134d,2013-10-11 12:31:22,0,
22,ab50290bb288eadebbeb0a219480098f83c9134d,2013-10-11 12:31:22,2,
23,ab50290bb288eadebbeb0a219480098f83c9134d,2013-10-11 12:31:22,3,
24,ab50290bb288eadebbeb0a219480098f83c9134d,2013-10-11 12:31:22,3,
24,ab50290bb288eadebbeb0a219480098f83c9134d,2013-10-11 12:31:22,5,
25,ab50290bb288eadebbeb0a219480098f83c9134d,2013-10-11 12:31:22,5,
25,ab50290bb288eadebbeb0a219480098f83c9134d,2013-10-11 12:31:22,6,
25,ab50290bb288eadebbeb0a219480098f83c9134d,2013-10-11 12:31:22,25,
11,9b7f3d555abe68ad610b94b73dd6488b6218db37,2013-05-21 18:19:15,0,
12,9b7f3d555abe68ad610b94b73dd6488b6218db37,2013-05-21 18:19:15,0,1975
13,9b7f3d555abe68ad610b94b73dd6488b6218db37,2013-05-21 18:19:15,232,
14,9b7f3d555abe68ad610b94b73dd6488b6218db37,2013-05-21 18:19:15,232,
16,9b7f3d555abe68ad610b94b73dd6488b6218db37,2013-05-21 18:19:15,1,
17,9b7f3d555abe68ad610b94b73dd6488b6218db37,2013-05-21 18:19:15,6,
18,9b7f3d555abe68ad610b94b73dd6488b6218db37,2013-05-21 18:19:15,7,
19,9b7f3d555abe68ad610b94b73dd6488b6218db37,2013-05-21 18:19:15,2,
20,9b7f3d555abe68ad610b94b73dd6488b6218db37,2013-05-21 18:19:15,0,
21,9b7f3d555abe68ad610b94b73dd6488b6218db37,2013-05-21 18:19:15,9,
21,9b7f3d555abe68ad610b94b73dd6488b6218db37,2013-05-21 18:19:15,20,
22,9b7f3d555abe68ad610b94b73dd6488b6218db37,2013-05-21 18:19:15,0,
23,9b7f3d555abe68ad610b94b73dd6488b6218db37,2013-05-21 18:19:15,7,
24,9b7f3d555abe68ad610b94b73dd6488b6218db37,2013-05-21 18:19:15,4,
24,9b7f3d555abe68ad610b94b73dd6488b6218db37,2013-05-21 18:19:15,5,
24,9b7f3d555abe68ad610b94b73dd6488b6218db37,2013-05-21 18:19:15,6,
11,b8a27d060fd88defb40854fe9b15bd59d06d6cec,2013-10-01 22:21:08,1,
12,b8a27d060fd88defb40854fe9b15bd59d06d6cec,2013-10-01 22:21:08,0,1963
13,b8a27d060fd88defb40854fe9b15bd59d06d6cec,2013-10-01 22:21:08,164,
14,b8a27d060fd88defb40854fe9b15bd59d06d6cec,2013-10-01 22:21:08,164,
16,b8a27d060fd88defb40854fe9b15bd59d06d6cec,2013-10-01 22:21:08,1,
17,b8a27d060fd88defb40854fe9b15bd59d06d6cec,2013-10-01 22:21:08,7,
18,b8a27d060fd88defb40854fe9b15bd59d06d6cec,2013-10-01 22:21:08,7,
19,b8a27d060fd88defb40854fe9b15bd59d06d6cec,2013-10-01 22:21:08,2,
20,b8a27d060fd88defb40854fe9b15bd59d06d6cec,2013-10-01 22:21:08,7,
21,b8a27d060fd88defb40854fe9b15bd59d06d6cec,2013-10-01 22:21:08,7,
22,b8a27d060fd88defb40854fe9b15bd59d06d6cec,2013-10-01 22:21:08,2,
23,b8a27d060fd88defb40854fe9b15bd59d06d6cec,2013-10-01 22:21:08,5,
24,b8a27d060fd88defb40854fe9b15bd59d06d6cec,2013-10-01 22:21:08,3,
24,b8a27d060fd88defb40854fe9b15bd59d06d6cec,2013-10-01 22:21:08,4,
24,b8a27d060fd88defb40854fe9b15bd59d06d6cec,2013-10-01 22:21:08,5,
25,b8a27d060fd88defb40854fe9b15bd59d06d6cec,2013-10-01 22:21:08,6,
25,b8a27d060fd88defb40854fe9b15bd59d06d6cec,2013-10-01 22:21:08,25,
11,dd89c09c2a9d1268e447d6a8ec8506983e7a7635,2014-10-04 21:05:39,0,
12,dd89c09c2a9d1268e447d6a8ec8506983e7a7635,2014-10-04 21:05:39,0,1984
13,dd89c09c2a9d1268e447d6a8ec8506983e7a7635,2014-10-04 21:05:39,14,
14,dd89c09c2a9d1268e447d6a8ec8506983e7a7635,2014-10-04 21:05:39,14,
16,dd89c09c2a9d1268e447d6a8ec8506983e7a7635,2014-10-04 21:05:39,1,
17,dd89c09c2a9d1268e447d6a8ec8506983e7a7635,2014-10-04 21:05:39,6,
18,dd89c09c2a9d1268e447d6a8ec8506983e7a7635,2014-10-04 21:05:39,7,
19,dd89c09c2a9d1268e447d6a8ec8506983e7a7635,2014-10-04 21:05:39,2,
20,dd89c09c2a9d1268e447d6a8ec8506983e7a7635,2014-10-04 21:05:39,0,
21,dd89c09c2a9d1268e447d6a8ec8506983e7a7635,2014-10-04 21:05:39,4,
21,dd89c09c2a9d1268e447d6a8ec8506983e7a7635,2014-10-04 21:05:39,10,
22,dd89c09c2a9d1268e447d6a8ec8506983e7a7635,2014-10-04 21:05:39,2,
24,dd89c09c2a9d1268e447d6a8ec8506983e7a7635,2014-10-04 21:05:39,4,
24,dd89c09c2a9d1268e447d6a8ec8506983e7a7635,2014-10-04 21:05:39,5,
24,dd89c09c2a9d1268e447d6a8ec8506983e7a7635,2014-10-04 21:05:39,6,
11,ab8609802e3043a1e09cca36b63bba4da7f30b61,2013-05-24 11:56:43,1,
12,ab8609802e3043a1e09cca36b63bba4da7f30b61,2013-05-24 11:56:43,0,1981
13,ab8609802e3043a1e09cca36b63bba4da7f30b61,2013-05-24 11:56:43,113,
14,ab8609802e3043a1e09cca36b63bba4da7f30b61,2013-05-24 11:56:43,232,
16,ab8609802e3043a1e09cca36b63bba4da7f30b61,2013-05-24 11:56:43,1,
17,ab8609802e3043a1e09cca36b63bba4da7f30b61,2013-05-24 11:56:43,1,
18,ab8609802e3043a1e09cca36b63bba4da7f30b61,2013-05-24 11:56:43,7,
19,ab8609802e3043a1e09cca36b63bba4da7f30b61,2013-05-24 11:56:43,1,
20,ab8609802e3043a1e09cca36b63bba4da7f30b61,2013-05-24 11:56:43,6,
21,ab8609802e3043a1e09cca36b63bba4da7f30b61,2013-05-24 11:56:43,7,
22,ab8609802e3043a1e09cca36b63bba4da7f30b61,2013-05-24 11:56:43,0,
23,ab8609802e3043a1e09cca36b63bba4da7f30b61,2013-05-24 11:56:43,5,
24,ab8609802e3043a1e09cca36b63bba4da7f30b61,2013-05-24 11:56:43,3,
24,ab8609802e3043a1e09cca36b63bba4da7f30b61,2013-05-24 11:56:43,4,
24,ab8609802e3043a1e09cca36b63bba4da7f30b61,2013-05-24 11:56:43,5,
25,ab8609802e3043a1e09cca36b63bba4da7f30b61,2013-05-24 11:56:43,10,
11,c7483198630c452009e48a206f7f02ded540e104,2015-02-02 22:48:35,0,
12,c7483198630c452009e48a206f7f02ded540e104,2015-02-02 22:48:35,0,1980
13,c7483198630c452009e48a206f7f02ded540e104,2015-02-02 22:48:35,48,
14,c7483198630c452009e48a206f7f02ded540e104,2015-02-02 22:48:35,230,
16,c7483198630c452009e48a206f7f02ded540e104,2015-02-02 22:48:35,0,
18,c7483198630c452009e48a206f7f02ded540e104,2015-02-02 22:48:35,8,
19,c7483198630c452009e48a206f7f02ded540e104,2015-02-02 22:48:35,2,
20,c7483198630c452009e48a206f7f02ded540e104,2015-02-02 22:48:35,0,
21,c7483198630c452009e48a206f7f02ded540e104,2015-02-02 22:48:35,5,
21,c7483198630c452009e48a206f7f02ded540e104,2015-02-02 22:48:35,7,
21,c7483198630c452009e48a206f7f02ded540e104,2015-02-02 22:48:35,14,
22,c7483198630c452009e48a206f7f02ded540e104,2015-02-02 22:48:35,0,
23,c7483198630c452009e48a206f7f02ded540e104,2015-02-02 22:48:35,7,
24,c7483198630c452009e48a206f7f02ded540e104,2015-02-02 22:48:35,4,
24,c7483198630c452009e48a206f7f02ded540e104,2015-02-02 22:48:35,5,
24,c7483198630c452009e48a206f7f02ded540e104,2015-02-02 22:48:35,6,
25,c7483198630c452009e48a206f7f02ded540e104,2015-02-02 22:48:35,5,
25,c7483198630c452009e48a206f7f02ded540e104,2015-02-02 22:48:35,17,
11,9c4d80b9ace4d563e1f6b099014415e90ee37785,2013-05-24 19:00:40,1,
12,9c4d80b9ace4d563e1f6b099014415e90ee37785,2013-05-24 19:00:40,0,1964
13,9c4d80b9ace4d563e1f6b099014415e90ee37785,2013-05-24 19:00:40,29,
14,9c4d80b9ace4d563e1f6b099014415e90ee37785,2013-05-24 19:00:40,29,
16,9c4d80b9ace4d563e1f6b099014415e90ee37785,2013-05-24 19:00:40,0,
17,9c4d80b9ace4d563e1f6b099014415e90ee37785,2013-05-24 19:00:40,7,
18,9c4d80b9ace4d563e1f6b099014415e90ee37785,2013-05-24 19:00:40,8,
19,9c4d80b9ace4d563e1f6b099014415e90ee37785,2013-05-24 19:00:40,1,
20,9c4d80b9ace4d563e1f6b099014415e90ee37785,2013-05-24 19:00:40,3,
21,9c4d80b9ace4d563e1f6b099014415e90ee37785,2013-05-24 19:00:40,4,
21,9c4d80b9ace4d563e1f6b099014415e90ee37785,2013-05-24 19:00:40,7,
21,9c4d80b9ace4d563e1f6b099014415e90ee37785,2013-05-24 19:00:40,9,
22,9c4d80b9ace4d563e1f6b099014415e90ee37785,2013-05-24 19:00:40,0,
23,9c4d80b9ace4d563e1f6b099014415e90ee37785,2013-05-24 19:00:40,3,
24,9c4d80b9ace4d563e1f6b099014415e90ee37785,2013-05-24 19:00:40,3,
24,9c4d80b9ace4d563e1f6b099014415e90ee37785,2013-05-24 19:00:40,4,
25,9c4d80b9ace4d563e1f6b099014415e90ee37785,2013-05-24 19:00:40,14,
25,9c4d80b9ace4d563e1f6b099014415e90ee37785,2013-05-24 19:00:40,17,
11,c442114d601b1532dc564b52f3692621bd1bd670,2013-05-22 19:43:57,1,
11,685115fee1add9ae062bba328fa0d51e7cc6e154,2014-06-08 22:58:13,1,
12,c442114d601b1532dc564b52f3692621bd1bd670,2013-05-22 19:43:57,0,1994
12,685115fee1add9ae062bba328fa0d51e7cc6e154,2014-06-08 22:58:13,0,1979
13,c442114d601b1532dc564b52f3692621bd1bd670,2013-05-22 19:43:57,180,
13,685115fee1add9ae062bba328fa0d51e7cc6e154,2014-06-08 22:58:13,23,
14,c442114d601b1532dc564b52f3692621bd1bd670,2013-05-22 19:43:57,180,
14,685115fee1add9ae062bba328fa0d51e7cc6e154,2014-06-08 22:58:13,23,
16,c442114d601b1532dc564b52f3692621bd1bd670,2013-05-22 19:43:57,0,
16,685115fee1add9ae062bba328fa0d51e7cc6e154,2014-06-08 22:58:13,1,
17,c442114d601b1532dc564b52f3692621bd1bd670,2013-05-22 19:43:57,7,
17,685115fee1add9ae062bba328fa0d51e7cc6e154,2014-06-08 22:58:13,6,
18,c442114d601b1532dc564b52f3692621bd1bd670,2013-05-22 19:43:57,3,
18,685115fee1add9ae062bba328fa0d51e7cc6e154,2014-06-08 22:58:13,10,
19,c442114d601b1532dc564b52f3692621bd1bd670,2013-05-22 19:43:57,0,
19,685115fee1add9ae062bba328fa0d51e7cc6e154,2014-06-08 22:58:13,2,
20,c442114d601b1532dc564b52f3692621bd1bd670,2013-05-22 19:43:57,5,
21,685115fee1add9ae062bba328fa0d51e7cc6e154,2014-06-08 22:58:13,7,
21,685115fee1add9ae062bba328fa0d51e7cc6e154,2014-06-08 22:58:13,11,
22,c442114d601b1532dc564b52f3692621bd1bd670,2013-05-22 19:43:57,6,
22,685115fee1add9ae062bba328fa0d51e7cc6e154,2014-06-08 22:58:13,2,
23,685115fee1add9ae062bba328fa0d51e7cc6e154,2014-06-08 22:58:13,5,
24,c442114d601b1532dc564b52f3692621bd1bd670,2013-05-22 19:43:57,3,
24,c442114d601b1532dc564b52f3692621bd1bd670,2013-05-22 19:43:57,5,
24,c442114d601b1532dc564b52f3692621bd1bd670,2013-05-22 19:43:57,6,
24,685115fee1add9ae062bba328fa0d51e7cc6e154,2014-06-08 22:58:13,3,
24,685115fee1add9ae062bba328fa0d51e7cc6e154,2014-06-08 22:58:13,4,
24,685115fee1add9ae062bba328fa0d51e7cc6e154,2014-06-08 22:58:13,5,
25,c442114d601b1532dc564b52f3692621bd1bd670,2013-05-22 19:43:57,17,
25,685115fee1add9ae062bba328fa0d51e7cc6e154,2014-06-08 22:58:13,6,
25,685115fee1add9ae062bba328fa0d51e7cc6e154,2014-06-08 22:58:13,16,
11,0e674c6fca6d80e20fa5028c1478ab2917e47558,2014-10-08 11:02:31,1,
11,e8c44d422fae35aa52445ee45e7d100aaa3bbc3c,2013-05-22 15:34:43,1,
12,0e674c6fca6d80e20fa5028c1478ab2917e47558,2014-10-08 11:02:31,0,1983
12,e8c44d422fae35aa52445ee45e7d100aaa3bbc3c,2013-05-22 15:34:43,0,1985
13,0e674c6fca6d80e20fa5028c1478ab2917e47558,2014-10-08 11:02:31,55,
13,e8c44d422fae35aa52445ee45e7d100aaa3bbc3c,2013-05-22 15:34:43,198,
14,0e674c6fca6d80e20fa5028c1478ab2917e47558,2014-10-08 11:02:31,55,
14,e8c44d422fae35aa52445ee45e7d100aaa3bbc3c,2013-05-22 15:34:43,82,
16,0e674c6fca6d80e20fa5028c1478ab2917e47558,2014-10-08 11:02:31,1,
16,e8c44d422fae35aa52445ee45e7d100aaa3bbc3c,2013-05-22 15:34:43,1,
17,0e674c6fca6d80e20fa5028c1478ab2917e47558,2014-10-08 11:02:31,6,
17,e8c44d422fae35aa52445ee45e7d100aaa3bbc3c,2013-05-22 15:34:43,6,
18,0e674c6fca6d80e20fa5028c1478ab2917e47558,2014-10-08 11:02:31,3,
18,e8c44d422fae35aa52445ee45e7d100aaa3bbc3c,2013-05-22 15:34:43,4,
19,0e674c6fca6d80e20fa5028c1478ab2917e47558,2014-10-08 11:02:31,2,
19,e8c44d422fae35aa52445ee45e7d100aaa3bbc3c,2013-05-22 15:34:43,2,
20,0e674c6fca6d80e20fa5028c1478ab2917e47558,2014-10-08 11:02:31,0,
20,e8c44d422fae35aa52445ee45e7d100aaa3bbc3c,2013-05-22 15:34:43,0,
22,0e674c6fca6d80e20fa5028c1478ab2917e47558,2014-10-08 11:02:31,5,
22,e8c44d422fae35aa52445ee45e7d100aaa3bbc3c,2013-05-22 15:34:43,0,
23,0e674c6fca6d80e20fa5028c1478ab2917e47558,2014-10-08 11:02:31,5,
23,e8c44d422fae35aa52445ee45e7d100aaa3bbc3c,2013-05-22 15:34:43,5,
24,0e674c6fca6d80e20fa5028c1478ab2917e47558,2014-10-08 11:02:31,3,
24,0e674c6fca6d80e20fa5028c1478ab2917e47558,2014-10-08 11:02:31,4,
24,0e674c6fca6d80e20fa5028c1478ab2917e47558,2014-10-08 11:02:31,5,
24,e8c44d422fae35aa52445ee45e7d100aaa3bbc3c,2013-05-22 15:34:43,3,
24,e8c44d422fae35aa52445ee45e7d100aaa3bbc3c,2013-05-22 15:34:43,4,
24,e8c44d422fae35aa52445ee45e7d100aaa3bbc3c,2013-05-22 15:34:43,5,
25,0e674c6fca6d80e20fa5028c1478ab2917e47558,2014-10-08 11:02:31,5,
25,0e674c6fca6d80e20fa5028c1478ab2917e47558,2014-10-08 11:02:31,6,
25,e8c44d422fae35aa52445ee45e7d100aaa3bbc3c,2013-05-22 15:34:43,25,
11,bc99b74acfc4f3449f536039dc1d669ef46a9a57,2013-05-22 13:37:07,1,
12,bc99b74acfc4f3449f536039dc1d669ef46a9a57,2013-05-22 13:37:07,0,1982
13,bc99b74acfc4f3449f536039dc1d669ef46a9a57,2013-05-22 13:37:07,55,
14,bc99b74acfc4f3449f536039dc1d669ef46a9a57,2013-05-22 13:37:07,55,
16,bc99b74acfc4f3449f536039dc1d669ef46a9a57,2013-05-22 13:37:07,1,
17,bc99b74acfc4f3449f536039dc1d669ef46a9a57,2013-05-22 13:37:07,6,
18,bc99b74acfc4f3449f536039dc1d669ef46a9a57,2013-05-22 13:37:07,8,
19,bc99b74acfc4f3449f536039dc1d669ef46a9a57,2013-05-22 13:37:07,2,
21,bc99b74acfc4f3449f536039dc1d669ef46a9a57,2013-05-22 13:37:07,5,
21,bc99b74acfc4f3449f536039dc1d669ef46a9a57,2013-05-22 13:37:07,7,
22,bc99b74acfc4f3449f536039dc1d669ef46a9a57,2013-05-22 13:37:07,0,
23,bc99b74acfc4f3449f536039dc1d669ef46a9a57,2013-05-22 13:37:07,0,
24,bc99b74acfc4f3449f536039dc1d669ef46a9a57,2013-05-22 13:37:07,4,
24,bc99b74acfc4f3449f536039dc1d669ef46a9a57,2013-05-22 13:37:07,5,
24,bc99b74acfc4f3449f536039dc1d669ef46a9a57,2013-05-22 13:37:07,6,
25,bc99b74acfc4f3449f536039dc1d669ef46a9a57,2013-05-22 13:37:07,5,
25,bc99b74acfc4f3449f536039dc1d669ef46a9a57,2013-05-22 13:37:07,6,
11,c030c0b50e66d5ad655b78b964a83609aaac1567,2013-05-22 13:33:45,0,
12,c030c0b50e66d5ad655b78b964a83609aaac1567,2013-05-22 13:33:45,0,1988
13,c030c0b50e66d5ad655b78b964a83609aaac1567,2013-05-22 13:33:45,200,
14,c030c0b50e66d5ad655b78b964a83609aaac1567,2013-05-22 13:33:45,200,
16,c030c0b50e66d5ad655b78b964a83609aaac1567,2013-05-22 13:33:45,1,
17,c030c0b50e66d5ad655b78b964a83609aaac1567,2013-05-22 13:33:45,6,
18,c030c0b50e66d5ad655b78b964a83609aaac1567,2013-05-22 13:33:45,8,
19,c030c0b50e66d5ad655b78b964a83609aaac1567,2013-05-22 13:33:45,0,
20,c030c0b50e66d5ad655b78b964a83609aaac1567,2013-05-22 13:33:45,8,
21,c030c0b50e66d5ad655b78b964a83609aaac1567,2013-05-22 13:33:45,7,
21,c030c0b50e66d5ad655b78b964a83609aaac1567,2013-05-22 13:33:45,19,
22,c030c0b50e66d5ad655b78b964a83609aaac1567,2013-05-22 13:33:45,3,
23,c030c0b50e66d5ad655b78b964a83609aaac1567,2013-05-22 13:33:45,1,
24,c030c0b50e66d5ad655b78b964a83609aaac1567,2013-05-22 13:33:45,3,
24,c030c0b50e66d5ad655b78b964a83609aaac1567,2013-05-22 13:33:45,4,
24,c030c0b50e66d5ad655b78b964a83609aaac1567,2013-05-22 13:33:45,5,
25,c030c0b50e66d5ad655b78b964a83609aaac1567,2013-05-22 13:33:45,25,
11,717e133e182292103e60a64fbfbbbb47833e54ec,2013-10-11 14:02:35,1,
12,717e133e182292103e60a64fbfbbbb47833e54ec,2013-10-11 14:02:35,0,1977
13,717e133e182292103e60a64fbfbbbb47833e54ec,2013-10-11 14:02:35,176,
14,717e133e182292103e60a64fbfbbbb47833e54ec,2013-10-11 14:02:35,232,
16,717e133e182292103e60a64fbfbbbb47833e54ec,2013-10-11 14:02:35,1,
17,717e133e182292103e60a64fbfbbbb47833e54ec,2013-10-11 14:02:35,2,
18,717e133e182292103e60a64fbfbbbb47833e54ec,2013-10-11 14:02:35,7,
19,717e133e182292103e60a64fbfbbbb47833e54ec,2013-10-11 14:02:35,1,
20,717e133e182292103e60a64fbfbbbb47833e54ec,2013-10-11 14:02:35,5,
21,717e133e182292103e60a64fbfbbbb47833e54ec,2013-10-11 14:02:35,7,
22,717e133e182292103e60a64fbfbbbb47833e54ec,2013-10-11 14:02:35,0,
23,717e133e182292103e60a64fbfbbbb47833e54ec,2013-10-11 14:02:35,5,
24,717e133e182292103e60a64fbfbbbb47833e54ec,2013-10-11 14:02:35,3,
24,717e133e182292103e60a64fbfbbbb47833e54ec,2013-10-11 14:02:35,4,
24,717e133e182292103e60a64fbfbbbb47833e54ec,2013-10-11 14:02:35,5,
25,717e133e182292103e60a64fbfbbbb47833e54ec,2013-10-11 14:02:35,24,
11,375f477d2c6af27ea7077eecdf6f72017a66b3b3,2013-05-22 15:11:36,1,
12,375f477d2c6af27ea7077eecdf6f72017a66b3b3,2013-05-22 15:11:36,0,1980
13,375f477d2c6af27ea7077eecdf6f72017a66b3b3,2013-05-22 15:11:36,156,
14,375f477d2c6af27ea7077eecdf6f72017a66b3b3,2013-05-22 15:11:36,156,
16,375f477d2c6af27ea7077eecdf6f72017a66b3b3,2013-05-22 15:11:36,1,
17,375f477d2c6af27ea7077eecdf6f72017a66b3b3,2013-05-22 15:11:36,2,
18,375f477d2c6af27ea7077eecdf6f72017a66b3b3,2013-05-22 15:11:36,7,
19,375f477d2c6af27ea7077eecdf6f72017a66b3b3,2013-05-22 15:11:36,2,
20,375f477d2c6af27ea7077eecdf6f72017a66b3b3,2013-05-22 15:11:36,0,
22,375f477d2c6af27ea7077eecdf6f72017a66b3b3,2013-05-22 15:11:36,0,
23,375f477d2c6af27ea7077eecdf6f72017a66b3b3,2013-05-22 15:11:36,5,
24,375f477d2c6af27ea7077eecdf6f72017a66b3b3,2013-05-22 15:11:36,3,
24,375f477d2c6af27ea7077eecdf6f72017a66b3b3,2013-05-22 15:11:36,4,
24,375f477d2c6af27ea7077eecdf6f72017a66b3b3,2013-05-22 15:11:36,5,
25,375f477d2c6af27ea7077eecdf6f72017a66b3b3,2013-05-22 15:11:36,2,
25,375f477d2c6af27ea7077eecdf6f72017a66b3b3,2013-05-22 15:11:36,3,
11,36851495f962737c3ee3987f409050bc892fb18a,2015-01-26 17:27:58,0,
12,36851495f962737c3ee3987f409050bc892fb18a,2015-01-26 17:27:58,0,1965
13,36851495f962737c3ee3987f409050bc892fb18a,2015-01-26 17:27:58,232,
14,36851495f962737c3ee3987f409050bc892fb18a,2015-01-26 17:27:58,232,
16,36851495f962737c3ee3987f409050bc892fb18a,2015-01-26 17:27:58,1,
17,36851495f962737c3ee3987f409050bc892fb18a,2015-01-26 17:27:58,6,
18,36851495f962737c3ee3987f409050bc892fb18a,2015-01-26 17:27:58,8,
19,36851495f962737c3ee3987f409050bc892fb18a,2015-01-26 17:27:58,2,
20,36851495f962737c3ee3987f409050bc892fb18a,2015-01-26 17:27:58,0,
21,36851495f962737c3ee3987f409050bc892fb18a,2015-01-26 17:27:58,20,
21,36851495f962737c3ee3987f409050bc892fb18a,2015-01-26 17:27:58,27,
22,36851495f962737c3ee3987f409050bc892fb18a,2015-01-26 17:27:58,0,
23,36851495f962737c3ee3987f409050bc892fb18a,2015-01-26 17:27:58,14,
24,36851495f962737c3ee3987f409050bc892fb18a,2015-01-26 17:27:58,4,
24,36851495f962737c3ee3987f409050bc892fb18a,2015-01-26 17:27:58,5,
24,36851495f962737c3ee3987f409050bc892fb18a,2015-01-26 17:27:58,6,
25,36851495f962737c3ee3987f409050bc892fb18a,2015-01-26 17:27:58,5,
25,36851495f962737c3ee3987f409050bc892fb18a,2015-01-26 17:27:58,10,
11,3d4797dbf968a3adfd00077998db316e01efb770,2013-05-26 14:56:33,1,
12,3d4797dbf968a3adfd00077998db316e01efb770,2013-05-26 14:56:33,0,1978
13,3d4797dbf968a3adfd00077998db316e01efb770,2013-05-26 14:56:33,54,
14,3d4797dbf968a3adfd00077998db316e01efb770,2013-05-26 14:56:33,54,
16,3d4797dbf968a3adfd00077998db316e01efb770,2013-05-26 14:56:33,2,
17,3d4797dbf968a3adfd00077998db316e01efb770,2013-05-26 14:56:33,7,
18,3d4797dbf968a3adfd00077998db316e01efb770,2013-05-26 14:56:33,8,
19,3d4797dbf968a3adfd00077998db316e01efb770,2013-05-26 14:56:33,2,
21,3d4797dbf968a3adfd00077998db316e01efb770,2013-05-26 14:56:33,10,
22,3d4797dbf968a3adfd00077998db316e01efb770,2013-05-26 14:56:33,0,
23,3d4797dbf968a3adfd00077998db316e01efb770,2013-05-26 14:56:33,5,
24,3d4797dbf968a3adfd00077998db316e01efb770,2013-05-26 14:56:33,3,
24,3d4797dbf968a3adfd00077998db316e01efb770,2013-05-26 14:56:33,4,
24,3d4797dbf968a3adfd00077998db316e01efb770,2013-05-26 14:56:33,5,
25,3d4797dbf968a3adfd00077998db316e01efb770,2013-05-26 14:56:33,17,
11,da86b41c00ebba7f0d672e2d2c3907a93c722dc6,2013-05-22 13:34:13,0,
12,da86b41c00ebba7f0d672e2d2c3907a93c722dc6,2013-05-22 13:34:13,0,1990
13,da86b41c00ebba7f0d672e2d2c3907a93c722dc6,2013-05-22 13:34:13,177,
14,da86b41c00ebba7f0d672e2d2c3907a93c722dc6,2013-05-22 13:34:13,177,
16,da86b41c00ebba7f0d672e2d2c3907a93c722dc6,2013-05-22 13:34:13,1,
17,da86b41c00ebba7f0d672e2d2c3907a93c722dc6,2013-05-22 13:34:13,6,
18,da86b41c00ebba7f0d672e2d2c3907a93c722dc6,2013-05-22 13:34:13,4,
19,da86b41c00ebba7f0d672e2d2c3907a93c722dc6,2013-05-22 13:34:13,0,
20,da86b41c00ebba7f0d672e2d2c3907a93c722dc6,2013-05-22 13:34:13,5,
22,da86b41c00ebba7f0d672e2d2c3907a93c722dc6,2013-05-22 13:34:13,0,
23,da86b41c00ebba7f0d672e2d2c3907a93c722dc6,2013-05-22 13:34:13,5,
24,da86b41c00ebba7f0d672e2d2c3907a93c722dc6,2013-05-22 13:34:13,3,
24,da86b41c00ebba7f0d672e2d2c3907a93c722dc6,2013-05-22 13:34:13,4,
24,da86b41c00ebba7f0d672e2d2c3907a93c722dc6,2013-05-22 13:34:13,5,
25,da86b41c00ebba7f0d672e2d2c3907a93c722dc6,2013-05-22 13:34:13,6,
11,c5d648d89109a878d3b18d62702407ae2ba029eb,2013-06-12 20:35:15,1,
11,aabc7b0f41d2aa68f6a3f6691348e95b0114acf0,2014-09-26 06:59:42,1,
12,c5d648d89109a878d3b18d62702407ae2ba029eb,2013-06-12 20:35:15,0,1966
12,aabc7b0f41d2aa68f6a3f6691348e95b0114acf0,2014-09-26 06:59:42,0,1979
13,c5d648d89109a878d3b18d62702407ae2ba029eb,2013-06-12 20:35:15,43,
13,aabc7b0f41d2aa68f6a3f6691348e95b0114acf0,2014-09-26 06:59:42,182,
14,c5d648d89109a878d3b18d62702407ae2ba029eb,2013-06-12 20:35:15,13,
14,aabc7b0f41d2aa68f6a3f6691348e95b0114acf0,2014-09-26 06:59:42,182,
16,c5d648d89109a878d3b18d62702407ae2ba029eb,2013-06-12 20:35:15,1,
16,aabc7b0f41d2aa68f6a3f6691348e95b0114acf0,2014-09-26 06:59:42,1,
17,c5d648d89109a878d3b18d62702407ae2ba029eb,2013-06-12 20:35:15,4,
17,aabc7b0f41d2aa68f6a3f6691348e95b0114acf0,2014-09-26 06:59:42,6,
18,c5d648d89109a878d3b18d62702407ae2ba029eb,2013-06-12 20:35:15,8,
18,aabc7b0f41d2aa68f6a3f6691348e95b0114acf0,2014-09-26 06:59:42,4,
19,c5d648d89109a878d3b18d62702407ae2ba029eb,2013-06-12 20:35:15,2,
19,aabc7b0f41d2aa68f6a3f6691348e95b0114acf0,2014-09-26 06:59:42,2,
20,c5d648d89109a878d3b18d62702407ae2ba029eb,2013-06-12 20:35:15,0,
20,aabc7b0f41d2aa68f6a3f6691348e95b0114acf0,2014-09-26 06:59:42,0,
21,c5d648d89109a878d3b18d62702407ae2ba029eb,2013-06-12 20:35:15,4,
21,c5d648d89109a878d3b18d62702407ae2ba029eb,2013-06-12 20:35:15,7,
21,c5d648d89109a878d3b18d62702407ae2ba029eb,2013-06-12 20:35:15,10,
22,c5d648d89109a878d3b18d62702407ae2ba029eb,2013-06-12 20:35:15,0,
22,aabc7b0f41d2aa68f6a3f6691348e95b0114acf0,2014-09-26 06:59:42,0,
23,c5d648d89109a878d3b18d62702407ae2ba029eb,2013-06-12 20:35:15,15,
23,aabc7b0f41d2aa68f6a3f6691348e95b0114acf0,2014-09-26 06:59:42,5,
24,c5d648d89109a878d3b18d62702407ae2ba029eb,2013-06-12 20:35:15,4,
24,c5d648d89109a878d3b18d62702407ae2ba029eb,2013-06-12 20:35:15,5,
24,aabc7b0f41d2aa68f6a3f6691348e95b0114acf0,2014-09-26 06:59:42,3,
24,aabc7b0f41d2aa68f6a3f6691348e95b0114acf0,2014-09-26 06:59:42,4,
24,aabc7b0f41d2aa68f6a3f6691348e95b0114acf0,2014-09-26 06:59:42,5,
25,c5d648d89109a878d3b18d62702407ae2ba029eb,2013-06-12 20:35:15,5,
25,c5d648d89109a878d3b18d62702407ae2ba029eb,2013-06-12 20:35:15,25,
25,aabc7b0f41d2aa68f6a3f6691348e95b0114acf0,2014-09-26 06:59:42,14,
25,aabc7b0f41d2aa68f6a3f6691348e95b0114acf0,2014-09-26 06:59:42,17,
11,77332a79ed6affc3d2d980ad8adb8c62d46ef525,2013-10-13 12:10:10,1,
12,77332a79ed6affc3d2d980ad8adb8c62d46ef525,2013-10-13 12:10:10,0,1980
16,77332a79ed6affc3d2d980ad8adb8c62d46ef525,2013-10-13 12:10:10,0,
17,77332a79ed6affc3d2d980ad8adb8c62d46ef525,2013-10-13 12:10:10,6,
18,77332a79ed6affc3d2d980ad8adb8c62d46ef525,2013-10-13 12:10:10,7,
19,77332a79ed6affc3d2d980ad8adb8c62d46ef525,2013-10-13 12:10:10,2,
20,77332a79ed6affc3d2d980ad8adb8c62d46ef525,2013-10-13 12:10:10,0,
21,77332a79ed6affc3d2d980ad8adb8c62d46ef525,2013-10-13 12:10:10,7,
22,77332a79ed6affc3d2d980ad8adb8c62d46ef525,2013-10-13 12:10:10,0,
23,77332a79ed6affc3d2d980ad8adb8c62d46ef525,2013-10-13 12:10:10,5,
24,77332a79ed6affc3d2d980ad8adb8c62d46ef525,2013-10-13 12:10:10,3,
24,77332a79ed6affc3d2d980ad8adb8c62d46ef525,2013-10-13 12:10:10,4,
24,77332a79ed6affc3d2d980ad8adb8c62d46ef525,2013-10-13 12:10:10,5,
25,77332a79ed6affc3d2d980ad8adb8c62d46ef525,2013-10-13 12:10:10,14,
25,77332a79ed6affc3d2d980ad8adb8c62d46ef525,2013-10-13 12:10:10,17,
11,45a63a42dc887dfe94fb0d1b080e9a2d8852d2cb,2013-05-22 17:00:16,1,
12,45a63a42dc887dfe94fb0d1b080e9a2d8852d2cb,2013-05-22 17:00:16,0,1980
13,45a63a42dc887dfe94fb0d1b080e9a2d8852d2cb,2013-05-22 17:00:16,230,
14,45a63a42dc887dfe94fb0d1b080e9a2d8852d2cb,2013-05-22 17:00:16,230,
16,45a63a42dc887dfe94fb0d1b080e9a2d8852d2cb,2013-05-22 17:00:16,1,
17,45a63a42dc887dfe94fb0d1b080e9a2d8852d2cb,2013-05-22 17:00:16,7,
18,45a63a42dc887dfe94fb0d1b080e9a2d8852d2cb,2013-05-22 17:00:16,7,
19,45a63a42dc887dfe94fb0d1b080e9a2d8852d2cb,2013-05-22 17:00:16,0,
20,45a63a42dc887dfe94fb0d1b080e9a2d8852d2cb,2013-05-22 17:00:16,7,
21,45a63a42dc887dfe94fb0d1b080e9a2d8852d2cb,2013-05-22 17:00:16,31,
22,45a63a42dc887dfe94fb0d1b080e9a2d8852d2cb,2013-05-22 17:00:16,3,
23,45a63a42dc887dfe94fb0d1b080e9a2d8852d2cb,2013-05-22 17:00:16,14,
24,45a63a42dc887dfe94fb0d1b080e9a2d8852d2cb,2013-05-22 17:00:16,4,
24,45a63a42dc887dfe94fb0d1b080e9a2d8852d2cb,2013-05-22 17:00:16,5,
24,45a63a42dc887dfe94fb0d1b080e9a2d8852d2cb,2013-05-22 17:00:16,6,
25,45a63a42dc887dfe94fb0d1b080e9a2d8852d2cb,2013-05-22 17:00:16,23,
11,2dd3947a0fef96647fea944ff604219405cfa39b,2013-05-21 20:20:27,1,
11,eb107aeb6a100b582e26a4e418c07160dbaf9c33,2013-05-22 14:07:46,1,
12,2dd3947a0fef96647fea944ff604219405cfa39b,2013-05-21 20:20:27,0,1983
12,eb107aeb6a100b582e26a4e418c07160dbaf9c33,2013-05-22 14:07:46,0,1968
13,2dd3947a0fef96647fea944ff604219405cfa39b,2013-05-21 20:20:27,232,
13,eb107aeb6a100b582e26a4e418c07160dbaf9c33,2013-05-22 14:07:46,232,
14,2dd3947a0fef96647fea944ff604219405cfa39b,2013-05-21 20:20:27,232,
14,eb107aeb6a100b582e26a4e418c07160dbaf9c33,2013-05-22 14:07:46,232,
16,2dd3947a0fef96647fea944ff604219405cfa39b,2013-05-21 20:20:27,1,
16,eb107aeb6a100b582e26a4e418c07160dbaf9c33,2013-05-22 14:07:46,1,
17,2dd3947a0fef96647fea944ff604219405cfa39b,2013-05-21 20:20:27,6,
17,eb107aeb6a100b582e26a4e418c07160dbaf9c33,2013-05-22 14:07:46,0,
17,eb107aeb6a100b582e26a4e418c07160dbaf9c33,2013-05-22 14:07:46,6,
18,2dd3947a0fef96647fea944ff604219405cfa39b,2013-05-21 20:20:27,5,
18,eb107aeb6a100b582e26a4e418c07160dbaf9c33,2013-05-22 14:07:46,8,
19,2dd3947a0fef96647fea944ff604219405cfa39b,2013-05-21 20:20:27,2,
19,eb107aeb6a100b582e26a4e418c07160dbaf9c33,2013-05-22 14:07:46,2,
20,eb107aeb6a100b582e26a4e418c07160dbaf9c33,2013-05-22 14:07:46,0,
21,2dd3947a0fef96647fea944ff604219405cfa39b,2013-05-21 20:20:27,7,
21,2dd3947a0fef96647fea944ff604219405cfa39b,2013-05-21 20:20:27,11,
21,eb107aeb6a100b582e26a4e418c07160dbaf9c33,2013-05-22 14:07:46,20,
21,eb107aeb6a100b582e26a4e418c07160dbaf9c33,2013-05-22 14:07:46,35,
22,2dd3947a0fef96647fea944ff604219405cfa39b,2013-05-21 20:20:27,0,
22,eb107aeb6a100b582e26a4e418c07160dbaf9c33,2013-05-22 14:07:46,0,
23,2dd3947a0fef96647fea944ff604219405cfa39b,2013-05-21 20:20:27,5,
23,eb107aeb6a100b582e26a4e418c07160dbaf9c33,2013-05-22 14:07:46,5,
24,2dd3947a0fef96647fea944ff604219405cfa39b,2013-05-21 20:20:27,4,
24,2dd3947a0fef96647fea944ff604219405cfa39b,2013-05-21 20:20:27,5,
24,2dd3947a0fef96647fea944ff604219405cfa39b,2013-05-21 20:20:27,6,
24,eb107aeb6a100b582e26a4e418c07160dbaf9c33,2013-05-22 14:07:46,4,
24,eb107aeb6a100b582e26a4e418c07160dbaf9c33,2013-05-22 14:07:46,5,
24,eb107aeb6a100b582e26a4e418c07160dbaf9c33,2013-05-22 14:07:46,6,
25,eb107aeb6a100b582e26a4e418c07160dbaf9c33,2013-05-22 14:07:46,5,
25,eb107aeb6a100b582e26a4e418c07160dbaf9c33,2013-05-22 14:07:46,14,
25,eb107aeb6a100b582e26a4e418c07160dbaf9c33,2013-05-22 14:07:46,17,
11,dd2656872a5026596bc6f4a2d18292560c0c4025,2015-01-26 18:32:17,0,
12,dd2656872a5026596bc6f4a2d18292560c0c4025,2015-01-26 18:32:17,0,1988
13,dd2656872a5026596bc6f4a2d18292560c0c4025,2015-01-26 18:32:17,7,
14,dd2656872a5026596bc6f4a2d18292560c0c4025,2015-01-26 18:32:17,7,
16,dd2656872a5026596bc6f4a2d18292560c0c4025,2015-01-26 18:32:17,1,
17,dd2656872a5026596bc6f4a2d18292560c0c4025,2015-01-26 18:32:17,6,
18,dd2656872a5026596bc6f4a2d18292560c0c4025,2015-01-26 18:32:17,7,
19,dd2656872a5026596bc6f4a2d18292560c0c4025,2015-01-26 18:32:17,2,
20,dd2656872a5026596bc6f4a2d18292560c0c4025,2015-01-26 18:32:17,0,
21,dd2656872a5026596bc6f4a2d18292560c0c4025,2015-01-26 18:32:17,35,
22,dd2656872a5026596bc6f4a2d18292560c0c4025,2015-01-26 18:32:17,4,
23,dd2656872a5026596bc6f4a2d18292560c0c4025,2015-01-26 18:32:17,15,
24,dd2656872a5026596bc6f4a2d18292560c0c4025,2015-01-26 18:32:17,4,
24,dd2656872a5026596bc6f4a2d18292560c0c4025,2015-01-26 18:32:17,5,
24,dd2656872a5026596bc6f4a2d18292560c0c4025,2015-01-26 18:32:17,6,
25,dd2656872a5026596bc6f4a2d18292560c0c4025,2015-01-26 18:32:17,5,
25,dd2656872a5026596bc6f4a2d18292560c0c4025,2015-01-26 18:32:17,6,
25,dd2656872a5026596bc6f4a2d18292560c0c4025,2015-01-26 18:32:17,13,
25,dd2656872a5026596bc6f4a2d18292560c0c4025,2015-01-26 18:32:17,16,
25,dd2656872a5026596bc6f4a2d18292560c0c4025,2015-01-26 18:32:17,25,
11,8e4fcd9f1f94d5b5fb9b2161c09422c671584d1c,2014-10-05 19:04:41,0,
12,8e4fcd9f1f94d5b5fb9b2161c09422c671584d1c,2014-10-05 19:04:41,0,1981
13,8e4fcd9f1f94d5b5fb9b2161c09422c671584d1c,2014-10-05 19:04:41,23,
14,8e4fcd9f1f94d5b5fb9b2161c09422c671584d1c,2014-10-05 19:04:41,23,
16,8e4fcd9f1f94d5b5fb9b2161c09422c671584d1c,2014-10-05 19:04:41,1,
17,8e4fcd9f1f94d5b5fb9b2161c09422c671584d1c,2014-10-05 19:04:41,6,
18,8e4fcd9f1f94d5b5fb9b2161c09422c671584d1c,2014-10-05 19:04:41,8,
19,8e4fcd9f1f94d5b5fb9b2161c09422c671584d1c,2014-10-05 19:04:41,2,
20,8e4fcd9f1f94d5b5fb9b2161c09422c671584d1c,2014-10-05 19:04:41,0,
21,8e4fcd9f1f94d5b5fb9b2161c09422c671584d1c,2014-10-05 19:04:41,4,
22,8e4fcd9f1f94d5b5fb9b2161c09422c671584d1c,2014-10-05 19:04:41,0,
23,8e4fcd9f1f94d5b5fb9b2161c09422c671584d1c,2014-10-05 19:04:41,5,
24,8e4fcd9f1f94d5b5fb9b2161c09422c671584d1c,2014-10-05 19:04:41,3,
24,8e4fcd9f1f94d5b5fb9b2161c09422c671584d1c,2014-10-05 19:04:41,4,
24,8e4fcd9f1f94d5b5fb9b2161c09422c671584d1c,2014-10-05 19:04:41,5,
25,8e4fcd9f1f94d5b5fb9b2161c09422c671584d1c,2014-10-05 19:04:41,5,
11,a0b164b40a5c37401bcef922e6af256e1f37a28d,2013-05-22 16:36:18,1,
12,a0b164b40a5c37401bcef922e6af256e1f37a28d,2013-05-22 16:36:18,0,1983
16,a0b164b40a5c37401bcef922e6af256e1f37a28d,2013-05-22 16:36:18,1,
17,a0b164b40a5c37401bcef922e6af256e1f37a28d,2013-05-22 16:36:18,2,
18,a0b164b40a5c37401bcef922e6af256e1f37a28d,2013-05-22 16:36:18,7,
19,a0b164b40a5c37401bcef922e6af256e1f37a28d,2013-05-22 16:36:18,2,
20,a0b164b40a5c37401bcef922e6af256e1f37a28d,2013-05-22 16:36:18,0,
21,a0b164b40a5c37401bcef922e6af256e1f37a28d,2013-05-22 16:36:18,7,
22,a0b164b40a5c37401bcef922e6af256e1f37a28d,2013-05-22 16:36:18,0,
23,a0b164b40a5c37401bcef922e6af256e1f37a28d,2013-05-22 16:36:18,5,
24,a0b164b40a5c37401bcef922e6af256e1f37a28d,2013-05-22 16:36:18,3,
24,a0b164b40a5c37401bcef922e6af256e1f37a28d,2013-05-22 16:36:18,4,
24,a0b164b40a5c37401bcef922e6af256e1f37a28d,2013-05-22 16:36:18,5,
25,a0b164b40a5c37401bcef922e6af256e1f37a28d,2013-05-22 16:36:18,25,
11,723f0098ef09314167eb173f2082d25579ca2a73,2013-10-13 15:22:13,0,
12,723f0098ef09314167eb173f2082d25579ca2a73,2013-10-13 15:22:13,0,1953
13,723f0098ef09314167eb173f2082d25579ca2a73,2013-10-13 15:22:13,232,
14,723f0098ef09314167eb173f2082d25579ca2a73,2013-10-13 15:22:13,232,
16,723f0098ef09314167eb173f2082d25579ca2a73,2013-10-13 15:22:13,1,
17,723f0098ef09314167eb173f2082d25579ca2a73,2013-10-13 15:22:13,6,
18,723f0098ef09314167eb173f2082d25579ca2a73,2013-10-13 15:22:13,8,
19,723f0098ef09314167eb173f2082d25579ca2a73,2013-10-13 15:22:13,2,
21,723f0098ef09314167eb173f2082d25579ca2a73,2013-10-13 15:22:13,3,
21,723f0098ef09314167eb173f2082d25579ca2a73,2013-10-13 15:22:13,4,
21,723f0098ef09314167eb173f2082d25579ca2a73,2013-10-13 15:22:13,7,
21,723f0098ef09314167eb173f2082d25579ca2a73,2013-10-13 15:22:13,29,
22,723f0098ef09314167eb173f2082d25579ca2a73,2013-10-13 15:22:13,8,
24,723f0098ef09314167eb173f2082d25579ca2a73,2013-10-13 15:22:13,4,
24,723f0098ef09314167eb173f2082d25579ca2a73,2013-10-13 15:22:13,5,
24,723f0098ef09314167eb173f2082d25579ca2a73,2013-10-13 15:22:13,6,
25,723f0098ef09314167eb173f2082d25579ca2a73,2013-10-13 15:22:13,17,
25,723f0098ef09314167eb173f2082d25579ca2a73,2013-10-13 15:22:13,25,
11,e8afc4c4b437386d468fd85e3b9352af26d24d84,2013-10-11 13:11:25,0,
12,e8afc4c4b437386d468fd85e3b9352af26d24d84,2013-10-11 13:11:25,0,1983
13,e8afc4c4b437386d468fd85e3b9352af26d24d84,2013-10-11 13:11:25,30,
14,e8afc4c4b437386d468fd85e3b9352af26d24d84,2013-10-11 13:11:25,30,
16,e8afc4c4b437386d468fd85e3b9352af26d24d84,2013-10-11 13:11:25,1,
17,e8afc4c4b437386d468fd85e3b9352af26d24d84,2013-10-11 13:11:25,1,
18,e8afc4c4b437386d468fd85e3b9352af26d24d84,2013-10-11 13:11:25,7,
19,e8afc4c4b437386d468fd85e3b9352af26d24d84,2013-10-11 13:11:25,2,
21,e8afc4c4b437386d468fd85e3b9352af26d24d84,2013-10-11 13:11:25,7,
22,e8afc4c4b437386d468fd85e3b9352af26d24d84,2013-10-11 13:11:25,0,
23,e8afc4c4b437386d468fd85e3b9352af26d24d84,2013-10-11 13:11:25,5,
24,e8afc4c4b437386d468fd85e3b9352af26d24d84,2013-10-11 13:11:25,3,
24,e8afc4c4b437386d468fd85e3b9352af26d24d84,2013-10-11 13:11:25,5,
25,e8afc4c4b437386d468fd85e3b9352af26d24d84,2013-10-11 13:11:25,14,
25,e8afc4c4b437386d468fd85e3b9352af26d24d84,2013-10-11 13:11:25,17,
11,1457b7fe68e97c92cb0f60d5062798cc60cbbf26,2013-05-21 16:37:51,1,
12,1457b7fe68e97c92cb0f60d5062798cc60cbbf26,2013-05-21 16:37:51,0,1984
13,1457b7fe68e97c92cb0f60d5062798cc60cbbf26,2013-05-21 16:37:51,189,
14,1457b7fe68e97c92cb0f60d5062798cc60cbbf26,2013-05-21 16:37:51,189,
16,1457b7fe68e97c92cb0f60d5062798cc60cbbf26,2013-05-21 16:37:51,1,
17,1457b7fe68e97c92cb0f60d5062798cc60cbbf26,2013-05-21 16:37:51,6,
18,1457b7fe68e97c92cb0f60d5062798cc60cbbf26,2013-05-21 16:37:51,7,
19,1457b7fe68e97c92cb0f60d5062798cc60cbbf26,2013-05-21 16:37:51,2,
21,1457b7fe68e97c92cb0f60d5062798cc60cbbf26,2013-05-21 16:37:51,6,
21,1457b7fe68e97c92cb0f60d5062798cc60cbbf26,2013-05-21 16:37:51,7,
21,1457b7fe68e97c92cb0f60d5062798cc60cbbf26,2013-05-21 16:37:51,20,
22,1457b7fe68e97c92cb0f60d5062798cc60cbbf26,2013-05-21 16:37:51,0,
23,1457b7fe68e97c92cb0f60d5062798cc60cbbf26,2013-05-21 16:37:51,5,
24,1457b7fe68e97c92cb0f60d5062798cc60cbbf26,2013-05-21 16:37:51,3,
24,1457b7fe68e97c92cb0f60d5062798cc60cbbf26,2013-05-21 16:37:51,4,
24,1457b7fe68e97c92cb0f60d5062798cc60cbbf26,2013-05-21 16:37:51,5,
11,384c07456c43423df0785617cf7b9896e14f3df0,2013-05-21 23:32:51,1,
12,384c07456c43423df0785617cf7b9896e14f3df0,2013-05-21 23:32:51,0,1989
13,384c07456c43423df0785617cf7b9896e14f3df0,2013-05-21 23:32:51,104,
14,384c07456c43423df0785617cf7b9896e14f3df0,2013-05-21 23:32:51,104,
16,384c07456c43423df0785617cf7b9896e14f3df0,2013-05-21 23:32:51,1,
17,384c07456c43423df0785617cf7b9896e14f3df0,2013-05-21 23:32:51,3,
18,384c07456c43423df0785617cf7b9896e14f3df0,2013-05-21 23:32:51,7,
19,384c07456c43423df0785617cf7b9896e14f3df0,2013-05-21 23:32:51,2,
21,384c07456c43423df0785617cf7b9896e14f3df0,2013-05-21 23:32:51,6,
21,384c07456c43423df0785617cf7b9896e14f3df0,2013-05-21 23:32:51,7,
21,384c07456c43423df0785617cf7b9896e14f3df0,2013-05-21 23:32:51,10,
22,384c07456c43423df0785617cf7b9896e14f3df0,2013-05-21 23:32:51,0,
23,384c07456c43423df0785617cf7b9896e14f3df0,2013-05-21 23:32:51,3,
24,384c07456c43423df0785617cf7b9896e14f3df0,2013-05-21 23:32:51,4,
24,384c07456c43423df0785617cf7b9896e14f3df0,2013-05-21 23:32:51,5,
24,384c07456c43423df0785617cf7b9896e14f3df0,2013-05-21 23:32:51,6,
11,2547c7a534e1104667678a632d6609a86274042d,2013-05-22 16:00:01,1,
12,2547c7a534e1104667678a632d6609a86274042d,2013-05-22 16:00:01,0,1984
13,2547c7a534e1104667678a632d6609a86274042d,2013-05-22 16:00:01,232,
14,2547c7a534e1104667678a632d6609a86274042d,2013-05-22 16:00:01,232,
16,2547c7a534e1104667678a632d6609a86274042d,2013-05-22 16:00:01,1,
17,2547c7a534e1104667678a632d6609a86274042d,2013-05-22 16:00:01,6,
18,2547c7a534e1104667678a632d6609a86274042d,2013-05-22 16:00:01,7,
19,2547c7a534e1104667678a632d6609a86274042d,2013-05-22 16:00:01,2,
20,2547c7a534e1104667678a632d6609a86274042d,2013-05-22 16:00:01,0,
21,2547c7a534e1104667678a632d6609a86274042d,2013-05-22 16:00:01,4,
21,2547c7a534e1104667678a632d6609a86274042d,2013-05-22 16:00:01,7,
22,2547c7a534e1104667678a632d6609a86274042d,2013-05-22 16:00:01,0,
23,2547c7a534e1104667678a632d6609a86274042d,2013-05-22 16:00:01,1,
24,2547c7a534e1104667678a632d6609a86274042d,2013-05-22 16:00:01,4,
24,2547c7a534e1104667678a632d6609a86274042d,2013-05-22 16:00:01,5,
24,2547c7a534e1104667678a632d6609a86274042d,2013-05-22 16:00:01,6,
11,a7360e26f09a583dc30ff4285ea9a505e4e855b8,2013-05-22 07:10:32,0,
12,a7360e26f09a583dc30ff4285ea9a505e4e855b8,2013-05-22 07:10:32,0,1962
13,a7360e26f09a583dc30ff4285ea9a505e4e855b8,2013-05-22 07:10:32,164,
14,a7360e26f09a583dc30ff4285ea9a505e4e855b8,2013-05-22 07:10:32,164,
16,a7360e26f09a583dc30ff4285ea9a505e4e855b8,2013-05-22 07:10:32,1,
17,a7360e26f09a583dc30ff4285ea9a505e4e855b8,2013-05-22 07:10:32,6,
18,a7360e26f09a583dc30ff4285ea9a505e4e855b8,2013-05-22 07:10:32,7,
19,a7360e26f09a583dc30ff4285ea9a505e4e855b8,2013-05-22 07:10:32,2,
20,a7360e26f09a583dc30ff4285ea9a505e4e855b8,2013-05-22 07:10:32,0,
21,a7360e26f09a583dc30ff4285ea9a505e4e855b8,2013-05-22 07:10:32,18,
22,a7360e26f09a583dc30ff4285ea9a505e4e855b8,2013-05-22 07:10:32,0,
23,a7360e26f09a583dc30ff4285ea9a505e4e855b8,2013-05-22 07:10:32,5,
24,a7360e26f09a583dc30ff4285ea9a505e4e855b8,2013-05-22 07:10:32,3,
24,a7360e26f09a583dc30ff4285ea9a505e4e855b8,2013-05-22 07:10:32,5,
11,7607d531247635db23e3c0237154ce0a5ef0f7ca,2013-05-24 21:02:24,1,
12,7607d531247635db23e3c0237154ce0a5ef0f7ca,2013-05-24 21:02:24,0,1972
13,7607d531247635db23e3c0237154ce0a5ef0f7ca,2013-05-24 21:02:24,230,
14,7607d531247635db23e3c0237154ce0a5ef0f7ca,2013-05-24 21:02:24,230,
16,7607d531247635db23e3c0237154ce0a5ef0f7ca,2013-05-24 21:02:24,1,
17,7607d531247635db23e3c0237154ce0a5ef0f7ca,2013-05-24 21:02:24,6,
18,7607d531247635db23e3c0237154ce0a5ef0f7ca,2013-05-24 21:02:24,8,
19,7607d531247635db23e3c0237154ce0a5ef0f7ca,2013-05-24 21:02:24,2,
20,7607d531247635db23e3c0237154ce0a5ef0f7ca,2013-05-24 21:02:24,0,
21,7607d531247635db23e3c0237154ce0a5ef0f7ca,2013-05-24 21:02:24,4,
21,7607d531247635db23e3c0237154ce0a5ef0f7ca,2013-05-24 21:02:24,7,
21,7607d531247635db23e3c0237154ce0a5ef0f7ca,2013-05-24 21:02:24,20,
22,7607d531247635db23e3c0237154ce0a5ef0f7ca,2013-05-24 21:02:24,0,
23,7607d531247635db23e3c0237154ce0a5ef0f7ca,2013-05-24 21:02:24,5,
24,7607d531247635db23e3c0237154ce0a5ef0f7ca,2013-05-24 21:02:24,4,
24,7607d531247635db23e3c0237154ce0a5ef0f7ca,2013-05-24 21:02:24,5,
24,7607d531247635db23e3c0237154ce0a5ef0f7ca,2013-05-24 21:02:24,6,
11,0d86976202315563cff173f3989751b24cc44a5b,2013-05-21 17:42:14,1,
12,0d86976202315563cff173f3989751b24cc44a5b,2013-05-21 17:42:14,0,1971
13,0d86976202315563cff173f3989751b24cc44a5b,2013-05-21 17:42:14,155,
14,0d86976202315563cff173f3989751b24cc44a5b,2013-05-21 17:42:14,155,
16,0d86976202315563cff173f3989751b24cc44a5b,2013-05-21 17:42:14,0,
18,0d86976202315563cff173f3989751b24cc44a5b,2013-05-21 17:42:14,7,
19,0d86976202315563cff173f3989751b24cc44a5b,2013-05-21 17:42:14,2,
21,0d86976202315563cff173f3989751b24cc44a5b,2013-05-21 17:42:14,7,
22,0d86976202315563cff173f3989751b24cc44a5b,2013-05-21 17:42:14,0,
23,0d86976202315563cff173f3989751b24cc44a5b,2013-05-21 17:42:14,5,
24,0d86976202315563cff173f3989751b24cc44a5b,2013-05-21 17:42:14,3,
24,0d86976202315563cff173f3989751b24cc44a5b,2013-05-21 17:42:14,5,
11,67872070606ae34146a5c80a2ab1b056efee589f,2013-05-22 17:28:32,1,
12,67872070606ae34146a5c80a2ab1b056efee589f,2013-05-22 17:28:32,0,1974
13,67872070606ae34146a5c80a2ab1b056efee589f,2013-05-22 17:28:32,177,
14,67872070606ae34146a5c80a2ab1b056efee589f,2013-05-22 17:28:32,55,
16,67872070606ae34146a5c80a2ab1b056efee589f,2013-05-22 17:28:32,1,
17,67872070606ae34146a5c80a2ab1b056efee589f,2013-05-22 17:28:32,6,
18,67872070606ae34146a5c80a2ab1b056efee589f,2013-05-22 17:28:32,7,
19,67872070606ae34146a5c80a2ab1b056efee589f,2013-05-22 17:28:32,2,
20,67872070606ae34146a5c80a2ab1b056efee589f,2013-05-22 17:28:32,0,
21,67872070606ae34146a5c80a2ab1b056efee589f,2013-05-22 17:28:32,6,
21,67872070606ae34146a5c80a2ab1b056efee589f,2013-05-22 17:28:32,7,
21,67872070606ae34146a5c80a2ab1b056efee589f,2013-05-22 17:28:32,10,
22,67872070606ae34146a5c80a2ab1b056efee589f,2013-05-22 17:28:32,5,
23,67872070606ae34146a5c80a2ab1b056efee589f,2013-05-22 17:28:32,5,
24,67872070606ae34146a5c80a2ab1b056efee589f,2013-05-22 17:28:32,3,
24,67872070606ae34146a5c80a2ab1b056efee589f,2013-05-22 17:28:32,5,
24,67872070606ae34146a5c80a2ab1b056efee589f,2013-05-22 17:28:32,6,
25,67872070606ae34146a5c80a2ab1b056efee589f,2013-05-22 17:28:32,5,
25,67872070606ae34146a5c80a2ab1b056efee589f,2013-05-22 17:28:32,6,
25,67872070606ae34146a5c80a2ab1b056efee589f,2013-05-22 17:28:32,25,
11,86d7892595537e8f29ac01aa58eecb6ef5282c13,2013-05-22 13:59:31,1,
11,4fb6dceb3010030bfef141a8a369a6ceed472e35,2014-06-07 21:45:38,0,
12,86d7892595537e8f29ac01aa58eecb6ef5282c13,2013-05-22 13:59:31,0,1989
12,4fb6dceb3010030bfef141a8a369a6ceed472e35,2014-06-07 21:45:38,0,1986
13,86d7892595537e8f29ac01aa58eecb6ef5282c13,2013-05-22 13:59:31,18,
13,4fb6dceb3010030bfef141a8a369a6ceed472e35,2014-06-07 21:45:38,54,
14,86d7892595537e8f29ac01aa58eecb6ef5282c13,2013-05-22 13:59:31,18,
14,4fb6dceb3010030bfef141a8a369a6ceed472e35,2014-06-07 21:45:38,54,
16,86d7892595537e8f29ac01aa58eecb6ef5282c13,2013-05-22 13:59:31,1,
16,4fb6dceb3010030bfef141a8a369a6ceed472e35,2014-06-07 21:45:38,1,
17,86d7892595537e8f29ac01aa58eecb6ef5282c13,2013-05-22 13:59:31,6,
17,4fb6dceb3010030bfef141a8a369a6ceed472e35,2014-06-07 21:45:38,6,
18,86d7892595537e8f29ac01aa58eecb6ef5282c13,2013-05-22 13:59:31,7,
18,4fb6dceb3010030bfef141a8a369a6ceed472e35,2014-06-07 21:45:38,8,
19,86d7892595537e8f29ac01aa58eecb6ef5282c13,2013-05-22 13:59:31,2,
19,4fb6dceb3010030bfef141a8a369a6ceed472e35,2014-06-07 21:45:38,2,
20,86d7892595537e8f29ac01aa58eecb6ef5282c13,2013-05-22 13:59:31,0,
21,86d7892595537e8f29ac01aa58eecb6ef5282c13,2013-05-22 13:59:31,4,
21,4fb6dceb3010030bfef141a8a369a6ceed472e35,2014-06-07 21:45:38,10,
22,86d7892595537e8f29ac01aa58eecb6ef5282c13,2013-05-22 13:59:31,2,
22,4fb6dceb3010030bfef141a8a369a6ceed472e35,2014-06-07 21:45:38,0,
23,86d7892595537e8f29ac01aa58eecb6ef5282c13,2013-05-22 13:59:31,10,
23,4fb6dceb3010030bfef141a8a369a6ceed472e35,2014-06-07 21:45:38,0,
24,86d7892595537e8f29ac01aa58eecb6ef5282c13,2013-05-22 13:59:31,3,
24,86d7892595537e8f29ac01aa58eecb6ef5282c13,2013-05-22 13:59:31,5,
24,4fb6dceb3010030bfef141a8a369a6ceed472e35,2014-06-07 21:45:38,3,
24,4fb6dceb3010030bfef141a8a369a6ceed472e35,2014-06-07 21:45:38,4,
25,86d7892595537e8f29ac01aa58eecb6ef5282c13,2013-05-22 13:59:31,6,
25,86d7892595537e8f29ac01aa58eecb6ef5282c13,2013-05-22 13:59:31,25,
25,4fb6dceb3010030bfef141a8a369a6ceed472e35,2014-06-07 21:45:38,5,
25,4fb6dceb3010030bfef141a8a369a6ceed472e35,2014-06-07 21:45:38,25,
11,a974293e382f93235bae528b7a48e0e191c14e29,2013-05-21 15:57:45,0,
12,a974293e382f93235bae528b7a48e0e191c14e29,2013-05-21 15:57:45,0,1988
13,a974293e382f93235bae528b7a48e0e191c14e29,2013-05-21 15:57:45,48,
14,a974293e382f93235bae528b7a48e0e191c14e29,2013-05-21 15:57:45,59,
16,a974293e382f93235bae528b7a48e0e191c14e29,2013-05-21 15:57:45,0,
18,a974293e382f93235bae528b7a48e0e191c14e29,2013-05-21 15:57:45,7,
19,a974293e382f93235bae528b7a48e0e191c14e29,2013-05-21 15:57:45,2,
21,a974293e382f93235bae528b7a48e0e191c14e29,2013-05-21 15:57:45,7,
21,a974293e382f93235bae528b7a48e0e191c14e29,2013-05-21 15:57:45,10,
22,a974293e382f93235bae528b7a48e0e191c14e29,2013-05-21 15:57:45,0,
23,a974293e382f93235bae528b7a48e0e191c14e29,2013-05-21 15:57:45,15,
24,a974293e382f93235bae528b7a48e0e191c14e29,2013-05-21 15:57:45,3,
24,a974293e382f93235bae528b7a48e0e191c14e29,2013-05-21 15:57:45,4,
24,a974293e382f93235bae528b7a48e0e191c14e29,2013-05-21 15:57:45,5,
11,fb92ede38f52bf52201942fe3d48778f6a5218d5,2013-05-22 13:13:49,1,
12,fb92ede38f52bf52201942fe3d48778f6a5218d5,2013-05-22 13:13:49,0,1988
13,fb92ede38f52bf52201942fe3d48778f6a5218d5,2013-05-22 13:13:49,66,
14,fb92ede38f52bf52201942fe3d48778f6a5218d5,2013-05-22 13:13:49,66,
16,fb92ede38f52bf52201942fe3d48778f6a5218d5,2013-05-22 13:13:49,0,
17,fb92ede38f52bf52201942fe3d48778f6a5218d5,2013-05-22 13:13:49,6,
18,fb92ede38f52bf52201942fe3d48778f6a5218d5,2013-05-22 13:13:49,7,
19,fb92ede38f52bf52201942fe3d48778f6a5218d5,2013-05-22 13:13:49,0,
20,fb92ede38f52bf52201942fe3d48778f6a5218d5,2013-05-22 13:13:49,5,
21,fb92ede38f52bf52201942fe3d48778f6a5218d5,2013-05-22 13:13:49,4,
22,fb92ede38f52bf52201942fe3d48778f6a5218d5,2013-05-22 13:13:49,1,
23,fb92ede38f52bf52201942fe3d48778f6a5218d5,2013-05-22 13:13:49,3,
24,fb92ede38f52bf52201942fe3d48778f6a5218d5,2013-05-22 13:13:49,4,
24,fb92ede38f52bf52201942fe3d48778f6a5218d5,2013-05-22 13:13:49,5,
24,fb92ede38f52bf52201942fe3d48778f6a5218d5,2013-05-22 13:13:49,6,
25,fb92ede38f52bf52201942fe3d48778f6a5218d5,2013-05-22 13:13:49,17,
11,029a1ea5ad1e02d9d014bfcb107d0f131f885099,2013-05-21 16:46:40,1,
12,029a1ea5ad1e02d9d014bfcb107d0f131f885099,2013-05-21 16:46:40,0,1984
13,029a1ea5ad1e02d9d014bfcb107d0f131f885099,2013-05-21 16:46:40,66,
14,029a1ea5ad1e02d9d014bfcb107d0f131f885099,2013-05-21 16:46:40,230,
16,029a1ea5ad1e02d9d014bfcb107d0f131f885099,2013-05-21 16:46:40,0,
17,029a1ea5ad1e02d9d014bfcb107d0f131f885099,2013-05-21 16:46:40,6,
18,029a1ea5ad1e02d9d014bfcb107d0f131f885099,2013-05-21 16:46:40,8,
19,029a1ea5ad1e02d9d014bfcb107d0f131f885099,2013-05-21 16:46:40,2,
20,029a1ea5ad1e02d9d014bfcb107d0f131f885099,2013-05-21 16:46:40,0,
21,029a1ea5ad1e02d9d014bfcb107d0f131f885099,2013-05-21 16:46:40,7,
21,029a1ea5ad1e02d9d014bfcb107d0f131f885099,2013-05-21 16:46:40,10,
22,029a1ea5ad1e02d9d014bfcb107d0f131f885099,2013-05-21 16:46:40,5,
23,029a1ea5ad1e02d9d014bfcb107d0f131f885099,2013-05-21 16:46:40,5,
24,029a1ea5ad1e02d9d014bfcb107d0f131f885099,2013-05-21 16:46:40,3,
24,029a1ea5ad1e02d9d014bfcb107d0f131f885099,2013-05-21 16:46:40,4,
11,a9c098d64266a8644353d9349fc3ada4d517c759,2013-06-02 11:44:40,1,
12,a9c098d64266a8644353d9349fc3ada4d517c759,2013-06-02 11:44:40,0,1979
13,a9c098d64266a8644353d9349fc3ada4d517c759,2013-06-02 11:44:40,189,
14,a9c098d64266a8644353d9349fc3ada4d517c759,2013-06-02 11:44:40,189,
16,a9c098d64266a8644353d9349fc3ada4d517c759,2013-06-02 11:44:40,1,
17,a9c098d64266a8644353d9349fc3ada4d517c759,2013-06-02 11:44:40,6,
18,a9c098d64266a8644353d9349fc3ada4d517c759,2013-06-02 11:44:40,8,
19,a9c098d64266a8644353d9349fc3ada4d517c759,2013-06-02 11:44:40,1,
20,a9c098d64266a8644353d9349fc3ada4d517c759,2013-06-02 11:44:40,6,
21,a9c098d64266a8644353d9349fc3ada4d517c759,2013-06-02 11:44:40,4,
21,a9c098d64266a8644353d9349fc3ada4d517c759,2013-06-02 11:44:40,7,
21,a9c098d64266a8644353d9349fc3ada4d517c759,2013-06-02 11:44:40,10,
21,a9c098d64266a8644353d9349fc3ada4d517c759,2013-06-02 11:44:40,20,
21,a9c098d64266a8644353d9349fc3ada4d517c759,2013-06-02 11:44:40,21,
21,a9c098d64266a8644353d9349fc3ada4d517c759,2013-06-02 11:44:40,27,
22,a9c098d64266a8644353d9349fc3ada4d517c759,2013-06-02 11:44:40,0,
23,a9c098d64266a8644353d9349fc3ada4d517c759,2013-06-02 11:44:40,5,
24,a9c098d64266a8644353d9349fc3ada4d517c759,2013-06-02 11:44:40,3,
24,a9c098d64266a8644353d9349fc3ada4d517c759,2013-06-02 11:44:40,4,
25,a9c098d64266a8644353d9349fc3ada4d517c759,2013-06-02 11:44:40,16,
11,77f6b834cc3328bfa9dc93034301b7a1def12452,2013-05-25 09:37:57,0,
11,bc5e5d30f98b72c8fe28bfde64ee08670b9aa18b,2013-10-09 23:19:13,1,
12,77f6b834cc3328bfa9dc93034301b7a1def12452,2013-05-25 09:37:57,0,1992
12,bc5e5d30f98b72c8fe28bfde64ee08670b9aa18b,2013-10-09 23:19:13,0,1976
13,77f6b834cc3328bfa9dc93034301b7a1def12452,2013-05-25 09:37:57,63,
13,bc5e5d30f98b72c8fe28bfde64ee08670b9aa18b,2013-10-09 23:19:13,187,
14,77f6b834cc3328bfa9dc93034301b7a1def12452,2013-05-25 09:37:57,63,
14,bc5e5d30f98b72c8fe28bfde64ee08670b9aa18b,2013-10-09 23:19:13,230,
16,77f6b834cc3328bfa9dc93034301b7a1def12452,2013-05-25 09:37:57,1,
16,bc5e5d30f98b72c8fe28bfde64ee08670b9aa18b,2013-10-09 23:19:13,1,
17,77f6b834cc3328bfa9dc93034301b7a1def12452,2013-05-25 09:37:57,6,
17,bc5e5d30f98b72c8fe28bfde64ee08670b9aa18b,2013-10-09 23:19:13,6,
18,77f6b834cc3328bfa9dc93034301b7a1def12452,2013-05-25 09:37:57,7,
18,bc5e5d30f98b72c8fe28bfde64ee08670b9aa18b,2013-10-09 23:19:13,7,
19,77f6b834cc3328bfa9dc93034301b7a1def12452,2013-05-25 09:37:57,0,
19,bc5e5d30f98b72c8fe28bfde64ee08670b9aa18b,2013-10-09 23:19:13,1,
20,77f6b834cc3328bfa9dc93034301b7a1def12452,2013-05-25 09:37:57,5,
20,bc5e5d30f98b72c8fe28bfde64ee08670b9aa18b,2013-10-09 23:19:13,3,
21,77f6b834cc3328bfa9dc93034301b7a1def12452,2013-05-25 09:37:57,4,
21,bc5e5d30f98b72c8fe28bfde64ee08670b9aa18b,2013-10-09 23:19:13,4,
22,77f6b834cc3328bfa9dc93034301b7a1def12452,2013-05-25 09:37:57,6,
22,bc5e5d30f98b72c8fe28bfde64ee08670b9aa18b,2013-10-09 23:19:13,0,
23,77f6b834cc3328bfa9dc93034301b7a1def12452,2013-05-25 09:37:57,3,
23,bc5e5d30f98b72c8fe28bfde64ee08670b9aa18b,2013-10-09 23:19:13,3,
24,77f6b834cc3328bfa9dc93034301b7a1def12452,2013-05-25 09:37:57,3,
24,77f6b834cc3328bfa9dc93034301b7a1def12452,2013-05-25 09:37:57,4,
24,bc5e5d30f98b72c8fe28bfde64ee08670b9aa18b,2013-10-09 23:19:13,3,
24,bc5e5d30f98b72c8fe28bfde64ee08670b9aa18b,2013-10-09 23:19:13,4,
24,bc5e5d30f98b72c8fe28bfde64ee08670b9aa18b,2013-10-09 23:19:13,5,
25,77f6b834cc3328bfa9dc93034301b7a1def12452,2013-05-25 09:37:57,0,
25,bc5e5d30f98b72c8fe28bfde64ee08670b9aa18b,2013-10-09 23:19:13,6,
25,bc5e5d30f98b72c8fe28bfde64ee08670b9aa18b,2013-10-09 23:19:13,8,
25,bc5e5d30f98b72c8fe28bfde64ee08670b9aa18b,2013-10-09 23:19:13,25,
11,2520023c0f7e7806661a22b84165baa84f956c1f,2013-05-22 08:08:43,1,
12,2520023c0f7e7806661a22b84165baa84f956c1f,2013-05-22 08:08:43,0,1983
13,2520023c0f7e7806661a22b84165baa84f956c1f,2013-05-22 08:08:43,78,
14,2520023c0f7e7806661a22b84165baa84f956c1f,2013-05-22 08:08:43,189,
16,2520023c0f7e7806661a22b84165baa84f956c1f,2013-05-22 08:08:43,1,
17,2520023c0f7e7806661a22b84165baa84f956c1f,2013-05-22 08:08:43,6,
18,2520023c0f7e7806661a22b84165baa84f956c1f,2013-05-22 08:08:43,8,
19,2520023c0f7e7806661a22b84165baa84f956c1f,2013-05-22 08:08:43,2,
20,2520023c0f7e7806661a22b84165baa84f956c1f,2013-05-22 08:08:43,0,
21,2520023c0f7e7806661a22b84165baa84f956c1f,2013-05-22 08:08:43,20,
22,2520023c0f7e7806661a22b84165baa84f956c1f,2013-05-22 08:08:43,0,
23,2520023c0f7e7806661a22b84165baa84f956c1f,2013-05-22 08:08:43,5,
24,2520023c0f7e7806661a22b84165baa84f956c1f,2013-05-22 08:08:43,3,
24,2520023c0f7e7806661a22b84165baa84f956c1f,2013-05-22 08:08:43,4,
24,2520023c0f7e7806661a22b84165baa84f956c1f,2013-05-22 08:08:43,5,
11,16a82e59326cbf16555cab8b024353f18f40334d,2015-02-02 22:43:14,1,
12,16a82e59326cbf16555cab8b024353f18f40334d,2015-02-02 22:43:14,0,1981
13,16a82e59326cbf16555cab8b024353f18f40334d,2015-02-02 22:43:14,11,
14,16a82e59326cbf16555cab8b024353f18f40334d,2015-02-02 22:43:14,232,
16,16a82e59326cbf16555cab8b024353f18f40334d,2015-02-02 22:43:14,0,
17,16a82e59326cbf16555cab8b024353f18f40334d,2015-02-02 22:43:14,6,
18,16a82e59326cbf16555cab8b024353f18f40334d,2015-02-02 22:43:14,7,
19,16a82e59326cbf16555cab8b024353f18f40334d,2015-02-02 22:43:14,2,
20,16a82e59326cbf16555cab8b024353f18f40334d,2015-02-02 22:43:14,0,
21,16a82e59326cbf16555cab8b024353f18f40334d,2015-02-02 22:43:14,7,
22,16a82e59326cbf16555cab8b024353f18f40334d,2015-02-02 22:43:14,0,
23,16a82e59326cbf16555cab8b024353f18f40334d,2015-02-02 22:43:14,5,
24,16a82e59326cbf16555cab8b024353f18f40334d,2015-02-02 22:43:14,3,
24,16a82e59326cbf16555cab8b024353f18f40334d,2015-02-02 22:43:14,5,
24,16a82e59326cbf16555cab8b024353f18f40334d,2015-02-02 22:43:14,6,
25,16a82e59326cbf16555cab8b024353f18f40334d,2015-02-02 22:43:14,17,
11,7981e67568041b41ac36181d93c226939ef0cf54,2015-02-02 03:44:25,1,
11,0fb7b69ad7be27de1b5411995eed42d6db48e168,2014-02-05 17:29:14,0,
12,7981e67568041b41ac36181d93c226939ef0cf54,2015-02-02 03:44:25,0,1985
12,0fb7b69ad7be27de1b5411995eed42d6db48e168,2014-02-05 17:29:14,0,1989
13,7981e67568041b41ac36181d93c226939ef0cf54,2015-02-02 03:44:25,104,
13,0fb7b69ad7be27de1b5411995eed42d6db48e168,2014-02-05 17:29:14,155,
14,7981e67568041b41ac36181d93c226939ef0cf54,2015-02-02 03:44:25,104,
14,0fb7b69ad7be27de1b5411995eed42d6db48e168,2014-02-05 17:29:14,155,
16,7981e67568041b41ac36181d93c226939ef0cf54,2015-02-02 03:44:25,1,
16,0fb7b69ad7be27de1b5411995eed42d6db48e168,2014-02-05 17:29:14,0,
17,7981e67568041b41ac36181d93c226939ef0cf54,2015-02-02 03:44:25,2,
18,7981e67568041b41ac36181d93c226939ef0cf54,2015-02-02 03:44:25,7,
18,0fb7b69ad7be27de1b5411995eed42d6db48e168,2014-02-05 17:29:14,7,
19,7981e67568041b41ac36181d93c226939ef0cf54,2015-02-02 03:44:25,2,
19,0fb7b69ad7be27de1b5411995eed42d6db48e168,2014-02-05 17:29:14,2,
20,7981e67568041b41ac36181d93c226939ef0cf54,2015-02-02 03:44:25,0,
20,0fb7b69ad7be27de1b5411995eed42d6db48e168,2014-02-05 17:29:14,0,
21,7981e67568041b41ac36181d93c226939ef0cf54,2015-02-02 03:44:25,4,
21,0fb7b69ad7be27de1b5411995eed42d6db48e168,2014-02-05 17:29:14,11,
22,7981e67568041b41ac36181d93c226939ef0cf54,2015-02-02 03:44:25,0,
22,0fb7b69ad7be27de1b5411995eed42d6db48e168,2014-02-05 17:29:14,5,
23,7981e67568041b41ac36181d93c226939ef0cf54,2015-02-02 03:44:25,3,
23,0fb7b69ad7be27de1b5411995eed42d6db48e168,2014-02-05 17:29:14,5,
24,7981e67568041b41ac36181d93c226939ef0cf54,2015-02-02 03:44:25,3,
24,7981e67568041b41ac36181d93c226939ef0cf54,2015-02-02 03:44:25,4,
24,7981e67568041b41ac36181d93c226939ef0cf54,2015-02-02 03:44:25,5,
24,0fb7b69ad7be27de1b5411995eed42d6db48e168,2014-02-05 17:29:14,4,
24,0fb7b69ad7be27de1b5411995eed42d6db48e168,2014-02-05 17:29:14,5,
24,0fb7b69ad7be27de1b5411995eed42d6db48e168,2014-02-05 17:29:14,6,
25,7981e67568041b41ac36181d93c226939ef0cf54,2015-02-02 03:44:25,7,
25,0fb7b69ad7be27de1b5411995eed42d6db48e168,2014-02-05 17:29:14,6,
25,0fb7b69ad7be27de1b5411995eed42d6db48e168,2014-02-05 17:29:14,8,
25,0fb7b69ad7be27de1b5411995eed42d6db48e168,2014-02-05 17:29:14,17,
11,a0ad54a319ed896f3f8ba3720254f11b4314994e,2013-05-21 17:11:48,1,
11,eab5b6629645182789b31253301c486ef282688b,2014-10-05 16:08:21,1,
12,a0ad54a319ed896f3f8ba3720254f11b4314994e,2013-05-21 17:11:48,0,1986
12,eab5b6629645182789b31253301c486ef282688b,2014-10-05 16:08:21,0,1975
13,a0ad54a319ed896f3f8ba3720254f11b4314994e,2013-05-21 17:11:48,30,
13,eab5b6629645182789b31253301c486ef282688b,2014-10-05 16:08:21,232,
14,a0ad54a319ed896f3f8ba3720254f11b4314994e,2013-05-21 17:11:48,30,
14,eab5b6629645182789b31253301c486ef282688b,2014-10-05 16:08:21,232,
16,a0ad54a319ed896f3f8ba3720254f11b4314994e,2013-05-21 17:11:48,0,
16,eab5b6629645182789b31253301c486ef282688b,2014-10-05 16:08:21,1,
17,a0ad54a319ed896f3f8ba3720254f11b4314994e,2013-05-21 17:11:48,6,
17,eab5b6629645182789b31253301c486ef282688b,2014-10-05 16:08:21,6,
18,a0ad54a319ed896f3f8ba3720254f11b4314994e,2013-05-21 17:11:48,7,
18,eab5b6629645182789b31253301c486ef282688b,2014-10-05 16:08:21,8,
19,a0ad54a319ed896f3f8ba3720254f11b4314994e,2013-05-21 17:11:48,2,
19,eab5b6629645182789b31253301c486ef282688b,2014-10-05 16:08:21,1,
20,a0ad54a319ed896f3f8ba3720254f11b4314994e,2013-05-21 17:11:48,0,
20,eab5b6629645182789b31253301c486ef282688b,2014-10-05 16:08:21,6,
21,a0ad54a319ed896f3f8ba3720254f11b4314994e,2013-05-21 17:11:48,7,
21,eab5b6629645182789b31253301c486ef282688b,2014-10-05 16:08:21,4,
22,a0ad54a319ed896f3f8ba3720254f11b4314994e,2013-05-21 17:11:48,0,
22,eab5b6629645182789b31253301c486ef282688b,2014-10-05 16:08:21,0,
23,a0ad54a319ed896f3f8ba3720254f11b4314994e,2013-05-21 17:11:48,3,
23,eab5b6629645182789b31253301c486ef282688b,2014-10-05 16:08:21,3,
24,a0ad54a319ed896f3f8ba3720254f11b4314994e,2013-05-21 17:11:48,3,
24,a0ad54a319ed896f3f8ba3720254f11b4314994e,2013-05-21 17:11:48,4,
24,a0ad54a319ed896f3f8ba3720254f11b4314994e,2013-05-21 17:11:48,5,
24,eab5b6629645182789b31253301c486ef282688b,2014-10-05 16:08:21,4,
24,eab5b6629645182789b31253301c486ef282688b,2014-10-05 16:08:21,5,
24,eab5b6629645182789b31253301c486ef282688b,2014-10-05 16:08:21,6,
11,bc60628bd05d6ed7643a27cda17f2710eabceea7,2014-06-03 17:00:59,1,
12,bc60628bd05d6ed7643a27cda17f2710eabceea7,2014-06-03 17:00:59,0,1988
13,bc60628bd05d6ed7643a27cda17f2710eabceea7,2014-06-03 17:00:59,9,
14,bc60628bd05d6ed7643a27cda17f2710eabceea7,2014-06-03 17:00:59,30,
16,bc60628bd05d6ed7643a27cda17f2710eabceea7,2014-06-03 17:00:59,1,
17,bc60628bd05d6ed7643a27cda17f2710eabceea7,2014-06-03 17:00:59,4,
18,bc60628bd05d6ed7643a27cda17f2710eabceea7,2014-06-03 17:00:59,5,
19,bc60628bd05d6ed7643a27cda17f2710eabceea7,2014-06-03 17:00:59,0,
20,bc60628bd05d6ed7643a27cda17f2710eabceea7,2014-06-03 17:00:59,3,
21,bc60628bd05d6ed7643a27cda17f2710eabceea7,2014-06-03 17:00:59,4,
21,bc60628bd05d6ed7643a27cda17f2710eabceea7,2014-06-03 17:00:59,7,
22,bc60628bd05d6ed7643a27cda17f2710eabceea7,2014-06-03 17:00:59,6,
23,bc60628bd05d6ed7643a27cda17f2710eabceea7,2014-06-03 17:00:59,5,
24,bc60628bd05d6ed7643a27cda17f2710eabceea7,2014-06-03 17:00:59,2,
24,bc60628bd05d6ed7643a27cda17f2710eabceea7,2014-06-03 17:00:59,3,
24,bc60628bd05d6ed7643a27cda17f2710eabceea7,2014-06-03 17:00:59,4,
25,bc60628bd05d6ed7643a27cda17f2710eabceea7,2014-06-03 17:00:59,14,
11,5f85b189eb134f672388cdbe4f842904334b998c,2013-05-21 20:51:55,1,
11,02d53b30ac169ab270e986258a2d64c1a43db1a7,2013-05-24 11:32:11,1,
12,5f85b189eb134f672388cdbe4f842904334b998c,2013-05-21 20:51:55,0,1970
12,02d53b30ac169ab270e986258a2d64c1a43db1a7,2013-05-24 11:32:11,0,1963
13,5f85b189eb134f672388cdbe4f842904334b998c,2013-05-21 20:51:55,172,
13,02d53b30ac169ab270e986258a2d64c1a43db1a7,2013-05-24 11:32:11,114,
14,5f85b189eb134f672388cdbe4f842904334b998c,2013-05-21 20:51:55,232,
14,02d53b30ac169ab270e986258a2d64c1a43db1a7,2013-05-24 11:32:11,247,
16,5f85b189eb134f672388cdbe4f842904334b998c,2013-05-21 20:51:55,0,
16,02d53b30ac169ab270e986258a2d64c1a43db1a7,2013-05-24 11:32:11,1,
17,5f85b189eb134f672388cdbe4f842904334b998c,2013-05-21 20:51:55,6,
17,02d53b30ac169ab270e986258a2d64c1a43db1a7,2013-05-24 11:32:11,6,
18,5f85b189eb134f672388cdbe4f842904334b998c,2013-05-21 20:51:55,8,
18,02d53b30ac169ab270e986258a2d64c1a43db1a7,2013-05-24 11:32:11,8,
19,5f85b189eb134f672388cdbe4f842904334b998c,2013-05-21 20:51:55,2,
19,02d53b30ac169ab270e986258a2d64c1a43db1a7,2013-05-24 11:32:11,2,
20,5f85b189eb134f672388cdbe4f842904334b998c,2013-05-21 20:51:55,0,
20,02d53b30ac169ab270e986258a2d64c1a43db1a7,2013-05-24 11:32:11,0,
21,5f85b189eb134f672388cdbe4f842904334b998c,2013-05-21 20:51:55,4,
21,02d53b30ac169ab270e986258a2d64c1a43db1a7,2013-05-24 11:32:11,10,
22,5f85b189eb134f672388cdbe4f842904334b998c,2013-05-21 20:51:55,3,
22,02d53b30ac169ab270e986258a2d64c1a43db1a7,2013-05-24 11:32:11,0,
23,5f85b189eb134f672388cdbe4f842904334b998c,2013-05-21 20:51:55,3,
23,02d53b30ac169ab270e986258a2d64c1a43db1a7,2013-05-24 11:32:11,5,
24,5f85b189eb134f672388cdbe4f842904334b998c,2013-05-21 20:51:55,4,
24,5f85b189eb134f672388cdbe4f842904334b998c,2013-05-21 20:51:55,5,
24,5f85b189eb134f672388cdbe4f842904334b998c,2013-05-21 20:51:55,6,
24,02d53b30ac169ab270e986258a2d64c1a43db1a7,2013-05-24 11:32:11,4,
24,02d53b30ac169ab270e986258a2d64c1a43db1a7,2013-05-24 11:32:11,5,
24,02d53b30ac169ab270e986258a2d64c1a43db1a7,2013-05-24 11:32:11,6,
11,2c138cc3520a7bad986263af0ac3fae6a29e85a8,2013-05-22 20:44:36,1,
12,2c138cc3520a7bad986263af0ac3fae6a29e85a8,2013-05-22 20:44:36,0,1985
13,2c138cc3520a7bad986263af0ac3fae6a29e85a8,2013-05-22 20:44:36,230,
14,2c138cc3520a7bad986263af0ac3fae6a29e85a8,2013-05-22 20:44:36,230,
16,2c138cc3520a7bad986263af0ac3fae6a29e85a8,2013-05-22 20:44:36,1,
17,2c138cc3520a7bad986263af0ac3fae6a29e85a8,2013-05-22 20:44:36,6,
18,2c138cc3520a7bad986263af0ac3fae6a29e85a8,2013-05-22 20:44:36,7,
19,2c138cc3520a7bad986263af0ac3fae6a29e85a8,2013-05-22 20:44:36,2,
21,2c138cc3520a7bad986263af0ac3fae6a29e85a8,2013-05-22 20:44:36,10,
22,2c138cc3520a7bad986263af0ac3fae6a29e85a8,2013-05-22 20:44:36,0,
23,2c138cc3520a7bad986263af0ac3fae6a29e85a8,2013-05-22 20:44:36,0,
24,2c138cc3520a7bad986263af0ac3fae6a29e85a8,2013-05-22 20:44:36,4,
24,2c138cc3520a7bad986263af0ac3fae6a29e85a8,2013-05-22 20:44:36,5,
24,2c138cc3520a7bad986263af0ac3fae6a29e85a8,2013-05-22 20:44:36,6,
11,2a31b7325ab647ca8a37fd1abc30c2dd88041d15,2014-06-07 16:47:22,1,
12,2a31b7325ab647ca8a37fd1abc30c2dd88041d15,2014-06-07 16:47:22,0,1990
13,2a31b7325ab647ca8a37fd1abc30c2dd88041d15,2014-06-07 16:47:22,228,
14,2a31b7325ab647ca8a37fd1abc30c2dd88041d15,2014-06-07 16:47:22,228,
16,2a31b7325ab647ca8a37fd1abc30c2dd88041d15,2014-06-07 16:47:22,1,
17,2a31b7325ab647ca8a37fd1abc30c2dd88041d15,2014-06-07 16:47:22,6,
18,2a31b7325ab647ca8a37fd1abc30c2dd88041d15,2014-06-07 16:47:22,8,
19,2a31b7325ab647ca8a37fd1abc30c2dd88041d15,2014-06-07 16:47:22,2,
20,2a31b7325ab647ca8a37fd1abc30c2dd88041d15,2014-06-07 16:47:22,0,
21,2a31b7325ab647ca8a37fd1abc30c2dd88041d15,2014-06-07 16:47:22,4,
22,2a31b7325ab647ca8a37fd1abc30c2dd88041d15,2014-06-07 16:47:22,0,
23,2a31b7325ab647ca8a37fd1abc30c2dd88041d15,2014-06-07 16:47:22,21,
24,2a31b7325ab647ca8a37fd1abc30c2dd88041d15,2014-06-07 16:47:22,3,
24,2a31b7325ab647ca8a37fd1abc30c2dd88041d15,2014-06-07 16:47:22,4,
24,2a31b7325ab647ca8a37fd1abc30c2dd88041d15,2014-06-07 16:47:22,5,
25,2a31b7325ab647ca8a37fd1abc30c2dd88041d15,2014-06-07 16:47:22,16,
25,2a31b7325ab647ca8a37fd1abc30c2dd88041d15,2014-06-07 16:47:22,25,
11,8290a4f8d4e987e5051e58d67aa8d4e5091f5ca4,2014-10-10 05:15:30,0,
12,8290a4f8d4e987e5051e58d67aa8d4e5091f5ca4,2014-10-10 05:15:30,0,1978
13,8290a4f8d4e987e5051e58d67aa8d4e5091f5ca4,2014-10-10 05:15:30,126,
14,8290a4f8d4e987e5051e58d67aa8d4e5091f5ca4,2014-10-10 05:15:30,126,
16,8290a4f8d4e987e5051e58d67aa8d4e5091f5ca4,2014-10-10 05:15:30,1,
17,8290a4f8d4e987e5051e58d67aa8d4e5091f5ca4,2014-10-10 05:15:30,6,
18,8290a4f8d4e987e5051e58d67aa8d4e5091f5ca4,2014-10-10 05:15:30,8,
19,8290a4f8d4e987e5051e58d67aa8d4e5091f5ca4,2014-10-10 05:15:30,2,
21,8290a4f8d4e987e5051e58d67aa8d4e5091f5ca4,2014-10-10 05:15:30,4,
21,8290a4f8d4e987e5051e58d67aa8d4e5091f5ca4,2014-10-10 05:15:30,10,
22,8290a4f8d4e987e5051e58d67aa8d4e5091f5ca4,2014-10-10 05:15:30,2,
23,8290a4f8d4e987e5051e58d67aa8d4e5091f5ca4,2014-10-10 05:15:30,15,
24,8290a4f8d4e987e5051e58d67aa8d4e5091f5ca4,2014-10-10 05:15:30,3,
24,8290a4f8d4e987e5051e58d67aa8d4e5091f5ca4,2014-10-10 05:15:30,4,
24,8290a4f8d4e987e5051e58d67aa8d4e5091f5ca4,2014-10-10 05:15:30,5,
25,8290a4f8d4e987e5051e58d67aa8d4e5091f5ca4,2014-10-10 05:15:30,0,
25,8290a4f8d4e987e5051e58d67aa8d4e5091f5ca4,2014-10-10 05:15:30,5,
11,cee834084f850b75de662c28b5cab4c893d93fae,2013-05-21 16:16:12,0,
11,2bebcb4df51a52c755a3954690f51e78c2a2363c,2013-05-22 16:21:58,1,
12,cee834084f850b75de662c28b5cab4c893d93fae,2013-05-21 16:16:12,0,1990
12,2bebcb4df51a52c755a3954690f51e78c2a2363c,2013-05-22 16:21:58,0,1975
13,cee834084f850b75de662c28b5cab4c893d93fae,2013-05-21 16:16:12,189,
14,cee834084f850b75de662c28b5cab4c893d93fae,2013-05-21 16:16:12,189,
14,2bebcb4df51a52c755a3954690f51e78c2a2363c,2013-05-22 16:21:58,247,
16,cee834084f850b75de662c28b5cab4c893d93fae,2013-05-21 16:16:12,1,
16,2bebcb4df51a52c755a3954690f51e78c2a2363c,2013-05-22 16:21:58,1,
17,cee834084f850b75de662c28b5cab4c893d93fae,2013-05-21 16:16:12,6,
17,2bebcb4df51a52c755a3954690f51e78c2a2363c,2013-05-22 16:21:58,6,
18,cee834084f850b75de662c28b5cab4c893d93fae,2013-05-21 16:16:12,6,
18,2bebcb4df51a52c755a3954690f51e78c2a2363c,2013-05-22 16:21:58,8,
19,cee834084f850b75de662c28b5cab4c893d93fae,2013-05-21 16:16:12,0,
19,2bebcb4df51a52c755a3954690f51e78c2a2363c,2013-05-22 16:21:58,2,
20,cee834084f850b75de662c28b5cab4c893d93fae,2013-05-21 16:16:12,1,
20,2bebcb4df51a52c755a3954690f51e78c2a2363c,2013-05-22 16:21:58,0,
21,cee834084f850b75de662c28b5cab4c893d93fae,2013-05-21 16:16:12,6,
21,cee834084f850b75de662c28b5cab4c893d93fae,2013-05-21 16:16:12,7,
21,cee834084f850b75de662c28b5cab4c893d93fae,2013-05-21 16:16:12,10,
21,cee834084f850b75de662c28b5cab4c893d93fae,2013-05-21 16:16:12,11,
21,cee834084f850b75de662c28b5cab4c893d93fae,2013-05-21 16:16:12,12,
21,cee834084f850b75de662c28b5cab4c893d93fae,2013-05-21 16:16:12,14,
21,cee834084f850b75de662c28b5cab4c893d93fae,2013-05-21 16:16:12,17,
21,cee834084f850b75de662c28b5cab4c893d93fae,2013-05-21 16:16:12,20,
21,cee834084f850b75de662c28b5cab4c893d93fae,2013-05-21 16:16:12,29,
21,2bebcb4df51a52c755a3954690f51e78c2a2363c,2013-05-22 16:21:58,7,
21,2bebcb4df51a52c755a3954690f51e78c2a2363c,2013-05-22 16:21:58,11,
22,cee834084f850b75de662c28b5cab4c893d93fae,2013-05-21 16:16:12,0,
22,2bebcb4df51a52c755a3954690f51e78c2a2363c,2013-05-22 16:21:58,0,
23,cee834084f850b75de662c28b5cab4c893d93fae,2013-05-21 16:16:12,1,
23,2bebcb4df51a52c755a3954690f51e78c2a2363c,2013-05-22 16:21:58,3,
24,cee834084f850b75de662c28b5cab4c893d93fae,2013-05-21 16:16:12,3,
24,cee834084f850b75de662c28b5cab4c893d93fae,2013-05-21 16:16:12,4,
24,cee834084f850b75de662c28b5cab4c893d93fae,2013-05-21 16:16:12,5,
24,2bebcb4df51a52c755a3954690f51e78c2a2363c,2013-05-22 16:21:58,4,
24,2bebcb4df51a52c755a3954690f51e78c2a2363c,2013-05-22 16:21:58,5,
24,2bebcb4df51a52c755a3954690f51e78c2a2363c,2013-05-22 16:21:58,6,
25,2bebcb4df51a52c755a3954690f51e78c2a2363c,2013-05-22 16:21:58,3,
25,2bebcb4df51a52c755a3954690f51e78c2a2363c,2013-05-22 16:21:58,5,
25,2bebcb4df51a52c755a3954690f51e78c2a2363c,2013-05-22 16:21:58,25,
11,5fc0054a0c7ee9883d2b23dc296cf4da96aee793,2013-05-28 12:59:54,1,
12,5fc0054a0c7ee9883d2b23dc296cf4da96aee793,2013-05-28 12:59:54,0,1991
13,5fc0054a0c7ee9883d2b23dc296cf4da96aee793,2013-05-28 12:59:54,194,
14,5fc0054a0c7ee9883d2b23dc296cf4da96aee793,2013-05-28 12:59:54,194,
16,5fc0054a0c7ee9883d2b23dc296cf4da96aee793,2013-05-28 12:59:54,2,
17,5fc0054a0c7ee9883d2b23dc296cf4da96aee793,2013-05-28 12:59:54,4,
18,5fc0054a0c7ee9883d2b23dc296cf4da96aee793,2013-05-28 12:59:54,3,
19,5fc0054a0c7ee9883d2b23dc296cf4da96aee793,2013-05-28 12:59:54,0,
20,5fc0054a0c7ee9883d2b23dc296cf4da96aee793,2013-05-28 12:59:54,5,
21,5fc0054a0c7ee9883d2b23dc296cf4da96aee793,2013-05-28 12:59:54,4,
21,5fc0054a0c7ee9883d2b23dc296cf4da96aee793,2013-05-28 12:59:54,7,
21,5fc0054a0c7ee9883d2b23dc296cf4da96aee793,2013-05-28 12:59:54,13,
21,5fc0054a0c7ee9883d2b23dc296cf4da96aee793,2013-05-28 12:59:54,26,
21,5fc0054a0c7ee9883d2b23dc296cf4da96aee793,2013-05-28 12:59:54,29,
21,5fc0054a0c7ee9883d2b23dc296cf4da96aee793,2013-05-28 12:59:54,31,
21,5fc0054a0c7ee9883d2b23dc296cf4da96aee793,2013-05-28 12:59:54,32,
22,5fc0054a0c7ee9883d2b23dc296cf4da96aee793,2013-05-28 12:59:54,6,
23,5fc0054a0c7ee9883d2b23dc296cf4da96aee793,2013-05-28 12:59:54,3,
24,5fc0054a0c7ee9883d2b23dc296cf4da96aee793,2013-05-28 12:59:54,3,
24,5fc0054a0c7ee9883d2b23dc296cf4da96aee793,2013-05-28 12:59:54,4,
25,5fc0054a0c7ee9883d2b23dc296cf4da96aee793,2013-05-28 12:59:54,0,
11,1888c699c79f84f14fd03c45bcd26ffb07ff128a,2014-06-05 20:21:52,1,
12,1888c699c79f84f14fd03c45bcd26ffb07ff128a,2014-06-05 20:21:52,0,1991
13,1888c699c79f84f14fd03c45bcd26ffb07ff128a,2014-06-05 20:21:52,228,
14,1888c699c79f84f14fd03c45bcd26ffb07ff128a,2014-06-05 20:21:52,55,
16,1888c699c79f84f14fd03c45bcd26ffb07ff128a,2014-06-05 20:21:52,2,
17,1888c699c79f84f14fd03c45bcd26ffb07ff128a,2014-06-05 20:21:52,7,
11,63762b3b358b8ec61a5d44884f77a9957840d561,2014-10-15 17:45:17,1,
12,63762b3b358b8ec61a5d44884f77a9957840d561,2014-10-15 17:45:17,0,1961
13,63762b3b358b8ec61a5d44884f77a9957840d561,2014-10-15 17:45:17,232,
14,63762b3b358b8ec61a5d44884f77a9957840d561,2014-10-15 17:45:17,232,
16,63762b3b358b8ec61a5d44884f77a9957840d561,2014-10-15 17:45:17,1,
17,63762b3b358b8ec61a5d44884f77a9957840d561,2014-10-15 17:45:17,6,
18,63762b3b358b8ec61a5d44884f77a9957840d561,2014-10-15 17:45:17,8,
19,63762b3b358b8ec61a5d44884f77a9957840d561,2014-10-15 17:45:17,2,
20,63762b3b358b8ec61a5d44884f77a9957840d561,2014-10-15 17:45:17,0,
21,63762b3b358b8ec61a5d44884f77a9957840d561,2014-10-15 17:45:17,4,
21,63762b3b358b8ec61a5d44884f77a9957840d561,2014-10-15 17:45:17,10,
21,63762b3b358b8ec61a5d44884f77a9957840d561,2014-10-15 17:45:17,14,
22,63762b3b358b8ec61a5d44884f77a9957840d561,2014-10-15 17:45:17,0,
23,63762b3b358b8ec61a5d44884f77a9957840d561,2014-10-15 17:45:17,5,
24,63762b3b358b8ec61a5d44884f77a9957840d561,2014-10-15 17:45:17,4,
24,63762b3b358b8ec61a5d44884f77a9957840d561,2014-10-15 17:45:17,5,
24,63762b3b358b8ec61a5d44884f77a9957840d561,2014-10-15 17:45:17,6,
25,63762b3b358b8ec61a5d44884f77a9957840d561,2014-10-15 17:45:17,10,
11,62a20e5d00924d3fcd285f01f9783ff625257257,2015-02-01 22:02:03,1,
12,62a20e5d00924d3fcd285f01f9783ff625257257,2015-02-01 22:02:03,0,1982
13,62a20e5d00924d3fcd285f01f9783ff625257257,2015-02-01 22:02:03,30,
14,62a20e5d00924d3fcd285f01f9783ff625257257,2015-02-01 22:02:03,55,
16,62a20e5d00924d3fcd285f01f9783ff625257257,2015-02-01 22:02:03,2,
17,62a20e5d00924d3fcd285f01f9783ff625257257,2015-02-01 22:02:03,3,
18,62a20e5d00924d3fcd285f01f9783ff625257257,2015-02-01 22:02:03,8,
19,62a20e5d00924d3fcd285f01f9783ff625257257,2015-02-01 22:02:03,0,
20,62a20e5d00924d3fcd285f01f9783ff625257257,2015-02-01 22:02:03,8,
21,62a20e5d00924d3fcd285f01f9783ff625257257,2015-02-01 22:02:03,4,
21,62a20e5d00924d3fcd285f01f9783ff625257257,2015-02-01 22:02:03,30,
21,62a20e5d00924d3fcd285f01f9783ff625257257,2015-02-01 22:02:03,31,
22,62a20e5d00924d3fcd285f01f9783ff625257257,2015-02-01 22:02:03,4,
23,62a20e5d00924d3fcd285f01f9783ff625257257,2015-02-01 22:02:03,3,
24,62a20e5d00924d3fcd285f01f9783ff625257257,2015-02-01 22:02:03,3,
24,62a20e5d00924d3fcd285f01f9783ff625257257,2015-02-01 22:02:03,4,
24,62a20e5d00924d3fcd285f01f9783ff625257257,2015-02-01 22:02:03,5,
25,62a20e5d00924d3fcd285f01f9783ff625257257,2015-02-01 22:02:03,6,
25,62a20e5d00924d3fcd285f01f9783ff625257257,2015-02-01 22:02:03,10,
25,62a20e5d00924d3fcd285f01f9783ff625257257,2015-02-01 22:02:03,14,
25,62a20e5d00924d3fcd285f01f9783ff625257257,2015-02-01 22:02:03,17,
