ualberta_user_id,user_join_ts,country_cd,region_cd,profile_language_cd,browser_language_cd
60dcb52274bd704b6e2dedd3d057fd8861365307,2016-02-05 00:46:14,"CL","RM","es","es-ES"
090bd9a1233d39e2537d665b7ad6cf91821529e4,2015-08-14 18:18:22,"NG","LA",,"en-US"
4f9e966ade3f31bf7d6d2274d0cd6090a217283d,2015-11-12 12:02:12,"RU","MOW","en-US","en-US"
3a9ba932d7b23237b170f89135559a36104de48a,2013-06-11 23:49:11,"AT","3","en-US","en"
d084fea979a6a6baca6070e56c76bb8097ba2505,2015-02-21 11:40:40,"IT","34",,"it-IT"
d9b4de214ed4500f1051a005e9cd7daef3d2b665,2015-04-08 20:35:43,"HU","BU","hu-HU","hu-HU"
599a8477639cc4652522d6d1a703f989727881a6,2015-07-16 03:25:59,"EG","C",,"en-US"
c8fe4aff430a9394d22ebc23437805b52b44838d,2014-01-20 22:54:18,"US","FL",,"en-US"
6b132c94c5b696838abdf35ad63540e17af045ea,2013-01-01 06:57:18,"RU","KYA","en-US","ru"
43089864f250f19c1abbaafed901537c9d8b5aba,2014-09-13 15:09:10,"CA","ON","en-US","en-US"
9e9e245a57b15ce876327408bcbcfc5cbf867608,2014-11-14 04:50:45,"US","CA",,"en-US"
de984a104f2ddae8b12a659c3c19d3ba94faecd9,2015-03-28 12:56:48,"IN","UP",,"en-US"
fc967bca946df789269c9001546c9701c73ba25b,2015-10-10 03:31:45,"US","WA","en-US","en-US"
4482ce0d085245530602ca97f1c255ecb83a8c8f,2015-11-10 20:57:53,"CA","ON","en-CA","en-US"
cad2ec25fe1ea118a27c411f6bfd318a0a15f577,2016-01-08 08:48:09,"US","AZ","zh-CN","en"
ea6c910e072512f19431c11c8f468f7370b2319c,2016-03-08 02:08:13,"US","NY","en-US","en-US"
756b74e0dc9730f94352c55611fe19389b3345d4,2012-02-21 22:45:57,"DO","01","en-US","es-ES"
13e80433f91f1934e329f99789b5d623147ef695,2013-08-19 04:16:45,"PH","00","en","en-US"
c5af145ee26db473505b2a8a63447bfc6093178a,2014-12-03 05:50:58,"RU","IRK",,"ru-RU"
3e6f39256a7f8bf12ee99ec7adb29748caa8a02c,2015-02-27 19:10:05,"IT","62",,"it-IT"
dbe2ec57e6060edc7e5c21f837f1e7ae047039b5,2015-09-16 17:13:17,"CA","AB","en-US","en-US"
f0db58cf9146c992233b3a2dd4210d3160eb0544,2012-04-20 07:05:00,"MN","1","en-US",
d8a96c51a53783886927c4050451204728ca4c9d,2012-02-20 23:58:58,"US","WA",,"en-US"
17786ed0a327e0dd8f0431ed1377081c81236b9e,2012-04-27 16:27:30,"PK","SD","en-US","en-US"
91320e05ba5e68c8fea7196cb0c691658524b5e8,2012-05-02 15:25:19,"US","NY","en-US","en-US"
0be2e5fe18bd4c9391a4c024d69ac623ff8edd53,2012-09-05 09:34:19,"BR","SP",,"pt-BR"
e6db1fc386c1cdce58254124b9230fb799607187,2012-12-24 08:25:13,"US","NM","en-US","en-US"
0ef9559608f40ff3c2ae9a9231c5be402b96aed9,2015-10-15 11:04:33,"ES","MD","es","es-ES"
38fd58c5ad8567b4d63acc19440c6983cfd22502,2014-08-07 20:19:58,"PT","30",,"ru-RU"
c42fd8b2773f70e5d5ca4f535c16c9cb68e95415,2015-10-13 16:33:38,"US","CA","en-US","en-US"
48a783c76b177af1906429e0fcfed67817708eef,2013-09-17 14:40:17,"US",,,"en-us"
db2a040159c450332cb57403226958670ad8a4d1,2014-01-24 15:38:49,"SA","01",,"en-GB"
fe11d67ba920b69388853245f970324fc6c3403d,2012-03-05 10:02:40,"RU","MOW","en-US","en-US"
d67fb25119c25f1887a97fa0c6afa5be167d5cdc,2012-05-08 08:32:36,"BG",,"en-US","en"
467ee24d32fdeb0e0efc9a1bf5e25a397e236d84,2015-12-14 23:44:08,"US",,"en-US","en"
eccc59c1043ba778064250a16aa36405882b87c0,2015-02-28 21:32:04,"BY","HM",,"ru-RU"
b65d7c21ea6f23e207ffd49faf8933fef48e4842,2015-11-28 02:15:48,"CA","ON","en-US","en-CA"
c382daca44b3feab4ada1ca43dc5baa588ecd0c6,2015-03-10 15:24:21,"US","CA",,"en-US"
7d8a84e8e3d19dcdbe344c374ef7b8c81805c8d7,2015-12-11 20:18:49,"ZA","ZN","en-US","en-US"
72e0296c9de81b7c0803bd85e85a5e21410090d5,2014-10-07 21:36:40,"DE","BY",,"en-us"
a1757e289f1ba671e3b78bdd4acf2677855a0f8b,2014-09-03 03:00:27,"US","TX",,"en-us"
ac1f8ff5c4392f7a96c1a71a2b50bc2f1ad1affb,2015-07-17 07:33:34,"CA","AB","en-US","en-US"
b84dbc0d67a133dfa7b41f4432791e8b5cee5957,2016-02-07 09:23:07,"RS",,"en-US","en-US"
e14a1fc2065bf777cfe3cdb878df61ab7ce1c210,2012-07-29 09:07:15,"BR","SP","en-US","pt-BR"
44e2e15f821b3fb9d5685bd7b26879495674aacb,2012-10-05 10:08:39,"US","FL","en-US","en-US"
92718b1439087c586652ae4567ca0ced9e37a2a5,2013-01-08 02:48:14,"TH","10",,"en-US"
9a30559a048a4b593ef25ac2ceb336fb24cece96,2015-09-16 03:56:55,"US","CA","en-US","en-US"
7c129e7ad80dc627701e6f68c1b425ea83739567,2012-03-12 08:30:22,"SG","01","en-US","en-US"
5f372822bde00ff75e41e3896ecffba8c0972564,2015-12-23 18:42:28,"US","CA","en-US","en-US"
01e05ed110e60e0cac67f267987414f0f7dceca7,2013-08-18 14:48:51,"CH","ZH",,"en-US"
6d96514c60abacfc791902a7a83694053ec81307,2012-04-24 21:10:56,"HR","21","en-US","hr-HR"
4a9b6b42a8d7ee64d5b9051198b89125daf38f92,2015-01-25 10:14:16,"ES","CT",,"es-ES"
26060cd77f02bfdf1fbaec0be4f0fd9d0bdbd14c,2015-03-05 21:53:39,"US","VA",,"en-us"
08e90e07793169a6227e06abf3b3ea72da4475ff,2015-03-23 05:20:20,"FR","75","fr-FR","fr-FR"
9c6829caa8a33f94b38516f27610dc91f85bd01c,2015-09-29 15:34:21,"CO","DC","es-ES","en-US"
1cc9abb9186ddea6ffe764796e6137db4cc48279,2014-01-25 17:35:14,"AO","LUA","en-US","pt-BR"
f6f4b7bd6edf4348c666039d22b9451ec0fe7023,2012-04-20 18:08:53,"BR","MG","pt-BR","pt-BR"
4f9318dc5201f736e6527e93358670660dabf437,2013-11-27 21:19:07,"NO","03",,"en"
1604e17e7cc83f3016e7bb86258f8ba0d50b20e6,2013-12-10 09:01:37,"IN","HR",,"en-US"
69eb38bdb814456485beb4e4eb964a6f2c27acca,2014-01-07 08:27:21,"GB","ENG",,"es-US"
64509c928bc9778a23d12c88f011462ac91d15e4,2014-12-02 18:22:06,"BR","RJ","en-US","en-us"
4e45f0b8241723838337574dcf1fba2ce1779422,2015-03-30 20:56:27,"US","VA",,"en-us"
a789a6b031ac524bafa83dcf60eac785889eef86,2012-08-27 01:06:46,"NL",,"en-US","en-US"
b57fefdd28d8c30be5f66aef625547619d335aee,2013-06-25 01:02:03,"UA","30","en-US","ru-RU"
072bdb455307368502c629f1afd22930b4359aad,2015-11-02 20:27:18,"UA","77","ru-RU","en-US"
dce44e5ad024c276ddb5f54b4b83a29f0278b25f,2012-07-18 06:37:38,"IE","L",,"en-GB"
f9fb846a16203ee1d7cdb165c2192a8441595219,2013-09-17 17:21:43,"US","CT",,"en"
5e66a8076a91fced992e96eff6cabd401ce5210a,2015-09-30 16:57:06,"CA","AB","en-US","en-GB"
80ec96b5b14b86c815df2ee42b4497ca851059ea,2012-04-08 11:36:24,"RU",,"en-US","en-US"
995b845f0d0671f6f891121018ea4bdf5a6e967f,2014-02-05 22:43:51,"DE","HE","en-US","de"
0451d67297bf2325cf9e028126d276a9559d1d38,2014-02-28 17:04:16,"CA","AB",,"en-US"
195cc0a63f9f2ed6b0ab3014872ceb513fdb2e89,2014-07-17 00:26:41,"TT","POS",,"en-US"
becd0025c04366634826fbd701721a700c97646c,2014-11-01 14:05:37,"CH",,"en-US","it"
5ca3947bed068e2b63f5d89cda2fda7bcb54d77f,2012-05-24 22:35:17,"EC","P","en-US","es-41"
aa410aa04a5a85d6489b9c577c0f1f4f8322302f,2014-09-27 14:41:39,"BG","22","en-US","en-US"
11fba5fd1aa32d27bd911cec14913a0653bb2d78,2012-05-25 19:40:44,"MX","NLE","en-US","en-US"
d01529c2d88db8a814ce8d56ef83eea5983ba1f5,2013-04-01 16:17:43,"CA","BC","en-US","en-US"
f4ba87f3c3e9e16929bcb550f978e13718f8d74a,2013-07-15 00:13:14,"US","NC","en-US","zh-TW"
5e9fa3f8af0421342171277fd26d50de80614eb9,2015-09-18 19:17:44,"IT","25","en-US","en-US"
1a65cfb354dae36be5e6232459202356d12824d4,2016-01-06 21:36:54,"US","IL","en-US","en-US"
d6ca4baf5266215639e3382984bbcf27995f9dc2,2012-11-28 00:26:15,"SD",,"en-US","en-US"
82bbe869039ad152bcb769f4d6872095ac8ab0e3,2015-09-14 07:00:29,"UA","63","en-US","ru-RU"
1d3f29bbcd8c710d3f6506b4bfd71c999c498187,2015-12-28 15:08:42,"GB","ENG","en-US","pl-PL"
6dc1432a5a592bed76638f538880832849188ee9,2013-05-09 12:22:37,"AT","9","en-US","en-US"
f1ad8b82976cb012ef947e6b737e815fefad88fc,2013-07-22 18:47:14,"IE","M","en-US","en-US"
b22882c727a2d158e8d28d1e5aa8597a08c32b0f,2013-08-27 15:41:39,"CA","ON",,"ru-RU"
e117888423337ed0190ad789554ffd78c06023bd,2013-09-17 15:29:40,"GB",,,"it-IT"
390c103d30788931a183420ebe3135f3c6be89a6,2014-10-03 03:59:05,"PH","00",,"en-US"
97956fa66f22bb79c9505e3fc89900173a43fd8a,2012-02-22 08:27:20,"BE",,"en-US","ru"
49aaec80b2e343bee62abdbffb821a8d2a665264,2014-01-19 12:47:15,"US","MN",,"en-US"
954b988b4f55ee85442385d7352f98a77100019f,2015-04-22 13:53:14,"LB","BA",,"en-US"
ca53c33627bb44e7351d0d364ea1bfb5a783aa50,2016-01-20 17:10:44,"US","CO","en-US","en-us"
b3c570ccbe00f2c2af7aef8ccfb8ddc979b7bdf0,2012-12-08 04:38:30,"DE","BE","en-US","en-US"
4b46b94ad46e1b6b55d0ff413f5708ede838ea17,2015-01-08 17:35:07,"GB","ENG",,"en-US"
20079152e99a67c222ec6f97d65142ff3d898a26,2015-04-29 20:56:51,"TR","34","tr-TR","tr-tr"
e0f436414956e6c96d19ac1410331273b334bdf2,2015-12-14 08:18:58,"ES","MD","es-ES","es-ES"
03278679a55642fb2607b90d0883ab06c670e1ca,2016-01-18 16:01:08,"CA","AB","en-US","en-US"
efd7f216e0b529f306b960ea6431cd07540bd206,2014-10-08 15:28:21,"GR","I",,"el"
4d27f497b11d87fe60d396fc07bce05fdf927a71,2015-07-24 22:39:26,"US","MA",,"en-US"
5910baa1ea83bfad84015f3b8b14b732221bd65b,2016-02-23 13:17:42,"PT","11","en-US","en-US"
5a99a7636d7dcb1cbec25e3e0599056b15bcb0db,2013-10-10 14:08:28,"US","TX",,"en-US"
90b37ca01b047d3ffb21b527b130fe8cdd0a0e63,2014-10-28 21:00:02,"US","CA",,"en-US"
b16482826819c23ef872aba7f5971ec5da54e572,2015-05-18 08:09:13,"GR","I",,"en-US"
c1a7fca426dee9d2bec7b5624ce899b1e5f0f689,2016-03-21 19:23:09,"GB","ENG","en-US","en-US"
938f65162bc3a557e5c1e60fff774f1dae89fefe,2013-03-02 13:50:57,"PT","03","pt-BR","pt-PT"
4b871beb636d4cfc41928938fce7f713665987ea,2015-03-16 14:23:09,"US","CO","en-US","en-US"
ad42dc51ce5641cbf0abf249e802efe63a4d9654,2015-10-06 20:12:38,"PH","00","en-US","en-US"
f7e20f7fbe47cfc4e32dccd9d32635a89f448439,2013-05-01 10:13:22,"CA","QC","en-US","en-US"
28348edaa2c3255593bf39df0c7079a22722d5ee,2012-08-28 13:34:09,"US","GA","en-US","en-US"
c6d1a592e61956c3236383c8d761cb965c327ce8,2015-06-26 07:34:33,"CA","BC",,"en-US"
1940f9060dec70e97fd10ae17882321ecf315f09,2015-10-01 00:07:33,"US","CA","en-US","en-US"
d31fd5b7c0a272e54f5733bcea0eeaeadbec88da,2015-10-23 19:39:30,"FR","E",,"en-GB"
8ca1e74a05e5cda63c4aef04e43bbcc741985189,2015-11-05 18:55:37,"DE","NW","de-DE","de"
153937de4e47a90eb5816aa1666cc0fc9b8bb277,2015-12-11 16:58:51,"RU","KGD","ru-RU","ru-RU"
b50264f532a15b20b1e2a73073be57302f33cfbd,2014-10-28 05:40:38,"US","CA",,"en-US"
3bad9108c69f72d086d9cf0f05f59b42327af856,2013-01-18 09:19:19,"PT","15","en-US","en-us"
52f2448cad9308fb7b6a7bf932a1700190d4eef5,2013-07-22 05:47:55,"IN","KA","en-US","en-US"
3b090f04fb27885686db80b32453ca1b12472942,2012-02-22 02:40:58,"BR","SP","en-US","pt-BR"
b095d32484fdb21fe11db205eb33d9f260e18944,2012-11-22 04:35:35,"AM","ER","en-US","en"
dbb58af1975eb83c11670b0de4a422d75f183203,2012-11-27 08:30:32,"US",,"en-US","en-US"
6ae165351122fa780ad30dbd34a5f9d9a6ea0066,2012-07-06 23:51:42,"US","MD","en-US","en-US"
462060aefa5582f4ea942c0d42bca3d1ded82f11,2013-11-09 22:54:38,"AU","QLD",,"en"
ad816281784ebccc4419d6c4e5de8b25345272d6,2015-08-17 21:36:03,"ZA","WC",,"en-US"
15bb93867552e638b8dca7ee196f3f0c3d3ec56b,2015-09-07 12:13:39,"NG","LA","en-US","en-US"
6d5ac1b41b0f2de2f77cd30425091f464e5ad9ce,2015-03-29 06:54:39,"UA","30","en-US","ru-RU"
e794d4bb6a2a1102997c75f596ff6696c158ef31,2016-06-15 22:04:12,"US","CA","en-US","en-US"
794f2e178f117e94e588771d85757adff34b35d6,2012-04-25 13:07:10,"CL","RM",,"es"
fed20c5bcba0fe4d2879bd00599b3d585def16da,2014-10-15 05:52:14,"IN","DL",,"en-US"
ae31738dd26066eb49b31d962b9abfaf42433db3,2015-07-15 16:37:24,"FR","J","fr-FR","fr-FR"
cdcfc9387a4739575fd69d41ba2b8182b474a19e,2016-02-29 10:10:23,"NL","OV","en-US","nl"
bb03dee49e69c5ef5c536f2819ccb85f6c794975,2012-12-05 18:59:14,"CA","AB","en-US","en-US"
3a7bbc59f61b96fce92367ce530b4ee8aa682757,2012-04-18 20:25:37,"RO","CJ","en-US","en-GB"
00107734d038767fcd1e88b6e173f475545b5017,2013-07-23 10:11:07,"AU","VIC","en-US","en-US"
5dd53fab39a70e4acf771ff6ed72f478e97facb1,2012-11-13 05:31:40,"SK","ZI","en-US","en"
9a3934082162459a8c71d39ef4998399f12dae8e,2015-09-25 08:07:31,"PK","IS","en-US","en-US"
142a283e1bc6a30a1e5afcbfef01b8d18952177f,2015-08-23 15:19:47,"HU","BU","en-US","hu-HU"
62046a511104f4fe9e818d5e68aedadfe050908b,2016-01-04 11:39:32,"CH","ZH","en-GB","en-GB"
3c4b0aace2d326ae4ebb401bbb4ffb2ee4f63bef,2012-07-23 20:36:07,"JP","13",,"en-US"
1a70862e45b8f46d45301919c3effd07b2b62362,2013-04-01 07:47:59,"TR","34","en-US","tr-TR"
f13f5682b8b5bd71c9ecb137ff03dc163d3891e4,2013-09-25 16:36:53,"US","OK",,"en-US"
d462dd2460734f1bd69ebee8b647bda58aa96489,2013-02-01 01:33:41,"MX","DIF","en-US","en-US"
e3fc7b297ba7a92e4c54bd3bbc7ceaaa1f8c32aa,2013-10-09 17:25:26,"CH",,,"en-US"
1bcd9020899ceeb91c7355f90c182df6290779c7,2015-03-07 03:31:39,"US","OH","en-US","en-US"
a0b967ca7caabe685dcc49d799578fdc227bd58b,2015-10-18 13:33:18,"HR","21","en-US","en-US"
abed1fbd74a8615a3039dc8ddf6e6e58e61538a0,2012-11-15 01:40:15,"PL","MZ","en-US","pl-PL"
ac63c7298b8f70d3d62ced3aad138378b127a329,2013-04-09 06:17:01,"US","MA","en-US","en-US"
bc9766120236455aacde25450bb647754baf99e6,2014-05-10 08:17:13,"IN","DL",,"en-US"
e4dc38ba3b642cbeb71fa9b7688bf81c1a6d884b,2015-10-29 08:57:32,"IT","36","en-US","it"
11fe6eccb2204364a469ebee95d2f1709b9c3bbd,2016-02-08 11:33:07,"LT",,"en-US","en-US"
ff66a8968a85e1f119d2e969090025eba37b796c,2012-05-25 08:49:03,"RU","MOW","en-US","ru-RU"
24643136031f32552c719eddcacb73adeccfb572,2015-06-05 14:57:33,"ES","M","en-US","es-ES"
cdbfad56cd65901abe9e16394dcec34d50e08f8d,2012-05-11 15:19:01,"US","MD","en-US","en"
d039706acb603c1e40a27e46dd1d40273f4481bc,2012-03-06 18:53:18,"IL","JM","en-US","en-US"
0a6940a5e7b9b6013f7d01f5c7697effc0fe31bb,2014-01-28 18:10:46,"US","DC","en-US","en"
292bb77f88e9e2e02bede607af6fef32b40508b6,2015-02-23 13:10:45,"UA","30","ru-RU","uk-UA"
f2751055e2df9fac7fea292bf4d20b65a1ecf1a7,2012-08-03 11:59:38,"ES","MD","en-US","en-GB"
b30ffcb6d550d7768a545114f1683f9ddc85f989,2014-04-29 06:40:38,"US","CA",,"en-US"
cd4f16d87b833f5a284b9e7e1a3c292576ce37e6,2016-03-16 02:02:14,"US","NY","en-US","en-US"
bd364e208fe09c14185dd8b2dd24c18270b36b83,2012-09-11 08:59:53,"US","VA","en-US","en-US"
eaae5b5e883ab7e5e5488e0ced09f692e531fb44,2013-01-20 07:30:40,"US","WA","en-US","en-US"
9f579c899186723476897f8ff75c2d24382b1794,2014-12-11 16:30:26,"US","CA",,"en"
5146d15697afe6acb14e10be96349641fb28cda9,2014-09-10 16:34:59,"US","CA",,"en-US"
219a47acda1104d6a9aa957f96c974ee4f77afb0,2015-05-03 08:00:07,"IR",,,"en-US"
b3c737b9019f8c772b0805c9911e5660e2b1d022,2012-09-08 08:52:32,"IN","MH","en-US","en-US"
abac562480d79864966d980d0af9d1429482e3c1,2013-10-29 19:19:17,"SA","01","en-US","ar"
98df22f5b86f715e9da9fcfb78cdd59e666568a5,2014-10-09 06:49:28,"GB",,"en-US","en-US"
64eb06b8131032f593ea45e927e59555bf586a9d,2015-08-30 00:45:37,"US","CA","en-US","en-US"
6bae2fe191c305702be8fcb882eb15afaef28e93,2015-09-27 13:29:08,"CO","DC","en-US","en-AU"
4e7e4cc00e4d992adff5a0835875c8db10d796e2,2012-09-16 00:59:42,"DE","BE","en-US","en-US"
9d1160eaafb3a2ddc55d6f0260860e5937005d5d,2013-01-03 16:47:51,"US","OR","en-US","en-US"
bd7c048a03e25e41c7ea7978d60248f2d61a8cae,2014-03-11 00:00:26,"MX","VER","es-ES","es-ES"
dfc4a0e0454e1253fa14241b3912a07a9c3bccdd,2014-09-12 17:37:25,"BR","SP",,"pt-BR"
4b48063f092dbd47f5cf1e6af909ca4adec3469e,2016-02-13 16:27:09,"US","ID","en-US","en-us"
ba3d637c7ca4659c89a62b8ab49dfd249abca1de,2012-03-07 17:02:29,"FR","J","en-US","fr-FR"
416fcc6ced37db86045d1354b3ae3d8d2238f718,2012-04-10 05:39:27,"SE","K","en-US","en-US"
f62374565337415b48d92fb10a7ef5ab788c26c1,2015-07-01 18:11:01,"CA","BC","en-US","en-GB"
673ad2e0dd0800fbd9a3c9a494216616000618e7,2012-07-20 03:22:22,"US","MA","en-US","en-US"
9ba663b8a99b67a903990368872fc8f4a396e960,2012-09-30 20:55:00,"IN","KL","en-US","en-GB"
999949f3af4ee26d1b3cd54faa0db7c79655353b,2012-11-17 03:43:21,"CA","MB",,"en-US"
b81abfe61a5d892d5064058bacc5d82af749d113,2014-01-13 23:20:46,"NL","NH",,"en-US"
fee641cc01987d1e639156ecdbfd91031312a8c8,2014-05-29 21:04:32,"GB","ENG","en-US","en-GB"
eb9af07b3a757318b070bc5bedafa639504f336c,2015-09-01 11:01:42,"PL","MZ",,"pl"
d69667e27a59521ac28a1511f7657d001fa24642,2015-12-01 21:17:44,"BE",,"en-US","en-US"
d4cc57c00a239721c476a9fe7496c1ed8be5431f,2013-06-06 10:30:33,"CA","ON","en-US","en-US"
ce281ec4ccb5cc0cc1fcce0f2fd89c86370d392d,2014-08-17 15:31:47,"IN","MH",,"en-US"
2cccee7343a8b23c15bbf55e3556f9bc4f8620d3,2015-04-13 19:29:47,"CH",,,"de"
ef3d2984ea2b4dcec934c4dd42d8682290e17c05,2016-03-23 14:12:00,"CA","BC","en-US","en-US"
f2b8a3db7216b1c8b5e49cb9f1777da611c3b463,2012-10-08 12:49:15,"US","IL","en-US","en-US"
459c800d999abfdae3173ef170fed9749c20fff8,2015-11-23 06:51:37,"UA","30","uk-UA","en"
50e2fb7791bee7fadb8a5e14dd398ebf39fbd0e7,2016-02-22 19:23:11,"US","NJ","en-US","en-US"
bcecfcac634cb01aeac08d449cca72800e22fff8,2015-05-20 11:11:58,"DE","BW","de-DE","de"
308cd969a12fc5cbda2cf42c61a129ad4806a55b,2013-04-17 06:48:40,"NG","OY","en-US","en-US"
06dab4f5250321c99a0a60920c273b27e2342f73,2013-02-13 18:32:54,"US","CA","en-US","en"
c8fbbc270642ceecd80b69990948cd93bf8e3e1e,2015-11-06 22:32:56,"NL","ZH",,"en-us"
070be74484df9ba1ca612618c7b6f68c807ac339,2015-12-11 15:43:48,"BY","HM","ru-RU","en-US"
58c0f5ffeef7cdeb02adec86c630b6603d883ba6,2012-09-02 23:37:29,"IL","TA","en-US","en-US"
e69c5f8344957ace4f7e1309e8eaff475253db7e,2013-07-27 19:43:37,"US","NH","en-US","en-US"
f61165f647959d947b3432c73ad1e29b222f5f79,2013-10-16 12:26:51,"UA","30","ru","ru-RU"
d82353cfd460cf57ab6534414b6486d123a9eda1,2015-09-27 21:35:01,"CA","ON","en-CA","en-US"
c2e810532f0a965d64943d24a897f09a95dae3f9,2014-01-26 19:50:34,"IT",,,"it-it"
b857f7ea7ca923fe514a17cd6e9931a65561bb92,2015-07-13 03:46:49,"CA","AB","en-US","en-US"
31ebd3a95c63209b90023a1fe9b72f1d7fb2a062,2013-07-06 16:11:05,"US","CA","en-US","en-US"
47ea21ec6acd41ca9eef2ed6ac656a256b3f127a,2015-12-24 00:03:54,"CA","NS",,"en-US"
33b0979591c510b32460adccfe3156e8debda239,2012-07-19 16:33:10,"BR",,"en-US","pt-BR"
897fedb090bb30a79da519dd6382d0d15ab6b0cb,2014-09-16 10:49:00,"DE","BE","en-US","fr"
7924ab625dca45cf4b226a7eadf5f042a1973300,2014-11-06 18:33:42,"DE","BY",,"de-DE"
f2f13edc966290fbeaecbb4e831f01076befc095,2015-07-01 02:27:30,"SA","02",,"en-US"
ad57efd8cc500e2da30815d6b853be492bde9338,2012-08-09 06:17:40,"FR","34",,"fr-fr"
d95f8f5a6e6bfd41edb12447fd18725573ab718b,2013-03-24 17:14:25,"US","CA","en-US","en-US"
2321b9f9c812aa9fac7a81cb742954078d9bc35f,2015-07-25 05:14:48,"IN","TN",,"en-US"
c03e0e6495181274757fdd973cd58d7a371d8db7,2015-09-19 18:36:04,"GB","WSX","en-US","en-US"
6d2fba1f825d377fee20add5847a20394007d001,2012-08-28 13:44:56,"RU","MOS","en-US","ru-RU"
22d843c46ba58094ebc0979c8929b8cfb2dce67d,2013-01-06 23:56:49,"US","FL","en-US","en-US"
66a6ade10beabd40565aaa733a27105c0da32717,2014-06-08 20:44:13,"BG","18",,"en-US"
5c72c9701552e12a084b9964cec23853968d046e,2015-09-14 12:33:22,"BR","SP","en-US","en-US"
e4d648245dd16ea8065be865f2741bb64f4ba5f2,2015-10-06 12:14:57,"US","CO","en-US","en-US"
691c363588981bc751173a4d1a9ef9304690ce64,2012-05-25 20:03:13,"US","NY","en-US","en-US"
e198eb6f7cca86be1074dbfab5e12c94bec0a207,2012-06-04 13:58:44,"IN","KA","en-US","en-US"
d89581d249e508aaaec2f1e168db78ca205dc646,2014-12-13 08:03:09,"US","MA","ar-EG","en-US"
8a7c3dedd23f952e7d9ac83af294e36f8a17c834,2014-08-11 22:33:32,"US","IL",,"en-US"
7ff5c975d46197d0d71c9189a7fef12b17c56c57,2015-04-28 08:44:22,"TW",,"zh-TW","zh-TW"
38bcb39a07a9d00347aefd70262c149d59d30431,2012-07-18 19:46:30,"IE","L","en-US","en-GB"
b578a8ef0fd3db52f34caaae22a3c34a58f445ee,2014-09-07 06:07:35,"US","TX",,"en-US"
6f1653e86989d53137113dc1947e508a1ddeb91d,2015-04-29 03:50:59,"GB","ENG",,"en-GB"
9841ac252e036c2cc41e75d79d409eae532ade15,2012-04-19 23:13:14,"UA","30",,"ru-RU"
c3fc1d6428ebd65830d27b985946fa10a4134fe1,2013-04-30 06:55:54,"US","NC","en-US","en-US"
27d56d20a36e5133b485bd4d08c0e77022b729d7,2015-10-27 21:02:24,"RO","TM",,"en-US"
a728b874edff530fdadd77e1a0bd7782230b744c,2012-03-07 22:22:06,"DE","RP","de-DE","de-de"
e0b3d301e717361fe8f3ab9bd9936d23e56f937a,2016-02-18 21:58:06,"FR","75","en-US","en-US"
125a822976e37c83488d047ad3f52cf95f7d417e,2016-02-29 09:34:48,"US","CA","en-US","en-US"
831dc4a8ac7b57f554b5c54896e5b3be1a772bc7,2014-06-19 06:38:26,"NP","1",,"en"
a05b858f3181aa314ad0349af8ac822956d02959,2012-08-07 09:16:40,"HU","CS","en-US","en-DK"
6d66d0f7d303dea72753fa4b4eb41b49f7b73e58,2016-04-14 21:11:27,"BE","WHT","en-US","en-US"
d86680e133d33cae702d37f676970faf415863a1,2012-02-23 08:41:16,"KW","KU",,"en-US"
2d3c50c0573cc2e3501803c6bf8508e76fdd8da1,2013-09-24 12:19:53,"AR","C",,"en-us"
94716457c122fdd2b726bbe458d28ca5c5146082,2013-09-08 16:20:33,"IN","DL","en-US","en-US"
eb99076fdfebc2e3ab4b1dd8e769d3ed9c75e252,2014-04-17 06:46:40,"BE","VLG",,"en-US"
c855191bf9a40d8d2fd5cca19de6eddcd376041b,2016-01-19 09:48:29,"ES","CT","es-ES","es-ES"
a06e264f114deb91fb870a6b261a100d63fef25a,2014-07-03 16:48:50,"MX","DIF","en-US","es-41"
724ae9fff76f8f9e1e9907b6060675bd5db9bedd,2014-07-20 20:08:09,"DE","BW","en-US","en-US"
3bc032b830e4cd95759de6eb9f4c2506a1445e7e,2012-07-17 21:56:06,"ES","M","en-US","es"
bafbdc2cb76ac5bdf5438f687a39d7102e3d01f3,2014-02-17 15:02:00,"CA","BC",,"en-US"
5bdb28d25eed6b2bf74f0a69f2e13a69be652eb4,2014-05-23 01:16:11,"AU","WA",,"en-AU"
252350153c89bca1057570f948125cf67ef83cd9,2015-12-05 05:52:25,"AU","VIC","en-US","en-us"
985c58f01f525487ac8f895b9fc1b3ee60830771,2014-09-09 14:02:27,"BG","22",,"en-US"
3d16bb1e9b2e2b7fb87e67e157f1f60905affefd,2012-03-09 18:52:51,"KR","11","en-US","en-US"
039e59a33e98a672a6fd7c2d9a4ee0d6ab7de68d,2012-09-19 02:48:57,,,"en-US","en-US"
3d4e37bafb183f8f9d13e227e28ecfe461ae8deb,2012-12-14 06:25:28,"CA","ON","en-US","en-US"
f9aa424b048da7a24a51594ecc2ee0a5e9ec12f1,2014-08-08 11:00:30,"PL","MA","en-US","pl"
58dbf9ecd9e27fb7675d7ea1cec2ad92ea234c80,2015-12-18 19:53:26,"GB","LIN","en-US","en-gb"
f849830e9c3f637b2d97337f8b089d4d9d10e5ed,2014-05-14 11:14:04,"DE","BE",,"de"
b28912e783ffafb22501c685fa381e6bf1e35b3d,2015-06-15 18:43:02,"BR","RJ",,"pt-BR"
22db525d19c40109e5937f27f0db64b78177e765,2015-08-11 03:11:09,"CN","34",,"zh-CN"
2b75ca92878f940cc7418d90f1618e8bec429feb,2015-09-15 17:33:02,"CA","AB","en-CA","en-CA"
a49789c09d35b147fe120bfaecaab224d9723eb5,2012-12-16 22:09:57,"US","CA","en-US","en-US"
027d68dc2138533e2241bf39ee6ca76bbca0a39c,2014-04-29 02:01:02,"CA","BC",,"en"
2cacdf35f9688dc4ad92163e950a787ee0fc5bf0,2015-06-26 14:10:53,"DE","BE",,"en-US"
6fabaf80be2cd519abf4b55aa0f230d0dac4c21b,2016-01-24 12:52:39,"TN",,"en-US","fr-FR"
d032bf361adcee0d0b83a56ba4dd19675ead88eb,2016-02-10 22:01:30,"US","CA","en-US","en-us"
e70f2a19d1737a48a2d9b0d9bfd1a30f67eff9e2,2012-07-27 06:16:35,"CA","AB","en-US",
b8e928b663438d291cf99343d2295c36bf2b67e8,2015-01-23 14:01:58,"HN","CR","en-US","es-ES"
5936a9f3417524ab2efc31109113af300f8d5f2c,2015-03-08 14:07:43,"SA","02","ar-EG","ar"
706b78e853851340e59fa20fd1c4ccc0f3f6980b,2012-12-20 20:50:09,"US","IA","en-US","en-US"
28521a36a073c6aac281eeb941fcae1faa33070d,2014-07-01 07:16:38,"RU","MOW",,"ru-RU"
4beb1f1c95a22718afb2d7e8da172aa1c1dd20c6,2012-03-12 13:07:18,"CO","DC","es-ES","es-ES"
817137ccf69af3d65130c3a84e64ba7f64acff7d,2012-12-01 11:10:55,"US","NH","en-US","en-US"
2b3a1936f413a597656aa035b05f869614ad3c2b,2015-10-09 06:40:53,"BG","22","en-US","en-US"
6459cdd95361c0e8fef6d3e65b9eab1ce6c7501a,2015-10-24 23:55:20,"SE",,,"sv-SE"
40ccca9a2d11ca1b0229ad16933aafcd920a6975,2016-03-30 14:54:15,"GH","AA","en-US","en-US"
a9267c189a3923693ed12ee43747c76e3391d373,2014-07-14 18:49:29,"IE","L","en-US","en-US"
4bbc093cf1c8d8cc7cf72d97cc460cd68ebbafc0,2013-08-28 01:09:22,"US","TX","en-US","en-US"
fb3962d39dff997238ee8496fc298b582ee49a89,2013-11-22 18:23:57,"CA","QC",,"en-US"
e2c24f835bad7c7bc751bf3d08486b82a143c5ea,2012-02-21 00:25:51,"RU","OMS","en-US","en-US"
cbdfca6502cfe388050209d6085e18d12af01126,2012-03-07 06:47:50,"GB","WSX","en-US","en-us"
145dbdeaad4d1af363a571501c86d226e750ba0a,2013-08-09 15:39:05,"AU","NSW","en-US","en-us"
f7b5ad225b7f2c23d146776747849b243a229f22,2012-09-24 10:33:25,"IE","L","en-US","es-ES"
ed57be6fa13a04ac4dff0ff3a77fb58df34db991,2013-01-08 20:14:52,"AU","ACT","en-US","en-AU"
6454550d89fd84535741bca1d187d7759c809709,2015-10-29 15:30:23,"ZA","GP","en-US","en-ZA"
b2db50bfc3fa5c197b3166aa801450d394f9ae4d,2016-02-22 18:19:59,"US","GA","en-US","en-US"
83c595a4d0cc85cef16a8c063c2ab03b3ad12497,2013-03-18 01:54:17,"US","CA","en-US","en-US"
1deeaefeaefd90b70f0d869050555120d0a64849,2014-02-01 00:18:44,"US","CA","en-US","en-US"
5e7a0a25d7ddde8880726437f638d28dca4f7adb,2015-09-25 15:08:07,"GB","ENG","en-US","en-US"
a85d35333954d1343bffc5cb1e70d4ffffa3fbc8,2015-09-03 20:45:00,"CO","ANT","en-US","es"
af3bf3b580f79c630319ac222e14907605242f53,2013-08-19 22:43:38,"FR","J",,"fr-FR"
eb3949452fe3bd054de940a3a932e67f8203170e,2014-12-09 09:06:04,"AU","NSW",,"en-US"
6a0cf0a09f29b73dc465b0af72c55f5979e3b907,2012-08-21 14:43:07,"GB","HRT","en-US","en-GB"
906c3bf908764a1620c726df4c458e1a7e6ced00,2015-02-03 19:34:00,"SK",,,"en"
098bcf62d35c28e834cfc38bf55106945affc400,2016-01-07 04:41:56,"US","CA","en-US","en-US"
14fed1b2f297c83a1bba57a46cbcfacde3a4ae1a,2012-07-17 20:53:01,"RO","DJ","en-US","bg-BG"
ae808e2284fcd36a37423fe1663954d19aa19a77,2014-02-14 17:54:33,"BR","RJ",,"en-US"
3a0b081b1b6e0414a365272fc3d6b1624450bf0a,2014-07-10 14:57:15,"US","IL",,"en-US"
ca9134e7cc214468ba9ef64cbe40a5924f4660a6,2012-05-11 20:56:10,"GB","ENG","en-US","en"
2768d4774d84d81d069a191c951d7353fa1cf8c5,2013-09-30 10:56:18,"NL","UT","en-US","nl-NL"
18a5e436827ee9f5793b783970e8efe56c01c10c,2015-10-12 16:17:38,"IN","TG","en-US","en-GB"
787261f39333409e37075e9aa4fc94a5d90c46d1,2012-05-24 20:08:26,"RU","MOW","en-US","en-CA"
274dfce33cb1566d32cd6e57385522ac4455a049,2013-01-09 05:50:40,"MX","DIF","en-US","es-MX"
2400af515794929e2e1ec5559165a4eb153114ef,2015-10-01 06:57:51,"US","MI","en-US","en-US"
d9a8fcc00bde95b4d7a6e5e1c5b5777c7c4748b2,2013-12-07 07:10:54,"DE","BY",,"en-US"
84c3d5326662fba8d613dc51f164f7aa4206735f,2013-12-18 21:07:15,"BE","VLG",,"en-US"
449ac22074e82284c9817a6dc611077ad5507abd,2015-06-04 15:45:12,"US","WA",,"en-US"
80791a799af6883140d6f4f26a59236d0249ab10,2015-12-14 09:51:07,"PT",,"pt-PT","pt-PT"
163089ed054793003b76588bc3b59f8084df16d5,2013-01-06 13:42:47,"GB","ENG","en-US","en-GB"
adde71c63fc100abbc501b14b9efd1828ab772fd,2014-09-05 13:00:43,"US","IN",,"en-US"
0a3e0761619b9e3cfe95402b4a4d30f019d2f839,2015-08-24 18:23:31,"US","MI",,"en-US"
e01e9e724f6fc69617ab2e0a807e2aae71cc6018,2015-09-12 02:09:10,"TR","06",,"tr-TR"
b8080c800f3fcd8fb7da0c850eb449f2b4098ace,2013-07-01 08:06:09,"UA","30","en-US","en-US"
49bfe6b0c803a235ea4b850dc2ff68b39712f2fd,2013-08-23 08:11:55,"AT","6","de-DE","en-US"
63208c9d5fd6c84ca9ad4afea49b04096cc40411,2014-08-22 11:15:52,"CA","ON","en-US","en-us"
4a576f5ee46acbf041fa642b54c8a418e5009200,2015-04-07 13:33:41,"IN","RJ",,"en-US"
4c4546adfdd1f58b40f4118c363c6b41a9250a90,2014-12-09 06:24:09,"US","VA",,"en-us"
b45c1196db5c629e1dac2195e2b6e1100f0bd553,2012-07-25 04:53:25,"ZA","WC","en-US","en"
7cdfb12545612bf57d0cd5dfab34882fd06747e4,2013-03-19 02:42:44,"IL","M","en-US","en"
ae0dec30b0c9b9f98c2779d61e17d7b411b8a33d,2013-01-21 10:24:00,"CH","TG","de-DE","de-CH"
0efd20d7ae1b3e382f39ef8d096169700ae2bd81,2014-06-25 12:18:59,"DE","HE",,"en-US"
e0bc56fa341542efdf213e1fb86c78c411c03c54,2014-07-21 03:22:26,"BR","PR","en-US","en"
63595f14116b2534446dcca307f464958df0be71,2015-06-25 16:30:37,"US","DE",,"en-US"
5ade6fca7613f9f649242416219207e5eadfaf67,2012-03-17 13:01:16,"BR","SP","en-US","pt-BR"
0bc34ffd854469b25b048a79bd827d10e798bcb2,2016-02-25 04:19:43,"US","FL","en-US","en-US"
5956fe3bdd6c58f371cc4776ddf211ce3b9a1dcc,2012-05-25 07:10:35,"DE","BW","en-US","en-US"
46fd3143c973228b583e66f3b7c489bb2f0b1dfd,2015-03-07 14:31:56,"CA","QC",,"en-US"
0de7315e662bf27ec542bcb731be16350e2f6a19,2015-10-04 18:17:50,"MX","JAL","en-US","en-US"
25a4cae51f0aa4fb5caa3524a714addb63c19986,2013-03-16 13:00:00,"RU","MOW","en-US","ru-RU"
c2b240bd4a188162896be19107e3091a91880b14,2013-11-16 18:43:23,"EG",,,"en-US"
26c1d7dd74c2674ce793fbae873a3487ad1da187,2014-04-01 19:00:04,"CA","ON","en-US","en-US"
95ea7ecdf5eb1c0c60195ca0ce90817d41a62387,2015-09-01 21:23:24,"US","NY","en-US","ru-RU"
030043dc19c1534bfba2ac6ca0160efe7c6d0e05,2015-10-26 00:14:41,"MX","DIF","en-US","en-us"
43e61e42b3bec1aa839f1fd4b1381fa555133455,2016-02-04 06:37:33,"US","MN","en-US","en-US"
87db5f9bc877648b0449471ce655f1b42b148ae1,2013-08-28 11:33:08,,"",,"es-ES"
b06f0d2c26dce25ff746e850210d4e7fd0098f31,2014-03-06 16:03:10,"HU","PE",,"en-US"
1a3ad417e1e035842c587abb969c005e2b8709ca,2016-05-17 07:25:49,"AU","VIC","en-US","en-US"
2fbec18a273908e123b4b0ff7a942478c32c1bb9,2013-12-07 09:17:32,"UA","30",,"en-US"
01bc70d5026d3bfb9eb2c1b4556b2943cac6cba4,2015-07-06 10:18:48,"GB","ENG",,"en-GB"
ae751baf2bbb1f4b4ec0452793d0d80212dc8c1a,2012-03-18 15:36:56,"CN","44","en-US","zh"
b6ba4220f3476ab0378b9910937308931b59c5d2,2013-10-09 11:50:32,"DE","BE",,"de"
6f27c60779f52c9ed9523d90ed6d1ec342924e41,2012-04-19 17:35:13,"RU","MOW","en-US","ru-RU"
524cbbedb353902d0bb8be76d582d0ff49e9a82f,2015-08-05 05:49:30,"CH","ZH",,"nl"
c3a3253718a3524fe540ad3bcb463559b9e9ca4c,2015-10-15 11:57:29,"UA","32","ru-RU","ru"
e7c2b46f9bf9417400c5833101e4468bd34f44a1,2013-06-04 13:13:36,"US","NY","en-US","en-US"
034f36ebd980912aae22b766c52078a0fd754221,2012-07-18 21:32:29,"US","CA","en-US","en-US"
ccf3d59d0b9ab0381c0296ce13b98c66200b69fa,2014-10-09 15:55:49,"SA","01",,"en-US"
0035f810529cc356d016ac5697bed2b776a53b0e,2012-08-12 20:50:41,"MX","BCN","en-US","es-es"
f1fd25814318f152bcd329767cb154d1f115a590,2014-05-22 06:20:42,"GR","I",,"en-US"
31bac1305f17903d98439faff8504e9eb4c0d475,2012-02-27 18:22:45,"PK","IS","en-US","en-US"
dd549becce06db339b45c5693df2565dca1c7017,2015-10-05 13:11:11,"US","FL","en-US","en-US"
0ddb08231761255a6e826ad91d591cbd731388a4,2016-03-21 09:10:20,"DE","TH","en-US","de-DE"
d806cc1d0991535e9aa445c49a31de32b49227f1,2015-09-10 08:25:29,"MG",,"en-US","en-US"
271b016379521ac0bfe888c7d275e12592b0e184,2012-12-06 15:25:00,"US","WA",,"en-US"
2b3b6680c7f7bffc497b1ed5f1dfa52cce4330c7,2013-07-22 22:39:51,"US","AZ",,"en-US"
250e2894d69a92ea99ac742d4692f6ec7161756f,2013-08-10 17:10:36,"US","MI","en-US","en-US"
78acd4ddbf6b26675dff369d9e61a752b4b60ec4,2012-08-31 11:11:06,"BR","SP","en-US","en-US"
fb143d0f4e034d27a4ffa926b95106677587e482,2012-09-20 15:58:52,"PE","LMA",,"es-ES"
caff3f59a7dfffcf9ac8b1cc36bdfed9ce37f2c9,2013-01-04 05:48:39,"SK","BL","en-US","en"
e8dc19591f03f365f292fb0fc79dcc2568f896ed,2013-05-20 11:41:56,"GB","ENG","en-US","en-US"
ea4c183441d374999162920a29edb75713406e0e,2014-05-12 18:32:17,"US","CA",,"en-US"
e999c1efd7d37ec696f38a8064935627b6287407,2015-04-08 00:42:35,"CA","NS","en-US","en"
7305d96dd0b45436606f21a37ccbcf5919063019,2015-10-05 20:51:55,"CA","AB","en-US","en-GB"
611e45e35e3e26f18c09a3df1528bf4fbcc5d6a2,2012-03-13 12:28:03,"GE","TB","en-US","en-US"
09fb652ffbdfc8f82159303cecffe9420cbb330e,2013-03-07 11:23:02,"DE","HE","en-US","de-DE"
f91a33f46621e2e8cda5561d4876399c76ce40eb,2013-12-23 16:05:52,"ES","MD",,"es-ES"
63dc2ee7b3c79e923227171d57bf06119d9534ec,2016-03-17 18:40:12,"BR","MG","en-US","pt-BR"
2e4ba1ecde1e67e2dca2296e2f877c0c2aa06716,2012-02-22 22:51:15,"SA","01","en-US","en-US"
e9c4e81bb725d2c75e0b6d39c683f421e82da69c,2015-09-02 07:34:44,"BG","22",,"en-US"
2d7c424d87fee0bd914ce746efb4e1538f100f0a,2012-05-09 14:52:25,"US","NC","en-US","en-US"
6ad536260b144236e86699788396a24643051705,2012-09-23 15:25:10,"CA","ON","en-US","en-CA"
74cb027df306b5f6468b44407832d0332c51a844,2013-05-19 12:49:50,"TR","06","en-US","en-US"
6f6838d7c96b3759a2c76ad5d97e6b8e8d467bcd,2014-09-19 19:39:41,"CA","QC","en-US","en-US"
85a0d832e74b42319d1e91e3af7680062b77b3f6,2015-09-03 05:24:50,"US","CA","en-US","en-US"
42a90911b0e66039ee2bbb403955fc3cde71d344,2012-10-30 02:31:36,"BY","VI","en-US","en-US"
fbf2248b24556411d5049998b0b21d0ac51122f9,2015-11-21 21:19:25,"GB","ENG","en-US","en-us"
3cd164e661af70f45abde2c3bc69b30830119fd2,2012-07-24 11:55:05,"IE","L","en-US","en-US"
79044ea42e529125945d448f7e82944cf071f0e2,2014-06-07 07:08:14,"AU","NSW",,"en-AU"
aadd33ba8fd91276db3019e3fbf7ae88dc238780,2015-04-24 19:23:13,"GP",,"fr-FR","fr-FR"
8942fd4ce70453ec4243143036947d3692842233,2014-11-30 23:10:28,"PL","SL",,"en-US"
3b42dc3423fd8b595de0f770d429f8fe48fa17c1,2015-01-13 22:35:50,"RO","BV",,"en-US"
3522c2cef63ab4ab26187e1f78edec1a0580c6ed,2012-02-26 19:33:06,"BR","SP","en-US","en-US"
65aedfacf8699bb29fe95bd83284302cf6756007,2014-01-17 02:42:48,"US","UT",,"en"
7055a527e288302ba283ba6262590408cadf6987,2014-12-03 22:35:16,"US","NJ",,"en-US"
cdbc1f35f07f3752dc3041213b44f7603a41c893,2015-09-14 18:08:55,"MX","JAL","es-MX","es-US"
c5d551da2bc22802ef7990dfe629c5dfa534ef1a,2012-07-22 15:57:16,"RU","MOW","en-US","ru-RU"
065c25dac46e28e50c851d336e7363902738a8f8,2014-01-28 04:47:20,"US","NY",,"en-US"
f88b2b4f1fe8ae48781502aedcbf63a7db0a9af3,2014-09-21 10:46:08,,,,"en-US"
f889f197d46a20a0475f90b3a64d84cd6e5823b6,2012-11-25 20:33:03,"US","OR","en-US","en-US"
558a116923c179298f9c700dcf60bd352273ac30,2014-11-06 22:36:11,"CO",,,"es-es"
8b873b78a9ef4506bf73f2ae8ba3034c9be5ad70,2015-10-24 12:08:49,"UA","14","ru-RU","es"
57b635a02f30fed6c01d300c500719c507301f98,2012-01-01 00:00:00,"DE","BE","de-DE","de"
0b7e79fb16e2c916ace1c3ebf0e862a3fd12bf18,2013-03-19 03:50:06,"IE","L","en-US","en-GB"
46a4211a310715220f051c4bead6ef10dbf9dfc1,2015-05-28 16:57:50,"MA","05",,"en-US"
777f4e3a325c607a52b2102e691e017edb9fc42d,2012-02-21 11:39:33,"EG","C","en-US","en-US"
95fe137f401935d9c5489d5ab3a7d106d9138c62,2013-02-01 12:51:25,"GB","ENG","en-US","en-US"
d551dc41016918fbb63e951ab672491f066edc93,2014-03-12 14:15:26,"RU","VLG",,"ru-RU"
9ce843e5c54afe4a1c46932b9870f520d9af1af4,2014-12-04 17:11:33,"US","CA","en-US","en-US"
a93c05e4cf11b387f3dd7351b9807ae2380f1560,2015-11-02 23:44:46,"US","IL","en-US","en-US"
72e02ef63093fc1ec2911f8470f8f89fdffe1a40,2014-10-01 01:18:40,"US","NJ","en-US","en-US"
0ca94b35bf873b73e936f98e94168825f00f8320,2014-11-30 21:25:55,"CA","ON","en-US","es-ES"
6c75121681dd863630192a03e80e42cf97fb6d1b,2015-05-16 01:08:17,"US","CA",,"en-US"
49ab6a5e3b09c8e7144bf977606b940dee2d7c00,2015-11-19 15:24:22,"VE","V","es-ES","es-US"
3b90ef934eca1e83db5c2351bff1b7aec4edf179,2016-03-25 06:24:21,"NZ",,"en-US","en-US"
76be0fccf5f2d89e62e951b12330555f624f6858,2012-07-30 06:47:11,"KG","GB",,"en-US"
4bc641a3ca26d6ac92be39b6c1ee916af97cb626,2015-01-10 21:15:04,"RU","MOW","en-US","ru-RU"
39011d9b41e938a7321891ee47d6566d6717a0a3,2015-03-20 20:31:50,"US","CA",,"en-US"
936a1d254f92337caf160e6661d9f6e09e2e3e08,2015-09-03 17:47:09,"US","CA","en-US","en-us"
f2884f73585f9123b4e86799d19da86c1690b3e2,2015-11-15 23:24:36,"BG","22",,"en-US"
438455d2d5975db4f880af05d24006778c620171,2012-11-21 03:51:17,"BR","RJ","en-US","pt-BR"
ff0610a88450e3c20b37dbced45083d458ffa86c,2015-10-06 00:15:35,"EC","P","es-ES","es-ES"
1983d862fb90d76a326a47a2fdb07a130a1afd26,2016-01-22 18:45:18,"GB","LEC","en-GB","en-GB"
2abd343780b17a7dd4dba4cefda8cb5379d9226d,2016-04-10 09:00:01,"IL","TA","en-US","en-US"
a4c0d489eab266f6d0462c804810dbb51983cc5e,2013-02-04 08:01:53,"GB","ENG",,"en-US"
964bf91b80b7fee3a20c6e1d9c625185ed12deae,2015-05-27 14:29:24,"US","MA",,"en-US"
ebc0274138fc0b8514d59e112bc735ae9521e5d6,2015-03-15 17:56:32,"CH",,"en-US","fr-FR"
bb545c162e5a5b57956aca5609a6d6a974c16a3e,2012-05-28 04:56:06,"IN","KA","en-US","en-US"
fdac9a5b4dad8e3d0f3ec913d2cb696567b5cc24,2012-08-18 10:38:52,"BR","SP","en-US","en-US"
e1c95c4cc3fdc271e95e34de0860ffec3e2f10b9,2014-05-05 01:38:38,"BR","SP","en-US","en-GB"
e8d55991db7acfe07d800a679c11098364f2a57e,2015-10-25 15:58:11,"LU","L","en-US","en-US"
c7707affd5be2997a7312886024fafa897d4e3bc,2014-01-04 12:38:57,"IL","TA",,"en-US"
174862003d1a951de6795fbdf93813c92e79bf39,2014-01-04 23:58:57,"FR","74",,"fr"
1992da99878f7df15dfb2d75d6fd9ff99d26d0b8,2015-03-24 22:00:29,"US","NJ","en-US","en-US"
89fd54f762c88e3a59f855be75398c43e99b16af,2012-12-10 07:09:30,"IE","L","en-US","en-US"
f9ee112cbc68758eb5a07b8733d35ae08a53712c,2013-02-19 19:49:48,"US","WA","en-US","en-US"
c93a37897f7526bcffde670557e018ac650d45fb,2015-02-26 04:23:18,"RU","SAM","ru-RU","ru-RU"
671169e53404faf9c0d8f53b9e986140b5be010a,2014-03-10 05:58:43,"IN","KA",,"en-GB"
cf617a259867244ea5613de4ecc9443d7d0abfbc,2013-05-20 07:19:21,"CZ","PR","en-US","en-US"
7cd75a7e9d1e946623abc16b87944343d4e2b1d2,2015-04-13 10:21:41,"RU","MOW",,"ru"
f85ad44bc4c82b487db03c2d0e809c08d601c6bc,2015-09-13 14:53:53,"BD","13","en-US","en-US"
028f18bbf8cad0a286031c8cae4b53b24ba4967b,2012-08-15 11:31:55,"AE","DU","en-US","en-US"
b5f2370e0816674b74cb1b97e3a5e23d32c7081e,2013-09-02 12:29:27,"RU","MOW",,"ru-RU"
424b573447807d3f7aa6dfb23b75a34ebec02026,2015-01-30 20:50:34,"US","NE",,"en-US"
dcc127061ac9a3ba88d7db8761d4c8fc04c499d8,2015-11-15 18:55:39,"DK","85",,"da-DK"
326be5991f17872b19124ea4033821f8f99ad785,2015-09-16 10:49:19,"RS",,"en-US","en-US"
11132d7a81620ee3a8313593903b901a324cff79,2015-12-17 00:43:53,"BR","PR","en-US","pt-BR"
ef38d7bbc605b61716631c4b583f6a368b79e013,2012-04-18 19:34:47,"MX","SLP",,"es"
29d52b9f07097d62c65b931b638fefaa1903784a,2014-05-22 16:58:32,"BO","B","es-ES","es-ES"
161a2e3b5566a5226481c3a25e1098dcbc41bb41,2014-10-21 05:05:24,"NZ","AUK",,"en-us"
70a1877a7727bc9a4623f69bc14e3223d40fa19c,2015-07-22 05:26:25,"CN",,"en-US","en"
83a3fff5c55de805668edc0a2e3228256c71f048,2015-11-20 18:23:17,"US","WA","en-US","en-US"
e2fa3f35193546ec8a2108f3ec181517afabe343,2015-12-21 11:17:28,"NL","NH","en-US","nl-NL"
057631466ff9b6b7b8f6ee75daedb83ca58da2cf,2012-02-21 17:55:31,"US","NJ","en-US","en-US"
acae244a5415df23ad0123d67b2579776b3ba7fe,2012-09-27 17:58:08,"IN","MH","en-US","en-US"
c9aa12b33c5f15cc0be59b76338139c40fe7be89,2015-09-15 17:51:57,"CA","AB","en-US","en-US"
12b97540b00398693cd696f316df2144f0cbf5a7,2015-09-28 15:49:04,"RU","SPE","en-US","en-us"
8d578080893ad77a35ff1051477682beb26ea949,2013-07-15 08:01:39,"IN","KA","en-US","en-US"
9e9b1462050b892a46ff700e5b80ae1a6c263534,2012-03-06 18:23:59,"ZA","WC","en-US","en-GB"
c74126426878669680ae94864f9acc9b0aeb8923,2012-03-07 08:38:01,"AT","6","en-US","en-US"
82e7d0483437b4794db55689884674dd8d44c69e,2015-05-12 06:38:49,"US","WA",,"en-US"
17d8eea231b6c162b850971ec1f1a5b5abcfb9b7,2015-05-14 19:35:53,"BR","SP",,"pt-BR"
a231bc530eb5134f27b68da1a9d965c486f993c9,2015-07-08 09:11:40,"CA","QC",,"en-us"
0322785fcd6bce30310947b63dea52bfe4a6cbf8,2016-05-23 14:26:53,"US","NY","en-US","en-US"
de7fa58d0e899c7237d6fe909041a540e9fe74e4,2013-09-04 23:10:03,"SE","AB",,"en-us"
0e7c315ceeb6684775ab364abb527b4de8d5be6e,2013-09-30 07:45:06,"NL","LI","en-US","nl-NL"
1ecbbd9d018e19dfc44be7f5a0d454f9de0fdf86,2013-09-24 08:59:32,"RU","VLA",,"ru"
ec1d06392ca137d0baf7b1725b28f677cc54a75c,2013-10-14 00:41:42,"US","PA",,"en-US"
e4351872927b7008e8a9872365139787ce391e08,2015-10-02 20:39:33,"IL","TA","en-US","en-US"
e4227b20577777ebc5e5926929d86c556a65906f,2013-05-08 03:52:45,"FR","J","en-US","ru"
070cbdfcfe7502abf2a9a8df7b7ae2f8b95496c6,2014-01-07 07:16:41,"US","CA",,"en-US"
cfb49afa72076a8ac988e8460fe8dd75ebc20f4c,2014-09-02 09:00:13,"IN","GJ",,"en-US"
a04b0f9a8ef4ab62a37cdf281bff06ce8d9d5773,2016-05-26 23:44:08,"RU","SPE","en-US","ru-RU"
c44ec831c035bcf226d2e0ee3f35ff688720c5dc,2015-10-19 19:53:11,"SE","M",,"sv-SE"
6c205d4cbc5f98b12b9ab1c29d541e5fdb45b168,2015-04-27 03:39:26,"US","CA",,"en-US"
8102b7b9b6dd1d81a5b88aff33e58dd8bfb3cee2,2014-01-22 08:24:57,"AE","DU",,"en-US"
433ee1d7291ed67d23c64d721eb4833fa46e3d0a,2012-10-14 06:11:12,"GB","ENG","en-US","en-GB"
441973f7d1a8c2848e2aae6103913b7fd56af73b,2012-11-20 13:31:58,"US","CA","en-US","en-US"
b7dc0ab966128baf6a6afeeee8cd04b798efce93,2013-04-08 03:54:06,"IN","WB","en-US","en-US"
cb8c83a4725dcd6ab6933dfde49bda2d9baf52c0,2014-02-11 20:01:07,"GR","I",,"el-GR"
bbb529125dbe0692a84ab1cf142c65be35ae7a80,2015-09-19 19:50:45,"US","MD","en-US","en-US"
7e5c3742d0faa01f712c3641159fb12eb24be890,2015-07-06 22:23:21,"BA","BIH",,"en-US"
77546b39a0073b6691fda0c4e5850f0ee708d39d,2015-07-14 09:50:01,"VN","60",,"en-US"
207b04ea0b5b37bbe56093ba61d235096d9141f4,2012-02-21 15:07:21,"NL","NB","en-US","en-US"
adde4a5aaffb067ab0ee645a1911c219ed0d49a4,2012-05-02 08:57:12,"GR","I","en-US","en-US"
8d3824607f04f8a401dad452df9aaf902d9aa50d,2013-01-04 06:22:48,"AU","WA","en-US","en-US"
49da8bc235c6cea5324d018f66ad3aa0debb7e99,2013-02-26 20:23:25,"US","TX","en-US","en"
9cc5cba9df6bc2c7d13e45d7f2d9268f97774087,2015-04-30 20:33:56,"BR","RS",,"en-us"
254f78a6f8b15285121141a81ee08c18d1c90fce,2015-11-08 23:13:02,"ES","MD","en-US","es"
5731faa6274f653783033f1bfff77ae2ce608e7c,2013-03-26 20:33:01,"US","PA","en-US","en-US"
1bfde91116fdf3588dd8b0f5dc4f90bacb49a359,2013-04-04 15:16:03,"PT","11","en-US","pt-PT"
62e85911b477f5998f2f130157c46acf223d29db,2013-06-20 23:37:56,"DE","BE","en-US","en-US"
e43abb6c8c3f1a06e23891e64ce911c763e5e458,2012-09-28 06:58:39,"US","IL","en-US","en-US"
6185c8ec352f109d21586b9e055d2a86433d66f9,2014-04-15 05:03:27,"US","CA",,"en-US"
39a6e60b095fd5426ad685a5c3750e1f73d0e7e7,2014-04-20 19:38:51,"RU","MOW","en-US","ru-RU"
1667e33f58562f712e5c7b451e616b856fdc1921,2014-05-27 18:32:51,"AE","DU",,"en-US"
684349c730923aed5393d5105c00252266af092f,2012-04-10 09:56:38,"GR",,"en-US","en-US"
1e5fe5f925deb014a0c966e445ba4de812687dac,2013-05-03 01:35:52,"DE","BW","en-US","de"
9ffd7888919dab4a44c4f00712bad45cf8fd0d4d,2012-04-21 22:26:33,"US","CO","en-US","en-US"
47b9d2a48ee37b4b4cbac11fea69814b30d91280,2013-07-18 18:01:02,"US","DC",,"en-US"
1aea387a151766b404c6151d757e9ae926d9ad8f,2013-08-14 18:26:41,"DK","82","en-US","en-US"
f7ba67bb7d8b2b6d4c58742b69c2bb7a9d2f031c,2015-10-01 23:34:28,"AR","C","en-US","es-US"
cd068c86e25487837c046a681586fce2a9f95f39,2013-02-23 06:32:15,"PK","PB","en-US","en-US"
86d99c9470fdd53d0825490b21b2dbab7eb4c938,2014-06-29 22:01:57,"NZ","AUK",,"en-US"
6c5ee89e84b73d1c30d0ef76ddf20a829df43707,2014-01-31 04:09:55,"SG","01","en-US","en-US"
dabd23fd78039a42831b8852a67ee35b3e6fa94c,2012-10-03 07:52:00,"MY","14","en-US","en"
2763abe8cfe44293963ba7f41e9e939e1a1bbbc7,2013-09-12 22:37:01,"CA","ON","en-US","en-CA"
a9bdbd992158eb6cb4d86d56cec20775e87e39bb,2015-09-06 19:45:47,"UA","30","en-US","ru-RU"
725608fcdf0af36474763027846497dffae1287e,2012-11-04 23:49:01,,,"en-US","en-US"
285e5b8f05b382aab0a74e991f9e3a2b78b41531,2015-02-01 13:39:04,"BG","22",,"en-US"
e40ba0352307dae31c01e299c1a5b01ba5a067d0,2015-04-10 20:52:28,"US","CA",,"en-GB"
fcf55fa435d126ce378ba3daeee28d5614d260bb,2015-07-22 04:23:39,"US","CA",,"en-US"
acbbf6efc0cd2246add3d51a6f9acb32711159a9,2015-12-27 08:36:49,"FR","31","fr-FR","fr"
9844931f519487edb6908149aca757136876219a,2012-04-27 14:34:46,"DO","01","en-US","es"
a92655e702979f549fe8e22bde3a7c5e32ed0cfb,2012-04-30 18:55:20,"IN","MH","en-US","en-US"
59c979c6e7afc02d92be2690864b895a04b212ab,2013-03-26 05:26:45,"IE","L","en-US","en-US"
ac4836b90f211bfa23ac26df908ae4535142929d,2013-06-21 19:43:37,"US","MI","en-US","en-US"
88c27fc8c7799d55c956c3f1568dd34f786bbb4c,2012-07-21 06:20:29,"BR","RJ","pt-BR","pt-BR"
da483d4de5766b999c3cd7f3f868df74e0c0ded5,2012-09-01 12:22:21,"CA","ON","en-US","en-us"
eacbb05324c57ad617a53b3ad533529ce7ef99da,2013-11-26 23:46:23,"US","TX",,"en-US"
18318e4c09b3e30d9a13cd474aae41631f218f1f,2014-10-10 18:49:41,"BY","HO",,"en-US"
5936524e4cbe79cfe9ee6419d871b6450431ad18,2015-06-02 05:04:09,"PH",,"en-US","fil"
681877a22c6e986a48a6d1bed8171bd776d28da6,2013-04-07 05:54:35,"SC","16","en-US","en-US"
3d7f86594f7b35ed4e1dbc74e8f34ce848a12299,2015-10-15 23:56:29,"MX","DIF","en-US","en-us"
8ab542f8517e753200d8cb10f25b992d5c2a000a,2013-05-22 12:17:47,"CA","MB","en-US","en"
067122811942ae2b95daf9950498b5271222df30,2015-06-04 08:13:10,"SE","AB",,"en-US"
0c20d041b5d9352b3ebfa6946c3e8ef096c59748,2016-02-01 13:18:02,"IN","TN","en-US","en-US"
a2ce096cffc3cebd183b0da73fa1fa4f147e27eb,2012-09-24 12:19:56,"RO","BV","en-US","en-US"
f2a81a42ab38e2ca9fcb2aab76c5e77fdf6e63a4,2014-08-19 11:43:23,"US","PA",,"en-US"
cc699548a07cbd78208d298edde48bfc235496b7,2015-09-15 05:46:27,"IL","TA","en-US","en"
d65d2a8efe5901a1947e7fbe0bf00373f87052b3,2012-01-01 00:00:00,"UA",,"en-US","en-US"
1fb9f3df2cd75c49ec1aa42cd819937bd3ad2a1b,2013-01-10 21:55:38,"US","OH","en-US","en-US"
aa71f96555c972c0a4bf93a032bb1337d72a0dcb,2012-08-06 15:20:37,"GR","I","en-US","en-US"
1836196f8665332eed610f1656a17bc804f55ef0,2012-11-17 18:33:27,"SG","01","en-US","en-US"
93477c20c69ce4d25802cc1816a6937215549ba2,2013-03-25 12:06:16,"US","CA",,"en"
0eb48e8ba3251716709959fc9b0c185fb8ee2f51,2014-03-03 18:25:00,"FR",,,"fr-FR"
99f3ada48a9403df929a37876308308b41183d85,2012-02-26 21:23:39,"CA","BC","en-US","en-US"
bbafa336dfd1f6af15e6cdb8c85e1b755e63a2db,2013-09-19 10:57:16,"TR",,,"en-US"
9f5d363a6ade940c6989329f636fd014c2f681ae,2012-10-11 05:37:21,"BA","BIH","en-US","en-US"
e74eacee0360e2f0b9b21c1ec2fa0459d73b07eb,2013-06-06 02:05:42,"CZ","PL","en-US","cs"
2324d8bd5f5081759a9043e8be13f6ed5c090bda,2014-12-10 18:55:10,"US","CA",,"en-US"
96fea8a0fb1efca601271ca60c3aee135071a271,2015-10-05 19:13:37,"US","NC","en-US","en-US"
31baa7dc19ac6b7fe34f1e5e43b9170b1ada0125,2016-01-18 12:39:21,"IN","TN","en-US","en-US"
dccf3a7e52a2ecd08a34e2788a79c4db339855ec,2013-01-12 20:22:30,"IN","TG","en-US","en-IN"
209ee1a82f9b5309e887c27f4cdf25b194e5dd25,2012-10-07 04:46:42,"GB","ENG","en-US","en-US"
3d04cea0af23b69a0e0d3ae947b86d19352a04a7,2013-01-03 12:07:40,"GR","I","en-US","el-GR"
6e96348bfdc55dd5bba4f48d369a2a79472fb652,2012-04-23 15:43:09,"US","CA","en-US","en-US"
03dbee69c8d134fd255ad4b1311d6850e3877c9c,2013-06-17 02:42:10,"BE",,"en-US","nl-NL"
65e2bc073a15e24da94b6a64fc2d5a5ef09b5c4b,2015-03-12 13:54:13,"SE","AB",,"sv-SE"
7f2024c3b9d07ac85d7421dab71a386959ccfe13,2012-10-01 03:10:25,"UA","30","en-US","en-US"
9766555e3ab95195d95d3c9bb347d5b21bbb1a79,2013-09-08 19:50:24,"US","VA",,"en-US"
58c0bbf9d3c452b39913d07dc2467f77588de21a,2015-06-01 14:03:24,"GB","ENG",,"en-us"
fb4d3b7c94e51fcc33ced5c076a55dc1e400cd07,2012-01-01 00:00:00,"GB","ENG","en-US","en-GB"
fdc05d8c36b0955446df634e16ea060d0482b666,2013-12-01 23:42:42,"US","AZ",,"en-US"
821b212f621a48b0960ee662dd5664d4da0e8ae0,2014-03-22 07:40:37,"EG","C",,"ar"
eb1d4c5a068a06753d9cbac669f48bd3b2e9daa4,2015-11-16 23:56:57,"US","TX","en-US","en-US"
7dea3b2f6f43d0ece08ea41b738509bf6533749a,2014-07-04 07:41:35,"GB","ENG",,"en-US"
757f145ad0a8c40ebc669732d49d9f832dd19132,2015-01-09 15:48:08,"US","AZ","en-US","en-US"
5e9942b41ca4975db3eb86d929bc751ef3ef0ea3,2015-12-09 05:03:54,"US","CA","en-US","en-US"
5723fcb34606f6a37ac9e5df4d15cc901a7f0fdf,2015-01-30 19:13:53,"RU","MOS",,"ru-RU"
96b5e2f7eb2ee4a1111cc501b3dbe32b8e6f1125,2015-08-11 10:19:24,"IL","TA",,"en-GB"
9edfd5bb9260464bc41ae531aca61258cfd7ccaa,2012-07-17 07:47:00,"US","TX","en-US","en-US"
79accfe5fe7bee1ebf6b25308d25e3a64db2a2b2,2012-09-04 16:56:03,"NL","ZH","en-US","en"
1843cf6f918e38997b63def46482a3a8b97d11b8,2012-12-13 03:36:38,"JO","AM","en-US","en-US"
028c5d36d4a3eb204bf2afe587e1b74822cacd23,2014-01-16 09:01:45,"ZA","WC",,"en-US"
5ebad0c8d258608e9fe7c394b27d094a642e4dce,2015-01-24 16:36:36,"BO","B","es-ES","es-ES"
3593a65579063d7c9847fc496a8598278a3020b0,2015-04-01 05:09:55,"US","VA","en-US","en-US"
48755774475689d4adac7e038a34b03c1bdb20bb,2012-11-05 09:56:17,"NL",,"en-US","en-GB"
389f32d5a8bc7ce26c57b3ea23a223bd050024fe,2013-06-19 03:39:56,"RU","MOW","en-US","en-US"
1e6d566cfbaeb3a238926a3a7f506a6f6a0e7a33,2013-12-09 22:24:18,"SA","03",,"en-US"
0ee39cd68a86c1623981e71e05c2fd794ca45988,2014-06-07 18:53:42,"US","HI",,"en-US"
fb2c8ba2aaaa9c1711db4353755743dbd379d179,2012-07-28 04:28:30,"CN","11","en-US","en-us"
28ebb36eabf305a29fa7a0e2e62d2e53dacc5ad7,2013-02-06 07:03:20,"VE","M",,"en-us"
2672f8d47bac8ab6abd34eac03d9308843432f57,2012-05-29 10:07:38,"EG","C",,"en-us"
57205c9ca9f7ebc0cb0b8a309a224018997cb726,2012-01-01 00:00:00,"US","IL","en-US","en-US"
614cbd072ac04b0673505bd9660986d0af34fbd1,2015-07-08 12:20:43,"IT",,,"en"
b1c79acecc9123d7bd4bd3d1744ef3ac8882b3f7,2015-12-02 08:46:01,"GB","WKF","en-GB","en-GB"
3c54cf715ede0748da9207a33b9aa1020f61d1db,2012-05-25 01:05:02,"CH",,"en-US","en-US"
7c46cb2efb2b7ce717c351b05ee79f12c8cbd597,2012-05-24 20:27:09,"US","CT","en-US","en-US"
103b30863af98ec477796f31fe30249dd2787400,2012-05-25 06:32:27,"IL","TA","en-US","en-us"
0611758ffa2738a9b9973b61f89dfbae6655bcb9,2013-08-20 15:10:13,"US","MN","en-US","en-US"
32aa84e4a02debf47c5c970add7564cddd7a261a,2015-05-19 10:55:54,"RO","B",,"en-us"
e86852910012bfa2faa49ea478773ff1a3be927f,2013-01-08 09:17:53,"US","OH",,"en-US"
947d450d406d902327c2a9c8c3ed3c59ae019d7b,2013-10-28 22:56:46,"PE","LMA","en-US","es-41"
803738f9cf48e08a26546756ed7f59830e1c5c3f,2015-08-03 09:44:36,"RU","LEN","en-US","sv-SE"
9d34c6b6281b72322713db72ae043aecea43fc3e,2013-07-15 13:36:12,"BR","SP","pt-BR","pt-BR"
77d53bcef4e9d2e32722972c3e5208070defa5d5,2014-01-30 06:59:08,"TW",,"en-US","zh-TW"
b7d0123a242e78689467108674b0e27cb5f2f34d,2014-11-11 01:41:13,"CN","11",,"zh-CN"
ded6c86d1a6c8ae81d91791662ce2e82ee95e0f8,2015-04-17 07:02:50,"GR","I","en-US","en-GB"
2be6b2f63e8f859171eb076d1014e5366701c0f4,2013-11-04 13:57:34,"IT","VI",,"en-US"
79612e454ab6fbbaf38fab1eac92a51aeeacb267,2014-09-30 12:56:26,"AZ","BA","en-US","en-US"
d96675ba06f69350b845c275c9e11631d6367ce1,2014-12-05 06:27:21,"JP",,,"zh"
3f7055a2330c8c68edd312ad8a251837fb6f3961,2016-01-09 00:41:15,"US","CA","en-US","en-US"
60013271f309814db663b3eebf3693a59edd6626,2016-01-23 15:21:18,"IN","TN","en-US","en-US"
3685a07f1005b4224ce913effcf7cc19ac031934,2014-10-11 22:06:13,"DE","RP",,"en-US"
a28a6e2b9cb503d845a860ac856c652c9cdf906e,2015-09-21 19:42:18,"US","WA","en-US","en"
cb0c174b3b42565a490fd214c4a09ba22934b389,2015-02-06 15:35:21,"HR","21","en-US","en-US"
8324a67b9e2d449dcefe9285d0086adf7735156f,2016-02-22 16:43:40,"CA","ON","en-US","en-us"
94d010f86db9e7b3074678d95ee2fadffbe62155,2012-07-24 23:54:25,"US","CA","en-US","en-US"
46ff37b86aa795f37c76e742ee4e07a565ff6a18,2013-09-16 13:47:59,"US","NY",,"en-US"
46a94eeed5f3a65393970f16ba015abb26b0e48e,2014-05-05 01:52:52,"KR","41",,"ko-KR"
b52316c8ddf1960f4eaaa3a0f81f371a2986ec17,2015-11-29 20:30:09,"RO","B",,"en-US"
54b8cf05b16509ae54ad882f1e27b5be9621483f,2012-06-12 19:12:54,"US","OR",,"en-US"
21b5d33fb9b617464d942430bc52c82e927a1749,2015-02-01 21:27:13,,,"en-US","en-US"
dd890c2b4e7f96fee01a0a9ffe2537cbc7d8b9bb,2015-06-29 18:44:36,"DE","BE",,"it-IT"
873424d8e1cb490d58ed2995af3c0330bb7760d8,2012-03-12 19:47:49,"VN","65","en-US","en-GB"
f0dd9fe2b626b165e762d2e15c07e154664db43a,2015-11-09 09:22:15,"DE","HH","hu-HU","en-GB"
c47967e59da55dbf1c33766a49412288e90ea26e,2012-04-16 18:34:03,"UA","30","en-US","en-US"
c9a0ffa124406e16c7915789601b71de82b64aaf,2012-05-29 01:29:24,"AR","E","en-US","en-US"
afd7d9a6a46c6df446e8e64c1f2f7430f82ac5f7,2013-11-17 14:17:27,"CA",,,"en"
8aa78bb596a9274e0fba2ad4d8134ef8fe3b9fd8,2015-08-29 12:07:41,"US","PA",,"en-US"
c2f428ed27e20c288dacbac3d4f2ea92b2dfdf86,2015-11-13 09:00:10,"SI","061","en-US","en-US"
7a2f0ab568bdb17a1e7c77de03571d60b8883199,2012-12-26 08:11:57,"EG","C","en-US","en-US"
7032ce6d8131811c2033bb39e7ce2f3415738068,2016-01-23 16:23:30,"IN","TN","en-US","en-US"
c2b759be61740d3e0f9131beffcd1b184139ddb2,2015-09-02 15:16:40,"CO","ANT",,"es-41"
e8170f005794f144014f213e6cde1be933412528,2015-10-18 18:40:07,"EG","C","en-US","en-US"
00c33da63a7cf14beb0c8957b39fe482123be41c,2012-07-18 08:49:39,"RU","MOW","en-US","en-US"
178f8dee32620a7eaa900785edf5ab63b2fc3426,2015-06-29 21:00:28,"DE","NW","de-DE","de-DE"
303c1edd75015515356615e356f076f5975e52f0,2012-03-26 18:02:50,"TH","10","en-US","en"
ab73459fdbe70732bb7d15b29ea972cfa4bab8be,2013-04-30 03:53:07,"IT","21",,"en-US"
6b64606ee499ccd9eb6c9f2d4a693e3cafe2625a,2013-09-03 23:16:44,"JP","13",,"en-US"
f30ad2f8ffb5d939c58d028db0bd0e44f6f9febf,2016-05-03 03:58:46,"AU","VIC","en-US","en-US"
b57d4a4f4231a0f11577232f88e9cdc28c068856,2012-09-30 10:05:16,"US","IN","en-US","en-US"
aed688b2c0b8498da1358380f444d618082ae86c,2013-08-12 04:18:09,"MY","14","en-US","en-us"
44ffb6b40685b29c98f0667291b67ff413d2e1b8,2015-03-02 21:36:22,"GB","ENG",,"en-IE"
1cac51549e644cd5f5c82534bbf2c96628d51946,2015-07-06 14:20:40,"PK","SD",,"en-US"
af8910869ea8d7ec07e65ffd0bc24ac9150dbbd6,2015-10-20 16:57:02,"US","CA","en-US","en-US"
cead306457eb09ac568a6f0d6bc68616e1c3b459,2015-12-08 22:40:00,"IN","MH","en-US","en-US"
6dd886af959005ab950002d44bbcd6466f799525,2014-03-29 11:36:41,"ZA","GP",,"en-ZA"
0da4017fc524b16ed8f0ed96454176d23505553a,2014-08-18 18:42:26,"US","GA",,"en-US"
cca39f7e857a1bf01da8be547a18dbab73e66066,2015-09-22 19:55:03,"DE",,"en-US","en-US"
13daf1fe41db110ad5650bfde6c21c11d2f6ea7c,2016-01-27 18:33:25,"RU","MOW","en-US","ru"
a89d9a29ea4682180f492ed87e573463a8ae810a,2014-03-16 17:26:53,"RU","SPE","en-US","en-US"
5633dab4f2f8877c164c628bd2b5b80a4d0bf59c,2015-10-06 08:51:20,"RU","MOW","ru-RU","en-US"
bf73bd6445c8adf836af63ddd97ea9b4b7a4a0e0,2013-03-29 06:21:37,"CL","RM","en-US","es-ES"
419cce2799ca8fef88fa33e27ff5d9c20e42e573,2015-10-01 11:28:04,"GB","STH","en-US","en-GB"
48f824483c1f28d52d39dc9bc546107a9e497379,2014-10-16 13:51:56,"LB","BA","en-US","en-US"
0f3d2157859c5261f7698a028ed3606096e917dc,2012-08-02 04:26:58,"ES","M","en-US","ru-RU"
b6ffd9b9fd7a37db8ff8e1a5047af9f4c552c99c,2013-12-28 13:17:47,"AU","QLD","en-US","en-US"
caa5bf017c9eb3ecf507cf7a2924cd92ac4f6202,2014-08-25 13:18:05,"IN","TN",,"en-US"
30aed64d0960c96ea61c1b0d0f965d31826b1db1,2015-02-16 15:57:57,"US","GA",,"en"
26a5ae7dd0dc5e77a554d3cef4c039a7967111a9,2015-12-29 01:18:57,"PE","LMA","es","es-41"
09d11e71b5970cae5f0825a16005ec99163688c0,2016-06-30 14:12:56,"IN","KA","en-US","en-US"
065c7ccce3ec7578dc099dd5db9c376e63018c57,2013-07-23 13:33:57,"UA","46","en-US","en-us"
447b607910982ca9fc483bf7e557eca3e43fad74,2015-10-07 11:25:25,"DE","BE","en-US","ru-RU"
dba8104298dd502c9ae0f33fb45bc473347b6145,2013-01-05 07:21:55,"GB","ENG","en-US","en-US"
eb797c60bc02c426f98c892e5c2cc35df2deee1b,2015-04-16 01:22:50,"BR","SP",,"pt-BR"
46cacea2f00c295ccb482d6c428772aedc6dd085,2016-02-22 18:03:43,"US","IL","en-US","en-US"
160b799580ac522b4822ef5653f60ac55928a1c1,2012-03-07 03:29:25,"US","MN","en-US","en-US"
1cc6a503e0839ee78a0d561f433ff0983186ef2e,2014-08-20 10:03:22,"MT","56",,"es-ES"
cf39963ccd2f67341edc49785608dca5d4b938b3,2015-08-14 13:45:29,"FR","J","fr-FR","fr-FR"
14a0ec1d9c8518560ffb1692825aabe62e692e39,2012-04-21 00:26:11,"NL","NH","en-US","en-US"
01c033fce8e26c0b3bbdb79db7b457c6fed981d1,2013-01-23 07:31:50,"ZA","GP",,"en-US"
16ba70ef5b04974e1e4ce76dbe70d3f588d185ac,2014-07-14 07:01:34,"BE","BRU",,"en-GB"
0bc013411dffeccb4aff9becac70832facf426d1,2013-12-19 07:46:00,"UA","63","en-US","ru-RU"
4fa8499f8af14268bc74d88ff7818f3ad4a34792,2015-08-12 12:00:03,"RU","KGD","ru-RU","ru-RU"
b5269b9f0b06a87cbaf0eb86608e6e362f09c053,2012-08-27 10:29:48,"US","WA","en-US","en-US"
128772c2f7ab172f041b3b8ece5ca04479adec6d,2013-07-27 04:19:12,"PE","ARE",,"es-41"
2780b9ed010fbf9f6c547b6d41b2b3b099579ebc,2014-03-13 16:23:07,"GB","HRT",,"en-US"
f7a2e368613e86af389b4d76406e0f41464e14a0,2015-01-20 08:50:22,"EG","C","ar-EG","ar"
0e6b973562d06ce0130b4db5d2b5771dc5bcf6f2,2016-01-13 20:07:44,"ES","MD","en-US","es"
1be075e41de282dd75ad4d409fb29abcf3abd736,2012-02-21 19:30:39,"DE",,"en-US","en"
6fe9aa35e7eafc63123ee8cf662d7970e14031a2,2014-02-21 09:04:38,"NG","RI",,"en-US"
87c861bc521ef0a40c9bda19ae0fbeea0d0a1747,2014-07-01 14:36:00,"IL","TA","en-US","en-GB"
c968eddff46339ade9e3d41a0a289b0913125ecd,2016-02-11 19:33:44,"CA","BC","en-US","en-US"
c096954e3e9d4e40201210d84d216f0231a489be,2012-10-14 17:51:30,"HN","FM","en-US","es-ES"
39ca7dff49b6caf10c7b9f045b492f73d5b94b3b,2015-12-02 22:50:12,"CA","NS","en-US","en-GB"
232f3fd54dc495a25bd6bb3022d4908dc1d60683,2016-04-13 21:14:25,"CA","BC","en-GB","en-GB"
652540bc5822bcf9198bbf4a774768ec0d84729c,2012-04-23 16:28:40,"IN","RJ","en-US","en-US"
e31fe14741c5d7cdd7ffc202d52043d4d062b7bd,2013-05-24 10:39:28,"US","CA","en-US","en-US"
4578e03486721eeeccba401e4301734981d4181c,2014-12-28 06:54:42,"KZ",,"ru-RU","ru-RU"
fe947b5116b03b0567368463167a0cc4b80f67a2,2014-05-01 03:20:20,"BR","PR","pt-BR","pt-BR"
159b43d8fa1adc1b60e62e03f0baf33ba457fac3,2015-09-20 11:55:43,"US","MA","en-US","en-US"
29715e8f7340ac3f9865121db4d8b97124a9069a,2012-10-24 12:40:28,"UA","30","en-US","ru"
3081c2b4ba4d7f282561d4ac998726d7b3604694,2013-04-28 18:37:45,"TH","10","en-US","en-US"
daf173beefb39e0a95bc1b974316ec62441aff6e,2015-08-09 03:37:43,"US","CO",,"en-US"
6dbbc8d2e7b7e93cd86b1de6a8b443939f9417fa,2015-09-22 16:32:03,"GB","ENG","en-GB","en-GB"
ea92f5358a358a5e19f8ad87e4953c68a9e31f1b,2012-04-23 16:01:39,"SG","01","en-US","en-GB"
46994e97b33efde04387671ecc1c671583e7df51,2014-10-08 11:02:54,"DE","HE",,"en-US"
89609934d53403acd631b10afbdce778a1ac8c56,2012-05-30 22:18:31,"BR","SP","en-US","pt-BR"
8e3ef4534d360256f5cf798297db38fa6341c149,2012-08-02 05:07:16,"GB",,"en-US","en-us"
19fb44e295f7659b87e6b4dd25c8f045be19cc40,2014-09-19 01:12:01,"SG","01",,"en"
448da4a83d12e062f0a26182b0625472b33318d4,2015-10-04 22:14:42,"SV","SS","es-ES","es"
ca7de99ce566abe0ee4b427e163da538d47a51fb,2015-10-12 19:52:51,"US","CA","en-US","en-US"
b02d8840a20f285fec1d1c9cbf80481497fb0dd6,2012-05-22 12:24:39,"BO","B","en-US","es-ES"
97b6fa2efe47436f63c0db7738ce2c69fbbedcef,2013-06-03 14:36:52,"US","TX","en-US","en-US"
33b51c1cad10e75334f692536d359c7c44bb9089,2014-06-01 17:17:00,"CA","QC","en-US","en-US"
f8cadaaeea66885d12ed2b53994c859769cfddb8,2015-09-11 14:29:54,"VE","A","es-ES","en-us"
7e410e925e0f96a78191c45e285c64710b3c9561,2016-02-01 08:20:38,"UA",,"en-GB","nl"
bdab6eff3785e64656c168eaf4a786beb2485030,2012-02-21 08:50:52,"GB","LCE","en-US","en-GB"
1c9d18f62383dd452fda9ffb7a5d1ba07b0207d6,2016-02-05 22:44:08,"US","VA","en-US","en-US"
2db41a729996aa8659656456ebb567dad4dbc0ba,2015-09-25 12:22:10,"US","TX","en-US","en-US"
a2b3b8b23ccd1d09674874bee148368321e38ace,2013-02-01 22:54:12,"CA","BC","en-US","es-ES"
02b1d15e1376bb0ef25e693d87780c107bf4c9c2,2012-03-04 19:57:06,"IN","KA","en-US","en-US"
35895bac97760224613bdd6ebf6e91762c83e6e2,2013-07-17 14:50:37,"VE","S","en-US","es"
5ce2c7ef0c2630e2d41b2615b4084de92595d187,2012-02-20 14:42:41,"US","CA","en-US","ar"
0528cbde9586b9e7a458cc489ed5b44eccb9366c,2013-05-01 08:40:06,"GB","ENG","en-US","en-US"
04b1c07cc599f16f81f3b8a615be3bde2544a756,2015-02-20 17:36:43,"EG","C",,"en-US"
7afa5a5ff42b0651c1441ef680b1e7abda9694bf,2014-05-12 13:42:20,"US","FL","en-US","en-US"
995b51c547f171a9df4b975bfa2794dde1503604,2015-10-04 16:24:44,"ES",,"es-ES",
a0a13bdcc7b54b36b4e38c91591fc308a1a3cde3,2012-03-07 14:35:36,"NL","UT","en-US","en-US"
ad0a01c98b540dcbd2627263db42900b9a6bb43f,2012-03-20 14:46:49,"IN","KA","en-US","en-US"
2b60abdb9e462a7e919a0a157b1883de87b5afaa,2012-04-23 19:10:04,"US","CT","en-US","en-US"
26c7b409d1abcd33222a5bda06b0cb8ae0d2af31,2012-06-01 13:09:30,"ZA","WC",,"en-US"
da432b5507dc1138ed35a2b5f8d2dc3257a40f16,2012-01-01 00:00:00,"US","ME","en-US","en-US"
f0a460ac6bdfaaa2109a6c63dba4c6c17b5b582c,2014-08-19 13:58:10,"IN","GJ","en-US","en-GB"
8907b78089b124bcde3758c7a61790841c59f8f4,2016-01-27 22:56:26,"CA","BC","en-US","en-US"
46b94bac585bc4b5589c2d657b5a16cc9d516108,2012-07-12 19:13:54,"CH","ZH",,"en"
d586439f377bcbe03e6b5b21aabe2520bf5b3dd6,2013-06-03 00:12:19,"LB","BA","en-US","en-US"
86d2160344cc09988fb7f7b5984f36247fcb786b,2015-08-25 23:20:36,"DE","BW",,"pt-PT"
f17e47f89d99e3f921032249145d3eb9151203c0,2015-09-18 07:23:43,"IE","L","en-US","en-US"
b433588633b56a3c3070f310754af809848933c5,2016-01-26 14:59:09,"US","WI","en-US","en-US"
314f0d627905930c6128f682316d48aad7000792,2012-06-11 21:39:31,"IT",,"en-US","en"
308899ec7f1d9556c49da2b6189df0661f953d8b,2013-10-12 16:11:45,"HU","FE",,"en-GB"
b78f2c3f5d36898a5d73314bb2f4798602a104a8,2015-12-08 02:20:59,"US","WA","en-US","en-US"
