ualberta_user_id,course_grade_ts,course_grade_verified
00107734d038767fcd1e88b6e173f475545b5017,06-Feb-2016,0.874976
0035f810529cc356d016ac5697bed2b776a53b0e,30-Mar-2016,0.923371
003ac03d93c61a76a0a59c5aad904f525c096dc5,04-Feb-2016,0.0875
0082b03b07d3692d0a78f1b784fbb9b86b1abafd,26-Jan-2016,0.870455
00c33da63a7cf14beb0c8957b39fe482123be41c,24-Feb-2016,0.872159
00c83fb450c957334d91267a735130c5638ea25c,16-Mar-2016,0.875
0159d1bc7495bbdd6237863ae2c7f0d3753866bb,08-Feb-2016,0.899583
018639e6c9b5d8d4c48d480e101d43733bb8a99f,17-Feb-2016,0.902917
018942c06b713255e1fd05938a01b91e0baf3acc,01-Feb-2016,0.290909
01a4cefa07c1ddf1f81dbeacc498b6635b8d96a7,05-Feb-2016,0.9875
01bc70d5026d3bfb9eb2c1b4556b2943cac6cba4,05-May-2016,0.3
01c033fce8e26c0b3bbdb79db7b457c6fed981d1,24-Jan-2016,0.975
01c523e99f1182003280cdcce5bc4daf3f3cc694,06-Jan-2016,0
01e05ed110e60e0cac67f267987414f0f7dceca7,30-Jan-2016,0.901838
01ff8797841225ea4c1312bc0d051cd9cca2b0ef,14-Mar-2016,0.1
027d68dc2138533e2241bf39ee6ca76bbca0a39c,25-Jan-2016,0.988788
028c5d36d4a3eb204bf2afe587e1b74822cacd23,06-Feb-2016,0.878409
028f18bbf8cad0a286031c8cae4b53b24ba4967b,12-Mar-2016,1
02b1d15e1376bb0ef25e693d87780c107bf4c9c2,11-Feb-2016,0.891705
0313e94ec9e1db13d40120da49afeda7f6ae1575,31-Jan-2016,0.928409
03278679a55642fb2607b90d0883ab06c670e1ca,16-Feb-2016,0.955833
034f36ebd980912aae22b766c52078a0fd754221,28-Jan-2016,0.859659
039e59a33e98a672a6fd7c2d9a4ee0d6ab7de68d,01-Feb-2016,0.94375
03dbee69c8d134fd255ad4b1311d6850e3877c9c,29-Mar-2016,0.920455
03e05e4bb08bad7a24e774f8c8f7c656695db0e5,08-May-2016,0.175
0406926c4302db4902bb9e55c60483da470af428,20-Feb-2016,0.954621
041714c39cd29199f17de832cad1d8558e0e3f6f,22-Feb-2016,0.892513
043e2d8ee5966d22f55b378794b37aa345cbf031,06-Feb-2016,0.875836
0451d67297bf2325cf9e028126d276a9559d1d38,28-Jan-2016,0.889205
048ac1f672948894b4c00751215c23bfbc150355,26-Jan-2016,0.225
04b1c07cc599f16f81f3b8a615be3bde2544a756,21-Feb-2016,0.932955
0504ffc9df3eee3c52efdea9dcc5fb0aa1c6061c,08-Feb-2016,0.948371
0528cbde9586b9e7a458cc489ed5b44eccb9366c,27-Jan-2016,0.988788
05649c195dad1e9d0d4efdd2e4a6ec77a3558320,10-Feb-2016,0.857614
057631466ff9b6b7b8f6ee75daedb83ca58da2cf,28-Apr-2016,0.997059
05794d89810aa6195d18e322606a2f733ad407a8,01-Feb-2016,0
057fcc8e5f91f7bf452c926326d654eb3082f61e,09-Apr-2016,0
05936a41f0fbd6d188872cff7ea5aef150c1698e,16-Jan-2016,0.125
05c2d294890b6a763cba7af1033a5dde4f1809fe,02-May-2016,0.275
05ecc507c9297cbfb1bc32375414b810e02153d3,25-Jan-2016,0.255909
0611758ffa2738a9b9973b61f89dfbae6655bcb9,11-Feb-2016,0.836239
062f1c87c42a21367d7260454c0716f54060d7b4,17-Jan-2016,0
0633fd53b8f8a476d0853593f2d9dd4e4b718662,04-Feb-2016,0.881693
065c25dac46e28e50c851d336e7363902738a8f8,21-Jan-2016,0.9875
065c7ccce3ec7578dc099dd5db9c376e63018c57,13-Apr-2016,0.888788
067122811942ae2b95daf9950498b5271222df30,09-Jan-2016,0.9625
06dab4f5250321c99a0a60920c273b27e2342f73,22-Mar-2016,0.926938
070be74484df9ba1ca612618c7b6f68c807ac339,19-Jan-2016,0.90625
070cbdfcfe7502abf2a9a8df7b7ae2f8b95496c6,28-Feb-2016,0.993725
072bdb455307368502c629f1afd22930b4359aad,22-Jan-2016,0.9625
0798349e849c3f3f7c41110c8c4c739475bff617,16-Jan-2016,0.35
07ef62ef004260e06eabf890d51ea3bc930bf78c,06-Mar-2016,0.03
0841581c589cb82113965ba5cfbe55240ee068a7,14-Jan-2016,0.263788
0844e2e983125a134585aa54aa22e4dc46ccdd83,01-May-2016,0.280833
08e90e07793169a6227e06abf3b3ea72da4475ff,06-Feb-2016,0.9
0904353f923e4fd8f0eab1f7e34ea9c5a0ddd7cd,25-Jan-2016,0.984635
094715b15074bdc096a74141ad4f153dd89d3205,17-Feb-2016,0.965
097ebfc7e8cc053c9dc0c45548e5e968df6735b5,04-Feb-2016,0
098bcf62d35c28e834cfc38bf55106945affc400,11-Feb-2016,0.809586
09c46458740d2198c90c41e587e049468040d3d8,21-Feb-2016,0.98918
09ca3a7ce6c8f3b78891eac58774e5464b460b04,06-Feb-2016,0.9125
0a107bf86cfbae1733a6828ab854f4116c7ea908,19-Jan-2016,0.89
0a6940a5e7b9b6013f7d01f5c7697effc0fe31bb,08-Feb-2016,1
0abe80d721e40b8f8c7a2b54c832d371a18e5531,21-Jan-2016,0
0ac5ca6ce3a19162f86e240126ce49b95cae25f1,10-Jan-2016,0
0b7e79fb16e2c916ace1c3ebf0e862a3fd12bf18,05-Feb-2016,0.990909
0bc013411dffeccb4aff9becac70832facf426d1,06-Feb-2016,0.9
0bc34ffd854469b25b048a79bd827d10e798bcb2,19-Mar-2016,1
0be05f8892a949396ec469fc81d74c2d95aadd19,10-Feb-2016,0.91875
0be2e5fe18bd4c9391a4c024d69ac623ff8edd53,30-Jan-2016,0.939439
0c1904027fe7200280a45cead15a119804ec2870,27-Feb-2016,0.1625
0c43115f5365d612861425699401ffc22a69f5d4,16-Feb-2016,0.75168
0c46862ef304ab00c1aeaa19f4f7ef8e09c3a68e,28-Apr-2016,0.995455
0c508e409ca7147bd116553eb90ac01738daf8da,27-Apr-2016,0.1375
0ca94b35bf873b73e936f98e94168825f00f8320,06-Feb-2016,0.868801
0cb15388b4f6267a1c0ffa9cb7149d87b0719221,25-Jan-2016,0.752917
0cb34555dbded9eed88c2d5a94cfcb5bdda283d5,01-May-2016,0.2
0ce425f0c23c52e3c1983297e554995a2ca2c084,06-Feb-2016,0.909635
0d010844b8538669d0ec7daa57f9b391fc1b400a,27-Feb-2016,0.904572
0d21c88b38496cd5a3ae9da33a47a7b4dc62b061,23-Feb-2016,0.8625
0d2d9a300eeb25b52ea36fcb2bdfdcc7e23b395b,09-Jan-2016,0.959091
0d6a2aef918961608dd7986c1a26de5cc05465d5,07-Jan-2016,0.15
0da27e4c98fbfe434f4899e69fbe034a58277ec8,25-Jan-2016,0.980013
0da4017fc524b16ed8f0ed96454176d23505553a,31-Jan-2016,0.851263
0de7315e662bf27ec542bcb731be16350e2f6a19,31-Jan-2016,0.975619
0e1f2e3870b029cfaaec65b42da1e9ead061747a,10-Apr-2016,0.806718
0e6b973562d06ce0130b4db5d2b5771dc5bcf6f2,28-Apr-2016,0.420455
0e7c315ceeb6684775ab364abb527b4de8d5be6e,22-Feb-2016,0.839156
0eb48e8ba3251716709959fc9b0c185fb8ee2f51,15-Mar-2016,0.929621
0ee06227373bea4efdb07df5e900c81bcc8c1b82,03-Mar-2016,0.15
0ee39cd68a86c1623981e71e05c2fd794ca45988,07-Apr-2016,0.843333
0ef9559608f40ff3c2ae9a9231c5be402b96aed9,04-Feb-2016,0.845196
0efd20d7ae1b3e382f39ef8d096169700ae2bd81,31-Jan-2016,0.9125
0f1ea185974a54781c323e7135c0bcf56c1d6cf9,26-Apr-2016,0.075
0f3d2157859c5261f7698a028ed3606096e917dc,31-Jan-2016,0.9
0f86b39195ecdfcd1eff19702160e920e44be238,05-Feb-2016,0.831067
0f88dd4d2a4b5d0aa8306fab11e32618ed00f6b6,21-Feb-2016,0
103380ad379b48d2d194ab8786750ca327210d31,16-Mar-2016,0
103b30863af98ec477796f31fe30249dd2787400,13-Feb-2016,0.995455
10779ea9f28611fe65d7d5608613f813eb95478e,07-Feb-2016,0
10ed887b817a39095c90d9e4119d056e0c31ce27,15-Feb-2016,0.882489
10f3ba370c1c7474a1ae51526d886429cadad667,01-Feb-2016,0.434559
1111c72e9f3cee56628f7b3d7a97e4a358f350d2,31-Jan-2016,0.862843
11132d7a81620ee3a8313593903b901a324cff79,30-Jan-2016,0.810847
113729b22ad3153e17a184301ceeb9253ad66205,04-Mar-2016,1
1137ff9c72b47bb9aea5771b58d15ea42a58d401,08-Jan-2016,0.880013
118f9d991000d7aa7d33b75ebb061abd0bb4ed98,07-Feb-2016,0.893309
11b23c0359bfacfe98cdccb6d228bdf1df86ba04,07-Jan-2016,0.1
11b73e5d3c7c86fd546aac99294950edac1895b8,01-Feb-2016,0.920455
11fba5fd1aa32d27bd911cec14913a0653bb2d78,23-Jan-2016,0.980227
11fe6eccb2204364a469ebee95d2f1709b9c3bbd,03-May-2016,1
123162a5e5754d704d7a4a2e232993037a378f4e,14-Feb-2016,0.3
128772c2f7ab172f041b3b8ece5ca04479adec6d,16-Jan-2016,0.956718
12a6381afc9de1cac072a63ee533f345863ca092,09-Feb-2016,0.275
12b97540b00398693cd696f316df2144f0cbf5a7,15-Mar-2016,0.860871
12bbb3ec5331370b2edb7d078da8b22f130785c0,17-Apr-2016,0.954621
12c028b1d10a77bbd8375a1da5da6b183c8e566c,27-Jan-2016,0.66875
131662921f1059822a4d59d30e0c335019bb724d,31-Jan-2016,0.852048
13361fc765d4f80b63be026429c8e34456d9a0a5,23-Mar-2016,0.075
137937d02c8d10f08b0330484ecc8b5e6dedf84f,03-Feb-2016,0.892513
13daf1fe41db110ad5650bfde6c21c11d2f6ea7c,03-May-2016,0.945038
13e80433f91f1934e329f99789b5d623147ef695,08-May-2016,0.1
14281d717189c4d2a9f712cbc7b4d3abd851b852,26-Jan-2016,0
142a283e1bc6a30a1e5afcbfef01b8d18952177f,20-Mar-2016,0.845455
145dbdeaad4d1af363a571501c86d226e750ba0a,10-Feb-2016,0.852917
14a0ec1d9c8518560ffb1692825aabe62e692e39,20-Mar-2016,0.910871
14f883797a3532750263c6e6019a62f5ee9fa23a,17-Apr-2016,0.951263
14fed1b2f297c83a1bba57a46cbcfacde3a4ae1a,17-Jan-2016,0.973347
153937de4e47a90eb5816aa1666cc0fc9b8bb277,14-Jan-2016,0.879779
157daf6d31bd29fe8f111092e0541d6c88e16c4a,24-Jan-2016,0.1625
1592f49e259f9388dd7b05cecc9c51fb672fc9ff,10-Jan-2016,0
159b43d8fa1adc1b60e62e03f0baf33ba457fac3,16-Feb-2016,0.90625
15bb93867552e638b8dca7ee196f3f0c3d3ec56b,11-Mar-2016,0.793284
160b799580ac522b4822ef5653f60ac55928a1c1,29-Feb-2016,0.975
161180ef47c15081cb2e3fa4916b9f4a7f2fb875,09-Jan-2016,0.0875
161a2e3b5566a5226481c3a25e1098dcbc41bb41,22-Apr-2016,0.882538
163089ed054793003b76588bc3b59f8084df16d5,17-Jan-2016,0.992121
1643f685476d5566fa17600c62be3a8b3adba2a5,11-Mar-2016,0.1625
1667e33f58562f712e5c7b451e616b856fdc1921,23-Apr-2016,0.88125
169a240ba54759c4dde850962097cbde327d85fb,18-Jan-2016,0.985227
16ba70ef5b04974e1e4ce76dbe70d3f588d185ac,27-Jan-2016,0.93125
16fcba485b4b6d98227d25f3593d8694b4500385,19-Jan-2016,0.89238
174862003d1a951de6795fbdf93813c92e79bf39,04-Feb-2016,0.902917
176d33166323e81a887402e093995de9daa5be86,01-Mar-2016,0.108333
17786ed0a327e0dd8f0431ed1377081c81236b9e,06-Feb-2016,0.873347
178f8dee32620a7eaa900785edf5ab63b2fc3426,27-Mar-2016,0.995455
179e93f562cf6ca29c0c7a55bff0fea90ce05405,16-Mar-2016,0.902917
17b9ac8b5fcd099132e4c57c6c7d2787e313b55f,06-Apr-2016,0.923284
17d8eea231b6c162b850971ec1f1a5b5abcfb9b7,17-Mar-2016,0.830909
17eba5e5e03d3be9520bbcdb6065174705f1f755,13-Jan-2016,0.0433333
18a18552391378250f3922e25804483239825d19,03-Mar-2016,0.8625
18a5e436827ee9f5793b783970e8efe56c01c10c,18-Jan-2016,0.793801
18de5225219b4ce94a46138060c427224e0c4e43,25-Feb-2016,0.1625
18f24d6c9b03abe809b501c0f2d01e6465111c78,13-Apr-2016,0.259242
1903d5f2c5f0f545147b3256ab0f7bf65f844e44,21-Mar-2016,0.15
190a30643195201b152990a9bb0a431d2c1b020c,03-Apr-2016,0.909167
1940f9060dec70e97fd10ae17882321ecf315f09,22-Jan-2016,0.95
1981f4c6d10c709b716e70e56f0632fb70cbba49,12-Feb-2016,0.3875
1983d862fb90d76a326a47a2fdb07a130a1afd26,29-Feb-2016,0.7625
19c54bc7a5fedc0f85c4f54440acb39102fe7ac4,08-May-2016,0.520089
1a0c4b933da0fd41aaaabd3aabb243afaf822022,27-Jan-2016,0.890492
1a40d5ccde11d4502e71f8495b0697fea212a716,22-Jan-2016,0.25
1a65cfb354dae36be5e6232459202356d12824d4,14-Feb-2016,0.925
1a70862e45b8f46d45301919c3effd07b2b62362,06-Feb-2016,0.892614
1a73b02b19b4bc192942757f3bd1b120a7651594,15-Apr-2016,0
1ab3135b43d2515afc7f375a4aea8e8670ceb526,03-Feb-2016,0.848409
1aea387a151766b404c6151d757e9ae926d9ad8f,08-Feb-2016,0.990909
1b2c495a997e521d6f8d826e4b8b7781d2cc02c5,29-Jan-2016,0.05
1bc258fd316aa640575b58e9e5f01d61fe9d9910,13-Mar-2016,0
1bcd9020899ceeb91c7355f90c182df6290779c7,27-Feb-2016,0.853284
1be075e41de282dd75ad4d409fb29abcf3abd736,31-Jan-2016,0.9875
1bfde91116fdf3588dd8b0f5dc4f90bacb49a359,06-Feb-2016,0.887451
1c2baf0a1cd8840fcabbd37dc989eb15c7bdf7b2,06-Feb-2016,0
1c2cfb813a39d4ed1a0de0a61ce531b2a4549e3c,31-Mar-2016,0
1c9d18f62383dd452fda9ffb7a5d1ba07b0207d6,03-Apr-2016,0.421667
1cac51549e644cd5f5c82534bbf2c96628d51946,31-Jan-2016,0.871667
1cc6a503e0839ee78a0d561f433ff0983186ef2e,05-Feb-2016,0.975
1cc9abb9186ddea6ffe764796e6137db4cc48279,23-Apr-2016,0.15
1ce4aa005d2efabcd7f7b9671bd29b351090e0d5,20-Jan-2016,0
1d037805606cbd221bfc16e948dc64660d37306a,07-Feb-2016,0.928309
1d069515b7219c7d11f2a4138e544e18dc92aa9b,09-Jan-2016,0.145455
1d3f29bbcd8c710d3f6506b4bfd71c999c498187,22-Mar-2016,0.995455
1d5d527588b4695ab9a1099a9f02db43bb270eb3,15-Jan-2016,0.0625
1daa6857e85deecd65e77d442cdbda243e9d8783,18-Mar-2016,0
1db087649259343ebe603448503a62d88770a4aa,07-Feb-2016,0.751023
1deeaefeaefd90b70f0d869050555120d0a64849,31-Jan-2016,1
1def110a668d9546dd4409b99413ad485cb35c77,04-May-2016,0.852992
1e1a0d1796dbb755600a0f5b64f72569ffd46b28,08-Mar-2016,0.0125
1e2c25e0847725fb54d05b78ffb15004aea5f0b3,15-Mar-2016,0
1e3e683601d0e7bc185af4e40f97b8446182e5ac,16-Jan-2016,0.136667
1e5fe5f925deb014a0c966e445ba4de812687dac,29-Jan-2016,1
1e6d566cfbaeb3a238926a3a7f506a6f6a0e7a33,21-Jan-2016,0.980013
1e87ca905b9467a0fee56d547459fd3c8a353dd1,11-Jan-2016,0.1
1ea7d41be0b3ffd7a73ec00edbb60e77691a3a9c,19-Apr-2016,0.075
1ecbbd9d018e19dfc44be7f5a0d454f9de0fdf86,04-Feb-2016,0.972059
1ef1ac70ef1502a06c7784f3998f972ff57114e7,14-Feb-2016,0.271667
1f2a2e9b0487503d856e318f8763941d609e6c48,03-Mar-2016,0.876705
1f636b613e0a30252fca20eaf6c11b664042ebb6,19-Jan-2016,0.1275
1ff040a2342b689392cf3bc6c00ac5808512c2a2,29-Feb-2016,0.995455
207b04ea0b5b37bbe56093ba61d235096d9141f4,16-Apr-2016,0.826705
208bb896d9eab0f9dd427d457bbaa5ab972b3797,17-Mar-2016,0.1625
209a6a660e160c4195e9888870a72c1396b0430c,18-Feb-2016,0
209ee1a82f9b5309e887c27f4cdf25b194e5dd25,25-Jan-2016,0.909559
214c5ff01e968cca40dcac33879cfbc9a701aa4d,10-Feb-2016,0.640809
215e5c6480cdf58510126455f2b37ffbd863aa1c,09-Jan-2016,0
219a47acda1104d6a9aa957f96c974ee4f77afb0,05-Feb-2016,0.970455
21b5d33fb9b617464d942430bc52c82e927a1749,30-Jan-2016,0.90125
21c95e3a74729bbe00541f5a29d439cdfe6179a7,06-Feb-2016,0.2125
2287426d4b4aca44b769dc6c6882db09d64e9949,07-Feb-2016,0.921667
22d843c46ba58094ebc0979c8929b8cfb2dce67d,16-Feb-2016,0.797955
22db525d19c40109e5937f27f0db64b78177e765,01-Feb-2016,0.893182
2321b9f9c812aa9fac7a81cb742954078d9bc35f,10-Apr-2016,0.1
2324d8bd5f5081759a9043e8be13f6ed5c090bda,01-May-2016,0.973347
232f3fd54dc495a25bd6bb3022d4908dc1d60683,06-May-2016,0.88125
2337ff75fbb7bb5f772a571121b0979dcb842e37,06-Jan-2016,1
235d61eb52fd81c8f53efbe4c9b504eb70b3b23c,06-May-2016,0.2
23a2a3a6b9cacf54966867d91a0329bf8faa624e,09-Jan-2016,0
23dd6cf762b14f19f309d381db20bde8ab4f65b4,13-Feb-2016,0.04
2400af515794929e2e1ec5559165a4eb153114ef,11-Feb-2016,0.955909
24643136031f32552c719eddcacb73adeccfb572,21-Jan-2016,0.907955
246c118f2dc56a8cf851a7abfeef8bd4512914f4,12-Jan-2016,0
2470061b7cbb39be3c9031f7a28ffbdee5c48607,11-Jan-2016,0
24781847425a7ef44aa989e55d70bfac72dc2100,21-Jan-2016,0.134167
249115216d3de8b6a79075c5ef3055f53d2ba5e9,22-Jan-2016,0
24a6c365c1138d77d91ec4773fe9d41314765b19,07-Feb-2016,0.64553
24f7325dffd4c9bbfcdc3efbe59b5588ddc11230,19-Feb-2016,0.855833
250e2894d69a92ea99ac742d4692f6ec7161756f,16-Mar-2016,0.957286
252350153c89bca1057570f948125cf67ef83cd9,08-May-2016,0.2
253f6ad1fd447f7bb6f701cc87b6244e8d27a0e6,28-Jan-2016,0.872059
254f78a6f8b15285121141a81ee08c18d1c90fce,26-Jan-2016,1
2559653f44f3a0cf02e4ddc1e35aa15681f5fdd9,14-Jan-2016,0
258ab291cb315e91b9060fd3497d077baaecdaa1,23-Jan-2016,0
25a4cae51f0aa4fb5caa3524a714addb63c19986,31-Jan-2016,0.9875
26060cd77f02bfdf1fbaec0be4f0fd9d0bdbd14c,28-Jan-2016,0.934559
2629c04b66b8fbf0c5f5955e9df5e6dceb00c5e4,04-Jan-2016,0.0875
264779a531078ecf6606d41e36d6f496573fa231,26-Apr-2016,0.178333
2672f8d47bac8ab6abd34eac03d9308843432f57,07-Feb-2016,0.946667
268f170d4ae5c1ee7796f83b05287fef7a7deadb,10-Jan-2016,0.841176
2690caa284678aed749a8b3016b34df179abf267,03-Feb-2016,0.878409
26aa3d29be7226d9296505ffa510e1a722f35d34,19-Jan-2016,0
26c1d7dd74c2674ce793fbae873a3487ad1da187,30-Mar-2016,0.942464
26c7b409d1abcd33222a5bda06b0cb8ae0d2af31,14-Mar-2016,0.982955
26d218d6ee33846c7937fe8389fad2e99e553e7f,26-Jan-2016,0
26e175687ab992d0cb9f0b08ce48f416a6eecfb3,10-Jan-2016,0.133333
26e34996dfafcf2d4600913bcbe40341827de503,21-Feb-2016,0.14
270a9cff7e43b512c24eb9f3fba4ac6d8d5ed93d,18-Jan-2016,0
271b016379521ac0bfe888c7d275e12592b0e184,30-Jan-2016,0.958788
274dfce33cb1566d32cd6e57385522ac4455a049,06-May-2016,0.351288
276314ccc40f7460a1ab931be65f187d5dcc0005,20-Jan-2016,0.825
2763abe8cfe44293963ba7f41e9e939e1a1bbbc7,23-Apr-2016,0.938788
2768d4774d84d81d069a191c951d7353fa1cf8c5,08-Feb-2016,0.85326
277c4c663bcfbbf7be681f3df395838cec102e35,31-Jan-2016,0
2780b9ed010fbf9f6c547b6d41b2b3b099579ebc,06-Feb-2016,0.892121
27b0faa26b67ed23f8d642abea565d8788596978,30-Jan-2016,0.895013
27cc974f5e434666946f292d59099b017eb0735d,02-Mar-2016,0.848371
27d56d20a36e5133b485bd4d08c0e77022b729d7,27-Jan-2016,0.9775
27dd908fd7c09a27524e1b5b1cafce60b0c37295,20-Feb-2016,0
28348edaa2c3255593bf39df0c7079a22722d5ee,07-May-2016,0.445455
28521a36a073c6aac281eeb941fcae1faa33070d,24-Mar-2016,0.907955
285e5b8f05b382aab0a74e991f9e3a2b78b41531,14-Apr-2016,0.929621
288735ebb43dcfad1db7e7705973deaa1da10853,20-Jan-2016,0
28c74bab755346a2d73a44bab3a6c6ce5ca802ad,19-Feb-2016,0.313636
28f08d99d835100944d4959af1c6bc201f875533,24-Jan-2016,0
291c0782a77e7cb5b218766b92e773dfcd816e07,03-Feb-2016,0.271667
292bb77f88e9e2e02bede607af6fef32b40508b6,10-Jan-2016,0.997059
2938e51000971692c74c00e32054737717628d88,29-Mar-2016,0.867121
29715e8f7340ac3f9865121db4d8b97124a9069a,09-Jan-2016,1
298535fe917572d13e38c6636193e9684ef0fbba,17-Apr-2016,0.24
29a8daab9a515e7c0190a6e676f0ed1b04cf3c84,28-Jan-2016,0.0883333
29d52b9f07097d62c65b931b638fefaa1903784a,30-Jan-2016,0.975468
29d8d4ec19470228c5b9770820c3dc60644c6c93,14-Mar-2016,0.1
29dd01def89beed3c85d23b15661141cbedf4af8,18-Mar-2016,0.945455
29e1ada5b5e82b96a9b44e1ee0cf1927692ee7a4,01-Feb-2016,1
2a04b255fd5955db3707ed099d0f6265d70e0d0f,24-Jan-2016,0
2a3da1cb50681ccb2e4c81a596b1a5802c0ebdd3,18-Apr-2016,0.962083
2abd343780b17a7dd4dba4cefda8cb5379d9226d,28-Apr-2016,0.9625
2ac9eafcb100cb1d2a7bec854625ff4c3d232b5c,17-Jan-2016,0
2adb9a4ba24d51b7a98a517101af13d4c0a2593a,29-Jan-2016,0.134167
2b1ab3529d934caf903831725a3b2d59f7b31972,19-Mar-2016,0.2875
2b27d1976dc98bd928aefd225366d8472c30d140,29-Jan-2016,0
2b3a1936f413a597656aa035b05f869614ad3c2b,05-Feb-2016,0.819621
2b60abdb9e462a7e919a0a157b1883de87b5afaa,03-Feb-2016,0.890909
2b75ca92878f940cc7418d90f1618e8bec429feb,15-Mar-2016,0.815909
2be6b2f63e8f859171eb076d1014e5366701c0f4,16-Mar-2016,0.840417
2c2febf152d7c5e865cafcc82664885280747e78,31-Jan-2016,0.1375
2c666846f8681c798dee48867d6ae9912bf90972,28-Jan-2016,0.955013
2cacdf35f9688dc4ad92163e950a787ee0fc5bf0,07-Feb-2016,1
2cc9ce58c530476286b79af9209ebe110d65c0d2,13-Feb-2016,0
2cccee7343a8b23c15bbf55e3556f9bc4f8620d3,28-Feb-2016,0.865909
2cdf3f3bf332e96db0a179fd9b00199d2e612cea,05-Feb-2016,0.1
2d349d936c6e1f075b4e2bbc336a7b50031d579d,16-Jan-2016,0.278409
2d3c50c0573cc2e3501803c6bf8508e76fdd8da1,23-Feb-2016,0.956226
2d74a962169b10febd940e6edeea671fc4c3d11e,31-Jan-2016,0.910227
2d760b03801b0fe08a6a1d3330a5c78b4dbb9d92,24-Jan-2016,0
2d7c424d87fee0bd914ce746efb4e1538f100f0a,07-Feb-2016,0.934167
2d8672ddaeddd1c0714b9df09cbfa2e4a2bffd74,29-Feb-2016,0.815
2d985fc956614ab2c7260630196e067504a0b9cc,05-Jan-2016,0
2db41a729996aa8659656456ebb567dad4dbc0ba,08-Feb-2016,0.862576
2dd23f86c9f3cf714aa9801f53901f9ba05a290b,04-Feb-2016,0.898371
2de159a58404f91b48c7cfb76c57f5212536f25c,27-Jan-2016,0.143333
2e4ba1ecde1e67e2dca2296e2f877c0c2aa06716,09-Jan-2016,1
2ee01fe6875d4c1b35828cfc5a0d894a6ba231e8,28-Jan-2016,0.976705
2f738bfd24f6f0629773bf651d3cdd19c2c00a26,30-Jan-2016,0
2f843548b37c77cb98becc0cbb4278e656cfd05a,08-Apr-2016,0
2fa0ee1dc40f5fa29d4fdc45cab85ce2233646d9,12-Jan-2016,0.84375
2fbc73e557a7ad2e46439804697e4897a1fd3cbd,30-Jan-2016,0
2fbec18a273908e123b4b0ff7a942478c32c1bb9,10-Jan-2016,1
2fc3136ef128835e9449a05e758ff53ee842c41c,08-Feb-2016,0.79625
2fcfbf5f94c007b5c5ba17ddde1d714747128347,08-Feb-2016,0.969118
3027408ec86120ca5752d1a79b7d1e906b29f136,17-Jan-2016,0.0875
303c1edd75015515356615e356f076f5975e52f0,28-Jan-2016,1
308899ec7f1d9556c49da2b6189df0661f953d8b,27-Jan-2016,0.90625
308cd969a12fc5cbda2cf42c61a129ad4806a55b,07-May-2016,0.235455
30aed64d0960c96ea61c1b0d0f965d31826b1db1,05-Feb-2016,0.90875
30b7b251bd827880529a1ba4a37bc4486ecb4018,31-Jan-2016,0.859559
30d93389f10b1cc9da77385ddaa5314e7c34ec77,17-Jan-2016,0.075
310a4ec5a71995e0439a0e55d1afd98d43d02be1,10-Jan-2016,0
314f0d627905930c6128f682316d48aad7000792,30-Jan-2016,1
3152c961b4fcf7ab8e6447f94b078c06b56cdf59,03-May-2016,0.15
316997b70e1f042908f4ea85d69848e27060a203,05-Feb-2016,0.92875
318250af8882fd2195fb172f5a0dfe40ec2d90d5,09-Feb-2016,0
3191874fbe613c25c1e8721a017b8286b32f53fb,07-Feb-2016,0.912868
31ab0b2deccd720102e169f424e93cd9409543d3,05-Feb-2016,0.905114
31b598c9c8360f49878674b930b61e32067e1394,11-Feb-2016,0.8875
31baa7dc19ac6b7fe34f1e5e43b9170b1ada0125,10-Apr-2016,1
31bac1305f17903d98439faff8504e9eb4c0d475,19-Jan-2016,0.895013
31c0b8a5d9ed994ae9481fa5534557ca76a46e7b,18-Jan-2016,0
31ebd3a95c63209b90023a1fe9b72f1d7fb2a062,08-May-2016,0.25
31fb70b6b7aa16fcbee2460b9202e7fe47648244,12-Feb-2016,0.843409
326be5991f17872b19124ea4033821f8f99ad785,30-Jan-2016,0.909635
32aa84e4a02debf47c5c970add7564cddd7a261a,28-Feb-2016,0.880013
32ab558d8f69323d43d3fcca8f065162ab9757cb,16-Mar-2016,0.075
3307c6de6fa2fbf57ef3fbcc4551a3e4cc2bde7a,24-Jan-2016,0
330f2f41abd1abf9f411026e03d78b35bb9c05bf,17-Jan-2016,0.2125
33159124568361d81f2e5ef8116c8d5d1bb88340,07-Jan-2016,0
336b133ad87e2a8e273db3f77a95c09973631f97,31-Jan-2016,0.896667
33b0979591c510b32460adccfe3156e8debda239,01-May-2016,0.730013
33b51c1cad10e75334f692536d359c7c44bb9089,11-Jan-2016,0.9
33e6e85cd0051e4d6ec4dae4b4cc1b96f1a03990,10-Feb-2016,0.143333
340004a3e8a082e076b0566ef94fc0c90811fbac,21-Jan-2016,0
342a2d946d719029f71184332bb464a43fefa953,02-Feb-2016,0.906618
34516edf0bad40bbc56bf83f259fa736fd96bba1,07-Jan-2016,0.15
346691e38ca075f15c5497fc4723fd642136b0b8,16-Jan-2016,0
34b720c0eac0fcced08d16b4a316337c3f69dd66,28-Jan-2016,0.4875
34c27f7003a35cd00478700e35628068c68cfb0a,02-Feb-2016,0.824167
34f16dd02d912da2e885078d9285781f26930de1,01-Feb-2016,0
350b2b63ee2da3694012dd23a86005b91f2400ae,24-Jan-2016,0
3522c2cef63ab4ab26187e1f78edec1a0580c6ed,11-Feb-2016,0.863725
354cc830ae01c2a63f6ae2fff11753d9ebd29641,21-Jan-2016,0
356c367a8aba1bf2304d5376694149558eb04c83,07-May-2016,0.873295
3573c9ff2db2f417b52440eb6f5010ddc4cdd55e,30-Jan-2016,0.979621
35895bac97760224613bdd6ebf6e91762c83e6e2,03-May-2016,0.930381
3593a65579063d7c9847fc496a8598278a3020b0,16-Feb-2016,0.835455
359a0a83d10d8cca7e5a240616fb373377d9afaa,16-Feb-2016,0.832589
3643596221a857867f9b1b23c91345a05c196f91,09-Jan-2016,0.1
3646d310c99afd1968dfecdcd6ef9fb3f4e74b24,12-Jan-2016,0.982955
364c74c1152e379dd9f101133fc4b4b71487351b,26-Apr-2016,0.343409
36584eb88e7c261e27e36c3059966f2d5734d3f2,21-Jan-2016,0.930013
3685a07f1005b4224ce913effcf7cc19ac031934,14-Feb-2016,0.862476
36c98870e331f499b2d490196c3f45b58b92d07b,09-Jan-2016,0.1
372ea2b397ffa028c79c9175d85846f2c4f40996,13-Apr-2016,0
374d158198b6142b2a2143eda0d576bb246524f4,12-Jan-2016,0.0883333
375af866ccef82531fcfc7c17232ef1c86e6a1be,18-Mar-2016,1
3761a7d09e40c34ac93b99df908678094dfd47cb,06-Apr-2016,0.837475
3769fdbc0e1f761015d7154c22cda3a8a64c3c15,21-Feb-2016,0
3775fe000069d4a1abed2eab3fde49054cc2e8c2,01-Feb-2016,0.830013
37bf0f8633f3b70ee4a91b4fa44739a072ba87e3,18-Feb-2016,0.821667
37c046269ec7a67fc6435a0778516bb769292be5,10-Feb-2016,0.957955
383aa6d2c719bacbbf4f69cbd56ad67cb2c80523,07-Feb-2016,0.70625
388c67df71ba0ae7ae4be6f0782bd7d887bf9a85,17-Feb-2016,0.896667
389f32d5a8bc7ce26c57b3ea23a223bd050024fe,29-Jan-2016,0.862083
38bcb39a07a9d00347aefd70262c149d59d30431,31-Jan-2016,1
38fd58c5ad8567b4d63acc19440c6983cfd22502,08-Feb-2016,0.975
39011d9b41e938a7321891ee47d6566d6717a0a3,24-Feb-2016,0.899167
390c103d30788931a183420ebe3135f3c6be89a6,31-Mar-2016,0.957955
39437310e78df734bb33dd62824b7abcd02b3f9e,12-Apr-2016,0.075
399f523c530edbc67f9f29b6e9e848afb41329ab,05-Feb-2016,0.399167
39a6e60b095fd5426ad685a5c3750e1f73d0e7e7,07-Feb-2016,0.953409
39c388a40a3193bbb925844159450a918ed869c0,23-Jan-2016,0.40625
39c4429d48bb650634bf4f40cd3bcdfc044dbcc1,04-Feb-2016,1
39ca7dff49b6caf10c7b9f045b492f73d5b94b3b,21-Jan-2016,0.845455
39eedb6ffb73aa80f496097916d9fe5ab8b636ed,29-Jan-2016,0.189167
3a0b081b1b6e0414a365272fc3d6b1624450bf0a,01-Feb-2016,1
3a54245a60694d48d49734497cf3b398d5a9e401,11-Jan-2016,0
3a7bbc59f61b96fce92367ce530b4ee8aa682757,19-Jan-2016,0.85625
3a9ba932d7b23237b170f89135559a36104de48a,05-Feb-2016,0.94625
3b090f04fb27885686db80b32453ca1b12472942,08-Feb-2016,0.845013
3b42dc3423fd8b595de0f770d429f8fe48fa17c1,28-Feb-2016,0.95
3bad9108c69f72d086d9cf0f05f59b42327af856,06-Feb-2016,0.898763
3bc032b830e4cd95759de6eb9f4c2506a1445e7e,07-Feb-2016,0.877892
3bc7334ce374c75289221960020ca472c2586eb0,31-Jan-2016,0.6625
3befc14df7b7d7c3bd47f38891cc277e12bc7b4d,07-Feb-2016,0.886263
3bfeacfce2c430e6ee6f749617d0dce8b78aaef4,06-Mar-2016,0.857538
3c4b0aace2d326ae4ebb401bbb4ffb2ee4f63bef,30-Jan-2016,0.836631
3c54cf715ede0748da9207a33b9aa1020f61d1db,08-Feb-2016,0.996667
3cc63320aeb6c57d5c3748a52ce9998fb6d1984b,21-Feb-2016,0.82043
3cd164e661af70f45abde2c3bc69b30830119fd2,21-Mar-2016,0.996667
3d04cea0af23b69a0e0d3ae947b86d19352a04a7,01-Feb-2016,0.959559
3d16bb1e9b2e2b7fb87e67e157f1f60905affefd,02-Feb-2016,0.945013
3d292019898b55292498985b41a688910a71ac6d,09-Jan-2016,0.85
3d4e37bafb183f8f9d13e227e28ecfe461ae8deb,08-Feb-2016,0.953284
3d754a260d386d005274d1221a049a6271eb3f51,21-Jan-2016,0.8625
3d7b59b0f595eb792ffbb500d2a7f30ff5651f26,15-Jan-2016,0
3d7f86594f7b35ed4e1dbc74e8f34ce848a12299,28-Jan-2016,0.875
3e06436a0ec3e2bc5e4479a0e92db00923e344f6,20-Jan-2016,0.1875
3e659a9d6be918b641b5050b2aa747c9f8b8f248,10-Jan-2016,0
3e695db245803451f922fe2e57d0a301cff214d3,15-Jan-2016,0.814572
3e6f39256a7f8bf12ee99ec7adb29748caa8a02c,03-Feb-2016,0.827576
3ea385bb0b034ffac55bd80ff54ec37fb3543f3f,15-Jan-2016,0.0625
3ec87fbb4d1823920b51bc6d2b6f05c5c9bacfb6,14-Jan-2016,0.254144
3f4cea02f4b9d91d089b6144e66694af7d8fc8be,03-Feb-2016,0
3f5d228a820e93cfe5457cf4c356a7962772f228,20-Apr-2016,0.215
3f6318520daa15829c68dc1f63ef68c20d74e706,21-Jan-2016,0.134167
3f7055a2330c8c68edd312ad8a251837fb6f3961,15-Feb-2016,1
3f7ed8e629d977ecd8735788a9a93b33ff866f0b,18-Jan-2016,0.0875
3f9dea0c4af19e2011d268da1e24f3b9edf70ba0,17-Mar-2016,0.290417
4001ecb47a02e334024b0d3ddc7d56abd235f497,29-Jan-2016,0.865909
40683a6ed40c29d094b83e6cef5e3cde576552d4,10-Feb-2016,0.868333
40993d983b106346cc2e6f3c478146a818ad3fa3,22-Jan-2016,0
40a9776c9a2326e8e182f1e25231179821305924,29-Jan-2016,0.951705
410c8636b571b84159179906528970fe7e1168dc,29-Apr-2016,0.885455
412782424311d9a7b0e1f72d2150ea5fedc09498,22-Apr-2016,0.865909
413aba9f222ec397ff01dc5efec68ecd457a3558,16-Jan-2016,0.829989
414ff6e9f4d4afd5dfb4cf9c7eb1fa4f888c6c16,06-Feb-2016,1
416fcc6ced37db86045d1354b3ae3d8d2238f718,25-Jan-2016,0.842464
419cce2799ca8fef88fa33e27ff5d9c20e42e573,28-Jan-2016,0.91875
41cfef568da814dc6a01408c307752cbf9883a33,24-Jan-2016,0
41e55d642f1f16ab2b643a6861f0e0432e84e0dc,21-Mar-2016,0.075
420764606e0b39ac4c6946eb4980b15d4f5f4081,08-Feb-2016,0.42918
422b98b456193ef05d9c469bea30d807b7928cd3,18-Jan-2016,0.2
424b573447807d3f7aa6dfb23b75a34ebec02026,26-Jan-2016,0.903409
42692670b7489eeb44bc8fef20990199af20468b,18-Feb-2016,0.125
42a90911b0e66039ee2bbb403955fc3cde71d344,15-Mar-2016,0.952072
42d4105a98bb84765c8a7df11658b900748c7d6c,27-Jan-2016,0.925
43089864f250f19c1abbaafed901537c9d8b5aba,31-Jan-2016,0.9875
433ee1d7291ed67d23c64d721eb4833fa46e3d0a,15-Mar-2016,0.847159
438455d2d5975db4f880af05d24006778c620171,30-Jan-2016,0.859926
43e61e42b3bec1aa839f1fd4b1381fa555133455,28-Feb-2016,0.927892
441973f7d1a8c2848e2aae6103913b7fd56af73b,04-Feb-2016,0.942121
443d4877837b7b02fcb148c1c5bcef6911cfcea9,16-Jan-2016,0.05
447b607910982ca9fc483bf7e557eca3e43fad74,27-Jan-2016,0.851705
4482ce0d085245530602ca97f1c255ecb83a8c8f,02-Mar-2016,0.863763
448da4a83d12e062f0a26182b0625472b33318d4,14-Feb-2016,0.839205
449ac22074e82284c9817a6dc611077ad5507abd,01-Feb-2016,0.951705
449b8a39225f449bdc97e0dfd9a2cc72e0fb73b7,09-Jan-2016,0
44a1c31701909be4a6b11dacc858743ab2333a30,21-Mar-2016,0.1375
44b70c6d87087fb7cfd0d2fe8640c1aefbc21d71,08-Jan-2016,0
44e2e15f821b3fb9d5685bd7b26879495674aacb,01-Mar-2016,0.98918
44f9c20d3cee53bd49e111b9d1d8c7cfa8304945,01-Feb-2016,0.922059
44ffb6b40685b29c98f0667291b67ff413d2e1b8,17-Jan-2016,0.914205
45538bcef28b536d9a817ea737779887f978ab6b,18-Jan-2016,0.256818
4578e03486721eeeccba401e4301734981d4181c,25-Feb-2016,0.8875
458439fba046817e754af7c794454ffeb848eb5f,11-Jan-2016,0
459c800d999abfdae3173ef170fed9749c20fff8,13-Mar-2016,0.976705
45b9f5976a9ebea27d764e9c7b54583db30ebcd1,06-Jan-2016,0
45d1986ee564512bd7e902c3aebb2ca0f5e4a33c,19-Apr-2016,0.831326
462060aefa5582f4ea942c0d42bca3d1ded82f11,19-Feb-2016,0.861263
4621f92eef322ea029b36e6eb8cab888e63d1094,16-Apr-2016,0.379964
462e3e5933a22ae494928ffd3eb5e06d21afd2fd,03-Feb-2016,0.806225
4651d858174f39ee8bfd706a14aa31e8da5fbf06,10-Jan-2016,0.910695
467ee24d32fdeb0e0efc9a1bf5e25a397e236d84,12-Jan-2016,0.857955
46994e97b33efde04387671ecc1c671583e7df51,29-Jan-2016,1
46a94eeed5f3a65393970f16ba015abb26b0e48e,13-Apr-2016,0.979621
46cacea2f00c295ccb482d6c428772aedc6dd085,24-Mar-2016,0.865
46fd3143c973228b583e66f3b7c489bb2f0b1dfd,24-Jan-2016,0.9625
46ff37b86aa795f37c76e742ee4e07a565ff6a18,31-Jan-2016,0.932955
47155931d1b55c899979da1566d1ccba76e422e3,19-Jan-2016,0.0433333
47301d3cfbdcba78eb414cf4ee4e820620394629,21-Jan-2016,0
4775d356007c05f7586cb0b0354c35946ffa55e0,17-Jan-2016,0.995455
47984a3af25517afe6123650116990966a063d04,23-Apr-2016,0
47b9d2a48ee37b4b4cbac11fea69814b30d91280,09-Feb-2016,0.9375
47c26108dd87cffa8d79733a0630abd8290dbd5c,08-Jan-2016,0.0875
47ea21ec6acd41ca9eef2ed6ac656a256b3f127a,13-Mar-2016,0.898763
4843addda1f2b85cb02d0e4688f668beede8e2c3,14-Feb-2016,0.8775
4878331a22e79d39ebd6c9740ad9ccc2015f9a80,04-May-2016,0.0333333
487be04c2070e1612c8240f206857d345346c606,26-Jan-2016,0.981225
488df122dc6c7d354cf800f38bc26804453a699e,26-Feb-2016,0
48a783c76b177af1906429e0fcfed67817708eef,08-Feb-2016,0.860822
48aa76ca9ea34903c4a61de6e3ec1637424f7c39,05-Jan-2016,0
48b46cbef6bb7967ff7fc25bdb8c7823969ba538,11-Jan-2016,0.0366667
48d937729083b6f0b1d319527fdaccea4be01cb7,10-Feb-2016,0.906288
48f824483c1f28d52d39dc9bc546107a9e497379,05-Feb-2016,0.965909
49235359066ec60e5618aa7fb683fa5c4704ea10,14-Jan-2016,0.296667
49266b39d57d6ea4d1f2d8a83c1287f0238fde6b,09-Apr-2016,0.0625
4955492a2d79286bf08a4686af6fbfe57811f755,20-Jan-2016,0.29
49aaec80b2e343bee62abdbffb821a8d2a665264,19-Jan-2016,1
49ab6a5e3b09c8e7144bf977606b940dee2d7c00,20-Feb-2016,0.879548
49bfe6b0c803a235ea4b850dc2ff68b39712f2fd,31-Jan-2016,0.9625
49da8bc235c6cea5324d018f66ad3aa0debb7e99,01-Feb-2016,0.873322
4a06b2262d8d5c5e1ef7cd7737861a015ca65380,17-Jan-2016,0.8375
4a576f5ee46acbf041fa642b54c8a418e5009200,23-Apr-2016,0.957955
4a72b715bdea512ff93f2e239e6ca0e797f9e16c,21-Apr-2016,0.855417
4a81e1da45422aff8aa819ca6ed9e3667b8dea36,06-May-2016,0.135833
4a96d35c014f9a6619fe0b4cf7d751a2ecccd11d,21-Jan-2016,0
4a9b6b42a8d7ee64d5b9051198b89125daf38f92,23-Mar-2016,0.83125
4ab6fceb4b396b7c9ba20b80ee7182384e127dba,26-Jan-2016,0.843284
4af102f0d688172b2e31f0d0c888b699efeb377b,27-Jan-2016,0.850468
4b46b94ad46e1b6b55d0ff413f5708ede838ea17,13-Feb-2016,0.804548
4b48063f092dbd47f5cf1e6af909ca4adec3469e,11-Mar-2016,0.88918
4b69fb35232805d123286d059cb988eab2be714b,08-Mar-2016,0.825
4b871beb636d4cfc41928938fce7f713665987ea,30-Jan-2016,0.935455
4bbc093cf1c8d8cc7cf72d97cc460cd68ebbafc0,26-Jan-2016,0.95
4bc241c39b8ae003318d6edef16d7eedecf570a0,17-Jan-2016,0.3
4bc641a3ca26d6ac92be39b6c1ee916af97cb626,09-Mar-2016,0.875836
4beb1f1c95a22718afb2d7e8da172aa1c1dd20c6,17-Feb-2016,0.934559
4c0e94ebec5f1244b6af19ed9475f0036c16744e,26-Feb-2016,0.136667
4c4546adfdd1f58b40f4118c363c6b41a9250a90,30-Jan-2016,0.900368
4c4cf6309ba81f758ce7b6ae77e42b05364da2e3,09-Jan-2016,0
4cacb909255077024ae98264ff30945190dfe41b,11-Jan-2016,0
4cb8dd3c8025bc1735d9a0a66352d6826b6392f1,05-Mar-2016,0.393409
4cc53438c981e51c9a732da3bb1288af7c633ff4,07-Jan-2016,0.075
4d16d29a78bfef59fe197539ac6b112b54347583,01-Feb-2016,0.92668
4d27f497b11d87fe60d396fc07bce05fdf927a71,18-Mar-2016,0.936029
4dbf98c46cdc7af511d507bc2653bfddff4b83c8,23-Feb-2016,0.790909
4decc6dc7f9b69ea9dfd10b0d25a4be76f072b1a,13-Feb-2016,0
4e578d186302d0610214616eb14ee6f6ecd9bb78,07-Feb-2016,0.19
4e7e4cc00e4d992adff5a0835875c8db10d796e2,16-Mar-2016,0.980013
4ecb4a3a7021f6de0811cb68d93e88471d42c80c,11-Jan-2016,0.820455
4ed5b3d6250ae95041e0579b634d072e54d40216,03-Feb-2016,0.89375
4f5abc0baeeb481c2ed926f14dc3e5a0c8079d73,04-May-2016,0.125
4f9318dc5201f736e6527e93358670660dabf437,05-May-2016,0.803409
4f9e966ade3f31bf7d6d2274d0cd6090a217283d,25-Feb-2016,0.912083
4fa8499f8af14268bc74d88ff7818f3ad4a34792,07-Feb-2016,0.875
4fb3f0f83be04628123fe5f84b6baa346368b5d3,08-May-2016,0.2575
4fcd8697f3fca848ebf45f89c75a7ca5a1d498b3,07-Feb-2016,0.94375
501714f45cac122196bf887e88dcbe04157dc540,06-Jan-2016,0
5051a43077f5d7001592fed43d64232b36f6fbb2,08-Jan-2016,0
505235327c49b84aa9cda59676438bd394b9bae8,17-Jan-2016,0.15
5079beb484ddb76a0d54a59bdcd6ff7f98beaa22,17-Mar-2016,0.942121
5080893f3b70b8e4aab28916b22d9bc150052f4e,05-Jan-2016,0.1375
5081d619c8cf6ed333dd3ca021d6c0c37206eee4,14-Jan-2016,0.114167
509cda73e125bb5d3860cef6bc1da4d40bcd69cf,06-Feb-2016,0.813102
50bb33f73a5a434a500acd9926aed7f58d8930cb,18-Jan-2016,0.146667
50e2fb7791bee7fadb8a5e14dd398ebf39fbd0e7,25-Apr-2016,0.882955
5146d15697afe6acb14e10be96349641fb28cda9,01-Feb-2016,0.837551
516d267054179aeaee82e474427667eb9a29e172,16-Feb-2016,0.28
51d1ad11579784d376f34eaabe0efcc3ee87a51e,03-Feb-2016,0.120833
51dbd6a3f10b9452804e0a6a4751c40b6c96f063,08-Mar-2016,0
52041222d9e63dde3c1ccc4485766e0c167b4758,08-May-2016,0.075
5228c206aa70b655403df7c8c2b5bf521d796f29,07-Feb-2016,0.980013
52378b6c0196d2f3e7c543c579fffed442dd7468,05-Apr-2016,0.840417
524cbbedb353902d0bb8be76d582d0ff49e9a82f,10-Apr-2016,0.997059
525541342e403b2e72af0de4dbe82bb354a53f12,18-Jan-2016,0.9125
5261575476543e784f275e1b7e9db40801e917ba,18-Jan-2016,0.230833
52865c3e789e6cfd101899496a660d94c5542f14,26-Feb-2016,0.821326
529b97dacdaa1f107c8bf303ecfea94d1fb2bf1e,24-Feb-2016,0.1275
5351b61ae3ebad68964c81d0f6c391f08eb35b88,20-Mar-2016,0.903409
53755751fbe632125b72a7ca35a370e1c82de1bc,16-Jan-2016,0.869218
53bdfd16105f57d0e5e0f53f04d824510bdfdcf0,07-Feb-2016,0.990909
53d8e94e1fb2b84b663cbb7dd22d8f8b010a1891,06-Feb-2016,0.993725
53ecb6868803cb20bdfbd8258e9f0651373c4909,05-May-2016,0.45
53f80acc49b79dcc01086e8c1d5bb1d2f62ef786,14-Mar-2016,0.9625
54dbeb3d898438d0826c8c2c61d9536731a9aaa3,14-Jan-2016,0
54de7b5c7813f48ac13162b4808aaed824fcb093,23-Jan-2016,0.345455
5558639939f5574b703d4eab713f876a30c93e81,29-Jan-2016,0.922059
558a116923c179298f9c700dcf60bd352273ac30,30-Jan-2016,0.9375
55e9f06ad4ec1519aeb82b98aa84fe853fe2034c,08-May-2016,0.270455
562d5f0912108bd51a6da985e7ac50d2500c729f,08-May-2016,0.75
5633dab4f2f8877c164c628bd2b5b80a4d0bf59c,15-Feb-2016,0.841705
563d19ccf5ac821acf464f3c430c079750ce3aae,15-Feb-2016,0.868725
563e5361a7ba73c904b838baa2c90caf3a93b629,25-Jan-2016,0
564755c0fabf74c5f0b55894e9109916557232fa,06-Jan-2016,0
564bdfc705e520a6a6452c1b3c432c42c37ae617,02-Feb-2016,0.89375
568616dfec44c1df8055459a6fee2f834f37911d,05-Jan-2016,0
56a706813ec96d21692209df75bf69963b4008ae,09-Jan-2016,0
56d0c888cd4dafb4b7f9cbc57881255d221ad125,10-Jan-2016,0.6625
57205c9ca9f7ebc0cb0b8a309a224018997cb726,05-May-2016,0.818801
5723fcb34606f6a37ac9e5df4d15cc901a7f0fdf,21-Jan-2016,0.907538
5731faa6274f653783033f1bfff77ae2ce608e7c,08-Feb-2016,0.965417
57760b3b7161acaaf95b34b43a0ec9408233ac46,17-Feb-2016,0.0875
57975279965cc37a6db52c516d00e1f679bbdfc1,31-Jan-2016,0.907955
57b635a02f30fed6c01d300c500719c507301f98,18-Jan-2016,0.968333
5810cb9790cd232465fe0c18986402e4cba42f83,25-Jan-2016,0.193333
58528975bdd44f240596305f4e7f5fc8e3dfb0d5,18-Jan-2016,0
585dafe37c4b9517b4d6a3721b4f7122523aa82d,08-Apr-2016,0.1375
587d0ac1e8cb371764df854b203bd23ca7480ac2,17-Mar-2016,0.0875
587f38fd40c721bb02f7509b322aa519f800904b,23-Apr-2016,0.896894
58c0bbf9d3c452b39913d07dc2467f77588de21a,27-Jan-2016,0.988333
58dbf9ecd9e27fb7675d7ea1cec2ad92ea234c80,25-Mar-2016,0.89375
5910baa1ea83bfad84015f3b8b14b732221bd65b,13-Mar-2016,0.907955
5936524e4cbe79cfe9ee6419d871b6450431ad18,31-Jan-2016,0.910822
593965cadefe3899d3ffc793cc5cecd70939e469,12-Jan-2016,0.1
5956fe3bdd6c58f371cc4776ddf211ce3b9a1dcc,31-Jan-2016,0.888788
59c979c6e7afc02d92be2690864b895a04b212ab,30-Jan-2016,0.9625
59fb061b87c706f1f177061a5a625fe503c2a883,02-Feb-2016,0.236364
5a99a7636d7dcb1cbec25e3e0599056b15bcb0db,01-Feb-2016,0.981693
5ac189c34a0f7f75084b0bd666e0283a4f6f987f,13-Jan-2016,0.209167
5ade6fca7613f9f649242416219207e5eadfaf67,08-Feb-2016,0.956618
5b85899eaec377d5113e3ed3bc4fa63592809c3f,10-Jan-2016,0
5baa367d3c3b7c9bc02c3e67e86674614b37c02e,11-Jan-2016,0
5bb4dbdce0a8bd1983429484401b15f7fbf2d749,15-Feb-2016,0.915
5bd61ed04e7127a5ed8ca17c1c7a0f694039c4d3,22-Jan-2016,0.9875
5bf003596b4f4479d2ae2230ab29bbc3de1b2b1d,19-Feb-2016,0.075
5c3d24367b05f0a00ffa6fe6df831fe9f6f1b083,02-Feb-2016,0.912968
5c3f6d9f09a7091ab8971cfa514dc6ec0117d63f,03-Feb-2016,0.956226
5c48a812a35f6882695883faccdfb642967f5a3d,27-Jan-2016,0.95
5c7819d5d1e1484c2b3cc6fa320e33014ceea98d,01-Feb-2016,0.770381
5c82914f073509e0abd760961d07d8a7c492a48a,06-Feb-2016,0.959167
5ca3947bed068e2b63f5d89cda2fda7bcb54d77f,31-Jan-2016,0.9625
5cdb36c889cd7295183aa1821e59fe4efca63541,10-Feb-2016,0.2375
5ce2c7ef0c2630e2d41b2615b4084de92595d187,10-Feb-2016,0.826656
5d26f4c3de5a6d75c4d842308691b3b32d941698,12-Jan-2016,0.075
5d6adee3fd2f70ce6f67aae000677a4c3fcc066e,06-Jan-2016,0
5d846addef126ef3b72b920401bc855d7d9112f7,06-May-2016,0.0875
5d9d7ccc4cdec41a89f04552d79dda5c2cba6e46,24-Jan-2016,0
5db55550665b5330347c54a8cd4dcc5d4aa25219,06-Feb-2016,0.830909
5e57779bf7b16283b081819235cfc389f7a16fa1,29-Jan-2016,0
5e66a8076a91fced992e96eff6cabd401ce5210a,09-Jan-2016,0.95
5e6fc5fb7c8d5ba4811bc53258c442778dc256ab,31-Jan-2016,0.947955
5e7a0a25d7ddde8880726437f638d28dca4f7adb,11-Feb-2016,0.907955
5e9942b41ca4975db3eb86d929bc751ef3ef0ea3,18-Jan-2016,0.942513
5e9fa3f8af0421342171277fd26d50de80614eb9,06-Feb-2016,0.8625
5eb8a0d18d122ea13267c7b34f4b80c83f449fe9,31-Mar-2016,0.7125
5ebad0c8d258608e9fe7c394b27d094a642e4dce,05-Feb-2016,0.957892
5edd1ddf592d87c10b3432499990fdd0506b52e1,01-Feb-2016,0.817892
5f0b57663ee66710349c81603e07d0752295ec63,20-Feb-2016,0.962576
5f372822bde00ff75e41e3896ecffba8c0972564,04-May-2016,0.853777
5faa83b33220c92e55069e1a58feeb368bcff03b,12-Apr-2016,0.825
5fc844f5db3676d8f54fcea4393110ce57aba9c5,28-Feb-2016,0.902968
60013271f309814db663b3eebf3693a59edd6626,10-Apr-2016,0.1
60064142b262bad2dbc183747e53a16505411887,02-May-2016,0.912943
6099970f0f317f3159c394caf7fb40d939455daf,28-Jan-2016,0.209167
60dcb52274bd704b6e2dedd3d057fd8861365307,08-May-2016,0.234167
61150ce045e0195f276568010087fadb28ef8480,11-Jan-2016,0.997059
611e45e35e3e26f18c09a3df1528bf4fbcc5d6a2,31-Jan-2016,0.9125
612221b3c513ff761cdf44f37c68600daed77456,11-Feb-2016,0.1175
614cbd072ac04b0673505bd9660986d0af34fbd1,01-Feb-2016,0.81875
616834fea9e406ee514bb109bfa1cbca243dc4d5,08-Feb-2016,0.9
6185c8ec352f109d21586b9e055d2a86433d66f9,31-Jan-2016,0.95
61987c622c534232b5bc3607697067def5ca866e,21-Jan-2016,0.161364
61aee83fdd79628b5f50855083184ddca7ecf6be,11-Mar-2016,0.0625
61c399ed059a83fb9d7066bd17e628be49aa2db9,01-Feb-2016,0.882955
61c82003648c80246024d0a8206e8ae9f7ee49ba,20-Feb-2016,0
61d2f3de3316449dbe41f5041849ec6e96fb1aca,12-Jan-2016,0
62046a511104f4fe9e818d5e68aedadfe050908b,03-Mar-2016,0.865809
6209745c144f042783b0c4a41cd466208ab03679,01-Feb-2016,0.832513
628b7d33f13dac16d698063a4b8817e1fc9a51d5,07-May-2016,0.146667
62e85911b477f5998f2f130157c46acf223d29db,06-May-2016,0.975
63208c9d5fd6c84ca9ad4afea49b04096cc40411,07-Feb-2016,0.859559
63595f14116b2534446dcca307f464958df0be71,30-Jan-2016,0.49553
63ff1a288b35ccffebdea236161fd3c26ffd2695,02-Feb-2016,0.877992
6416c5676ce8b5888f97f9bc91938740a4929c97,08-May-2016,0.0875
64509c928bc9778a23d12c88f011462ac91d15e4,01-Feb-2016,0.996667
6454550d89fd84535741bca1d187d7759c809709,06-Mar-2016,0.875
6459cdd95361c0e8fef6d3e65b9eab1ce6c7501a,13-Mar-2016,0.877576
647e2d3ebec0f2aae501054c8618c9079e6baeda,23-Jan-2016,0
6498d25450f2a0c5f588ab2ed74652030608071a,27-Jan-2016,0.8
64a88d8bc6d5d954e8182a496df9b0f2fd9575e0,08-Feb-2016,0.9125
64c1159af42adb4dd7156186a9b6b3bcc7d57793,24-Mar-2016,0.075
64eb06b8131032f593ea45e927e59555bf586a9d,23-Jan-2016,0.959376
64f832d30c91e74569666b583c456e643cbc1d67,23-Jan-2016,0
65099045b6ffa4b17897b1f1f792d09b42bddefc,20-Jan-2016,0
6510652531c8475495701a945d6fa054053dc16b,04-May-2016,0.847159
652394105e258cba0a93bcf220bc9cfa8ad4c817,14-Mar-2016,0.146667
652540bc5822bcf9198bbf4a774768ec0d84729c,28-Apr-2016,0.15
65414409bf72329d0e4f480fa34577d85b63a17c,06-Mar-2016,0.0875
658e1b01edb634d2942cf7600efcb762f20f0b28,26-Jan-2016,0.882955
65aedfacf8699bb29fe95bd83284302cf6756007,06-May-2016,0.873763
65b8e788ff4c5e9e1f58d61e3fed3c8fd6711d91,15-Feb-2016,0.175
65e2bc073a15e24da94b6a64fc2d5a5ef09b5c4b,06-Feb-2016,0.898763
66170bbd1879929ee410f5ef5b7a6e01e017a8a9,26-Jan-2016,0.075
66a6ade10beabd40565aaa733a27105c0da32717,07-Feb-2016,0.975
6704b7c988cb08b487efec2fb8e1c21b43027e05,05-Feb-2016,0.908322
671169e53404faf9c0d8f53b9e986140b5be010a,24-Feb-2016,0.831718
673ad2e0dd0800fbd9a3c9a494216616000618e7,03-May-2016,0.931326
67407a2df2ec2f3fd964f00eaa07343435fc3ae4,29-Mar-2016,0.9625
675137f56207a4df6f5e4d83dbae9997cfd8dd67,18-Jan-2016,0.075
67889ca3166bc51b90b29bb8abe93b56335a850d,15-Jan-2016,0.876705
679780b40bd725988cb657fc87f7021ff4a4b50f,17-Jan-2016,0.170455
67de705e4c3ba90c64f0de3ee46f174f34190539,11-Apr-2016,0.953409
681877a22c6e986a48a6d1bed8171bd776d28da6,03-Feb-2016,0.847917
684349c730923aed5393d5105c00252266af092f,29-Feb-2016,0.995455
687c4294841449f8d66e8028a7fc14cc88b7ed80,17-Apr-2016,0.921667
688914760689cfca97de885ef41e75299e00905d,25-Jan-2016,0.899167
691c363588981bc751173a4d1a9ef9304690ce64,02-Apr-2016,0.826705
69a3f762f006aab1d3e9523b74b2565326edb91f,11-Jan-2016,0.134167
69a7ab8dc3b53f0d922150e5b2bd4e24d51710f2,05-Mar-2016,0.827917
69cbb97090ae297e756ca44c4f6352811fc14f43,03-May-2016,0.3
69eb38bdb814456485beb4e4eb964a6f2c27acca,07-Feb-2016,0.887538
6a0cf0a09f29b73dc465b0af72c55f5979e3b907,30-Jan-2016,0.881326
6a0dc999f0f8fd12330829cab0e1cdaa4ef7aee1,02-Mar-2016,0.52836
6a282f59d4cb20ee0ac67573e14975ad7de939b2,01-May-2016,0.796326
6a6f7f856eb487e4cd7452ab15362bd1f4c632da,15-Jan-2016,0.1375
6ac473b912be06d495f8162aeb4c2935529b385d,03-Feb-2016,0.953409
6ae165351122fa780ad30dbd34a5f9d9a6ea0066,09-Jan-2016,1
6aed1d5a61cbcee1815432d8b1d361db37a62664,20-Jan-2016,0.124167
6afb0caabeb690bc4ac98e9356ac4238483ac2e1,31-Jan-2016,0.828309
6b132c94c5b696838abdf35ad63540e17af045ea,11-Feb-2016,1
6b3ba170abcd503bd698940ff4fea340f9ad4527,19-Jan-2016,0.0875
6b64606ee499ccd9eb6c9f2d4a693e3cafe2625a,18-Apr-2016,0.923763
6b710e15e9a164f04087f6c2d90d81ac3b56f21e,22-Mar-2016,0.55
6bae2fe191c305702be8fcb882eb15afaef28e93,01-Feb-2016,0.851718
6bdcc97fd50f03af3936f715e5f13202c7fb675b,15-Jan-2016,0.380833
6bedda1d4392106081c8340b42aa287054b2607f,09-Jan-2016,0
6c043a31ac9050512ad5c99e3b4740545df75431,17-Jan-2016,0
6c0e00ce0d61521562ffe47e79b6eca7abf20d69,18-Jan-2016,0.800468
6c1120222fc2d4c2b721128f851db8e8bab95745,29-Jan-2016,0.931225
6c205d4cbc5f98b12b9ab1c29d541e5fdb45b168,07-Feb-2016,0.931301
6c41c2a8a289a44f6a3a90945fed577e8ce60975,19-Feb-2016,0.653676
6c6176efceab5de6e7452d8d19188d07515c7440,05-Jan-2016,0.1375
6c66ad2b162e6692cec0ccf6d9fde4bfa98cb7f0,15-Mar-2016,0.851239
6cd4da8f7ef17b9cae1892d319ae24fb2de5ff01,10-Jan-2016,0.130833
6d2fba1f825d377fee20add5847a20394007d001,14-Feb-2016,0.840784
6d328bc0c9be004ebaf67ca2debb627d8d91bbd8,06-Feb-2016,0.880013
6d5ac1b41b0f2de2f77cd30425091f464e5ad9ce,17-Apr-2016,0.901705
6d66d0f7d303dea72753fa4b4eb41b49f7b73e58,06-May-2016,0.2375
6d96514c60abacfc791902a7a83694053ec81307,30-Mar-2016,0.881593
6dbbc8d2e7b7e93cd86b1de6a8b443939f9417fa,28-Jan-2016,0.906894
6dc1432a5a592bed76638f538880832849188ee9,06-Feb-2016,0.884559
6dd886af959005ab950002d44bbcd6466f799525,02-Apr-2016,0.861667
6e034d9ce44e35b28a18a2cdd3cb656d79d66f63,20-Jan-2016,0.1
6e96348bfdc55dd5bba4f48d369a2a79472fb652,11-Feb-2016,0.864205
6f1653e86989d53137113dc1947e508a1ddeb91d,25-Apr-2016,0.896667
6f27c60779f52c9ed9523d90ed6d1ec342924e41,07-Feb-2016,0.921876
6f31c55c31522cdad9e4be80c06a9b05c4b0fcb2,03-Feb-2016,0.392121
6f5c89bf4eedf5830e30d26aa00ff7f64634fe33,16-Apr-2016,0.257955
6f6838d7c96b3759a2c76ad5d97e6b8e8d467bcd,25-Jan-2016,0.870455
6fabaf80be2cd519abf4b55aa0f230d0dac4c21b,20-Feb-2016,0.918333
6fb2d77778a5734bd602bff96f281da3cfd3b57e,27-Jan-2016,0.0625
6fe9aa35e7eafc63123ee8cf662d7970e14031a2,09-Feb-2016,0.89375
7032ce6d8131811c2033bb39e7ce2f3415738068,10-Apr-2016,0.81875
7055a527e288302ba283ba6262590408cadf6987,04-Apr-2016,0.730833
706b78e853851340e59fa20fd1c4ccc0f3f6980b,26-Jan-2016,0.909559
70a1877a7727bc9a4623f69bc14e3223d40fa19c,10-Jan-2016,0.90625
70c2fb99b7dcdb4cf92cf21e0dc157559a897df5,16-Jan-2016,0
710df008a6acf862bdf8de732317aaf6382eabd5,08-Feb-2016,0.1
7129507724ee0b27b0aa903a911901e0741cff66,05-Feb-2016,0.7625
71678a8056e5bdacb6e3591c95ec0cda58ec092a,09-Mar-2016,0.1375
71c02a8a8dcbd9568ce5fac4bf3e0de0e1d2fd69,03-Feb-2016,0.35
71d9bdf3ad193f4e7d5e67f7e8175d09afc5ad5e,08-Feb-2016,1
71fec19f43905b4c2162bdf141fb2b33bfd6e97b,02-Feb-2016,0
721471ce962c5246ca49aca8b9521da606153812,04-Feb-2016,0
724ae9fff76f8f9e1e9907b6060675bd5db9bedd,09-Jan-2016,0.9875
7251e7e18a78225ee31a64b47a513272d5b071cd,15-Feb-2016,0.15
725608fcdf0af36474763027846497dffae1287e,30-Jan-2016,0.8625
72d84fc7e409e518351696955bd517e25480c809,31-Jan-2016,0.787576
72e0296c9de81b7c0803bd85e85a5e21410090d5,10-Feb-2016,0.988788
72e02ef63093fc1ec2911f8470f8f89fdffe1a40,07-May-2016,0.353409
7305d96dd0b45436606f21a37ccbcf5919063019,17-Feb-2016,0.879597
731a325ccc94e96699f7636aad5a6ac10dbce1e8,24-Jan-2016,0.415
732bb21e62056c09ac9d4ca62dc6fefddd3172a4,08-Jan-2016,0
7389efcbcc0cfa2d791fc94a11034bb4e1465460,22-Jan-2016,0
73c58fe5b638911062cfc8ec143f30dd110e1172,21-Feb-2016,0
73eac74da337430b30b9cfaebe763a664ad8e3e3,17-Jan-2016,0.1375
73ec31df7d67df4014afe3276058f5c607099acb,08-Feb-2016,0.790417
74275da93314ad6256f25aa11237963392873eaf,07-Feb-2016,0.575
74cb027df306b5f6468b44407832d0332c51a844,03-Feb-2016,1
756b74e0dc9730f94352c55611fe19389b3345d4,03-Mar-2016,0.9375
757f145ad0a8c40ebc669732d49d9f832dd19132,01-Feb-2016,0.9775
75b41f39c0635c5dd79a322e8a8485c11676093d,01-Feb-2016,0
769452541800888f122ba4bcbd03452ce818e582,26-Jan-2016,0.922059
7694b0d70ac7bce9d86b1d8f1fedd92b57cd24a9,08-Jan-2016,0
7699253a70a4d68cc52cfd387f58a9443079fcd2,01-May-2016,0.2875
76be0fccf5f2d89e62e951b12330555f624f6858,10-Apr-2016,0.9625
76c370dfbd17b1a297c84eb4d2e9b5f2df516a19,01-Feb-2016,0
76e9415063635e76d0097f0e60f74f81bb87a0d5,17-Jan-2016,0
76ec3d97725077fd0ce616ce3ad7bb666afc3bab,06-Feb-2016,0
76f440cb09698ddb6b669b546ec9cf0f1764f75a,07-Feb-2016,0.45
77546b39a0073b6691fda0c4e5850f0ee708d39d,07-May-2016,0.075
77662b36dca03abf39b07a4c03c70ec31f5eb203,07-Jan-2016,0.125
777f4e3a325c607a52b2102e691e017edb9fc42d,09-Feb-2016,0.978309
77d53bcef4e9d2e32722972c3e5208070defa5d5,29-Jan-2016,0.876705
7812180846e471d31b25fcfc7d3e8efac1db862e,08-Feb-2016,0.943984
781971d3c8b530d562a3e14e2dffb1b90d3c22e8,23-Mar-2016,0.1625
787261f39333409e37075e9aa4fc94a5d90c46d1,16-Feb-2016,0.938574
787fa400f5913668d9ba374caadf0bb9c9a9c3d6,24-Jan-2016,0
788f86ec0245e30d0c39193deba2baf8c470a369,25-Jan-2016,0.1375
78a7408b3d9f122f66ac856705610bb7918560d5,28-Feb-2016,0.866705
78acd4ddbf6b26675dff369d9e61a752b4b60ec4,25-Jan-2016,0.930013
79044ea42e529125945d448f7e82944cf071f0e2,30-Jan-2016,0.961263
790954177860ec7bfd66b01fbba238c558be5289,20-Jan-2016,0.0875
7924ab625dca45cf4b226a7eadf5f042a1973300,18-Jan-2016,0.972135
793cb2397c5ae0ea5a73b563a95f0eae578a9d56,17-Jan-2016,0
794f2e178f117e94e588771d85757adff34b35d6,06-Feb-2016,0.950076
79612e454ab6fbbaf38fab1eac92a51aeeacb267,15-Mar-2016,0.88451
796bb33feb1f28a5a585fa63b27973d0d85493f2,19-Apr-2016,0.260455
799b021dc8acf042f6b1031fa2c4e62494620470,21-Jan-2016,0.9
79accfe5fe7bee1ebf6b25308d25e3a64db2a2b2,25-Jan-2016,0.982955
79dddc4c19d214a2bef953c1f0c2d271b208592b,03-Apr-2016,0.860455
79def99949fbab8242aeba0c2d14dce4e9713476,20-Jan-2016,0.73125
7a13a1cdf6cfe97d78dbe029d520310c9d64a39e,22-Feb-2016,0.830392
7a2f0ab568bdb17a1e7c77de03571d60b8883199,30-Jan-2016,0.87293
7a3e46f410a778c4abe1761d9fe5b435653ee10d,04-Feb-2016,0.85875
7a5e87aeab1b9f4daae8f6839d8506a539a63524,15-Jan-2016,0.234167
7a7fd73001711cb615740ac793e776777376fa06,09-Feb-2016,0.995455
7aa289713ad3a34d4a93e3a96c0e4266f562685e,17-Mar-2016,0.777072
7be0b54e90800415f10615a98ab7605059afeaf0,18-Jan-2016,0.995455
7c129e7ad80dc627701e6f68c1b425ea83739567,31-Jan-2016,0.875013
7c14a4e1c51372ae662dba4326f9513def603633,09-Jan-2016,0
7c46cb2efb2b7ce717c351b05ee79f12c8cbd597,24-Jan-2016,0.982955
7c4daa267fbea837ccccfde055b69e0d6febb193,05-Feb-2016,0.895406
7c5072284e02e4d5579d97a821351757a3014057,07-Jan-2016,0.270455
7c59494cc0bce0cfc7c572928459819008743eea,21-Apr-2016,0.1375
7ca7ea27a1758ebfb01bbb10d749507b2de1b160,25-Feb-2016,0
7cbfb55fba4235393985b09effc2df9c3797a91d,19-Jan-2016,0
7cd75a7e9d1e946623abc16b87944343d4e2b1d2,01-Feb-2016,1
7cdfb12545612bf57d0cd5dfab34882fd06747e4,29-Jan-2016,0.9875
7ceaa40d4ee390a188c355a45fd4ef5ab9c40478,29-Jan-2016,0
7d1fd8cd1505939237e48e932188c64643065379,24-Jan-2016,0.460038
7d4546e9b5f99965a84e7545b6e11556c4f4c3f2,21-Jan-2016,0.74375
7d531b6ef02b596459ad235bbe9f76ca95598d4d,20-Jan-2016,0
7d6c84cfd144de75bc05b4896239885db9027f03,28-Jan-2016,0.8625
7d8a84e8e3d19dcdbe344c374ef7b8c81805c8d7,12-Feb-2016,1
7da16cecb3f6fdaeef1be3b7f1b598886e2a2892,10-Jan-2016,0
7dea3b2f6f43d0ece08ea41b738509bf6533749a,07-Feb-2016,0.9875
7e184def0db94a43ec04a21bad2b6e2ecb3d0fea,13-Mar-2016,0
7e5c3742d0faa01f712c3641159fb12eb24be890,29-Jan-2016,0.970455
7e647dc3d7d7c1b96379c67cb3e375ed930c07c8,27-Jan-2016,0.799207
7e9937b70ab09b0cb2728c9dcadbf858e12f2df6,06-Feb-2016,0.774659
7f1a05ec8b6280106c987780527a847b19a68a4f,03-May-2016,0.377968
7f213a370931b97b07114d31a0086ca2a377d23f,28-Jan-2016,0.953409
7f3efaa19af95c853d2cac64ac9d1d15235270c9,15-Jan-2016,0.1625
7f6b893ecf2351710bf0c32090d482043a321a66,05-May-2016,0.137576
7ff5c975d46197d0d71c9189a7fef12b17c56c57,12-Feb-2016,0.996667
803738f9cf48e08a26546756ed7f59830e1c5c3f,22-Jan-2016,0.972059
80791a799af6883140d6f4f26a59236d0249ab10,21-Feb-2016,0.99
8090dfeef5852eb6507398b6540a6f7050e886e0,08-Feb-2016,0
809a39b469993fa526f345af389dd1f6d24673b4,03-May-2016,0.865417
8102b7b9b6dd1d81a5b88aff33e58dd8bfb3cee2,30-Jan-2016,0.878309
811ad9fde329b98e699f6e811ed052a56fc95fb5,06-May-2016,0.847159
81641d49cbf44f09597e4b61d52b8bc3bc5038f0,18-Jan-2016,0
817137ccf69af3d65130c3a84e64ba7f64acff7d,17-Apr-2016,0.967513
81e998c55f8debe633cc8788c8ac63aad30f7677,25-Feb-2016,0.970406
81efcc4ef9c7ad71bdc4ceb6a3c57f91e653450c,07-May-2016,0.1
821b212f621a48b0960ee662dd5664d4da0e8ae0,13-Feb-2016,0.976239
823b7cb0946c6390eaa7877325cb3e9ac29ae8fd,09-Feb-2016,0
82bbe869039ad152bcb769f4d6872095ac8ab0e3,07-May-2016,0.275
82bf9a91b1b4fe8854ac298aaeec1233788afcc1,21-Jan-2016,0.872059
82c38a809587210ef147fdcc3417eea9dcad7f99,21-Feb-2016,0.653409
82e7d0483437b4794db55689884674dd8d44c69e,06-May-2016,0.115833
82f28454149b13ee11091beb0a2820a525c21cdc,18-Jan-2016,0.965909
8314208d1c6e8196cf9373868c28187f0c31295d,23-Mar-2016,0.97836
831dc4a8ac7b57f554b5c54896e5b3be1a772bc7,19-Mar-2016,0.975
8324a67b9e2d449dcefe9285d0086adf7735156f,07-May-2016,0.0875
83421a08d0d578f6e7f8302aa4e312e8f6ba03e6,27-Jan-2016,0.1275
834f5b726ac190649882c64df0f94a757e0f5d61,09-Jan-2016,0.957955
83824e7458ff9ad9ec248cc0c00d80480be61dd5,31-Jan-2016,0.898422
83938ac624792eebd99cf0066c69bcc0f0f3a17f,07-Feb-2016,0.814205
83a3fff5c55de805668edc0a2e3228256c71f048,01-May-2016,0.894621
83c595a4d0cc85cef16a8c063c2ab03b3ad12497,01-Mar-2016,0.9625
840edb2fd39809692b0f19618d850a782748edb6,17-Jan-2016,0
845859ec6abc98ab8bdbfa39e749c6b0f3b6dd02,13-Mar-2016,0.827968
84996a48e2b6dd1cf709216a150c5e08d61eed1a,01-Feb-2016,0.896226
84a801c6659fae6934809f0945f2a5b88385675f,09-Jan-2016,0.857955
84c3d5326662fba8d613dc51f164f7aa4206735f,29-Feb-2016,0.971667
84d7603862dfda1dcca1a3e3c7525097b88170df,23-Jan-2016,0.915909
8528ce20fd797142baaa9f5f4948b492910b59e5,31-Jan-2016,0
85359925bad2320f9cbcb5c541c83fd64780dd5e,08-May-2016,0.513788
856f2d1d3c3cba13e6f6a7c92900c162ecedc3fe,26-Feb-2016,0.890809
868816f7c6c63efcc678da6320209f87be53f6a5,18-Jan-2016,0.6475
86a97cc9193df45f8c05d5a26aed72bcc6aa5dc7,28-Jan-2016,0.967513
86d2160344cc09988fb7f7b5984f36247fcb786b,31-Jan-2016,0.907955
86d99c9470fdd53d0825490b21b2dbab7eb4c938,20-Feb-2016,0.995455
873424d8e1cb490d58ed2995af3c0330bb7760d8,25-Jan-2016,0.853409
87cf77ff25c0c010e442e89d7dd59f42859dce09,07-Feb-2016,0.906226
87ece7dc797159fdcf37b6b37a4b1636900dcb70,07-Feb-2016,0.259091
88236e4802396a7622481b52d0fa418cc7bf2361,10-Mar-2016,0.19
8836823b5142ff8311197d4d60d820547a023aff,04-May-2016,0.245455
8856f5b9fbe7de98cc4638e541db2ccc5245505e,01-Feb-2016,0.972402
885aa82b6d9f798378ac1b8f0c608516891d6631,15-Jan-2016,1
886f4554981eb186806d7d0dab336d18b11685cc,03-Apr-2016,0.225
88ac842c849034a05db050fddded0cef55b07777,02-Mar-2016,0.270455
88b00788cc4c4544e706b8c9e384e2897c8e3344,21-Jan-2016,0.075
88c27fc8c7799d55c956c3f1568dd34f786bbb4c,24-Jan-2016,0.910847
88cabd94eba6d5a862af0a3cebb844c5a499e616,16-Jan-2016,0.915
88ebbf020ddbef42a64b153f8968616bf4457d3f,30-Mar-2016,0
88f8e4a48d739d9a359142994b07baf1334b0db6,28-Jan-2016,0
8906d45615dba00af46fa7b93c9195343dcbae67,16-Jan-2016,0.1
8907b78089b124bcde3758c7a61790841c59f8f4,23-Apr-2016,0.934167
8942fd4ce70453ec4243143036947d3692842233,13-Mar-2016,0.8775
895caa62555d7f1c84fc17f450de34e2c2c321db,14-Feb-2016,0.975
89609934d53403acd631b10afbdce778a1ac8c56,07-Feb-2016,0.855013
897fedb090bb30a79da519dd6382d0d15ab6b0cb,07-Feb-2016,1
89bc8b4227de9e432b86e3b63976da75b931105f,30-Jan-2016,0
89c2f63f853f6d6f585ba7e4c098d43a712fe85e,20-Mar-2016,0.1625
89fd54f762c88e3a59f855be75398c43e99b16af,23-Apr-2016,0.899583
8a11a8a1c90b61c625c36ba73d3d5d4a0edcecaf,24-Feb-2016,0.1
8a58086f63039bd99eb7e7e20670a7d390c7683a,14-Jan-2016,0.22553
8a762ba2ae75986939ce30c6a78068f79886b7a2,25-Jan-2016,0.872426
8a7c3dedd23f952e7d9ac83af294e36f8a17c834,01-Feb-2016,0.827475
8a874ed7ebd78941c685e139889619eed2e8cdf3,20-Feb-2016,0
8aa4455291fc64e0eff50aff042e6ce53676a9b1,01-Feb-2016,0.270455
8aa78bb596a9274e0fba2ad4d8134ef8fe3b9fd8,17-Jan-2016,0.987513
8ab542f8517e753200d8cb10f25b992d5c2a000a,07-Feb-2016,0.937576
8b873b78a9ef4506bf73f2ae8ba3034c9be5ad70,28-Jan-2016,1
8bc74d2f705a7541ecb65b352da93a34b8b11830,15-Jan-2016,0.075
8bd0288dba0c93859cd3f132c5655be0e014dcb9,15-Jan-2016,0.225
8c1446ef8e6236472e999364a224d9b4242db701,30-Jan-2016,0.886029
8c42e3c855c7a93df921cee87e3fa09805a625a6,31-Jan-2016,0.86875
8c55414e37e3d7f3aed1eccd67e26dace9a30bc0,16-Feb-2016,0.95
8c6737656ee9ad5fe8c158709bde8fba5f113811,07-Jan-2016,0.05
8c7b0638833895729813fa4b34a338752957d629,29-Apr-2016,0.925076
8c9c9e083ef03bcc7a0f501f5c634d6f4c5afbd3,23-Mar-2016,0.9375
8ca1e74a05e5cda63c4aef04e43bbcc741985189,07-Feb-2016,0.921667
8cee9a6aded0a9b54a3dc453e19f2232f440c7ed,14-Feb-2016,0.265
8d2591d8b188fb79013fe4e5d92bf53e809e54d7,20-Jan-2016,0
8d3824607f04f8a401dad452df9aaf902d9aa50d,06-Feb-2016,0.905417
8d5f2d9daea2e1e95ca95b63333714fe57dc8202,01-Feb-2016,0.25
8db315bb4548746a67f1026a23554808afb3ba48,04-Feb-2016,0
8e018cbe1a431e09a0dac7eeca3e50ea7295e39e,28-Jan-2016,0.899583
8e3ef4534d360256f5cf798297db38fa6341c149,06-Mar-2016,0.996667
8e54b19503ccde8173090c02946b6c3a1807c6ef,04-Feb-2016,0.962968
8ecc8a0b1bab92a995806004ba41d54723454104,20-Jan-2016,0
8eeab86cf78f99fc7551120ef8c7e579d59ec6fe,29-Mar-2016,0
8f173c3367bd47579bc9c096fcb8e4f1b7a3a948,05-Jan-2016,0
8f54ed70add3f738472a96abc04fd3399e15966f,31-Jan-2016,0
8f57e18439a42e550a6dae61ca01cf024c284882,21-Jan-2016,0
905dd6b807277e564223849b9d057ea7928bbae3,18-Jan-2016,0.0466667
906c3bf908764a1620c726df4c458e1a7e6ced00,07-Feb-2016,0.8875
90a559a25a3ebe16a2340f7b2be39e51599ebb57,17-Jan-2016,0.143333
90b37ca01b047d3ffb21b527b130fe8cdd0a0e63,12-Mar-2016,0.832538
912529d9e08915ce0c96fa869632f34cb32e2a5d,19-Jan-2016,0.0366667
91320e05ba5e68c8fea7196cb0c691658524b5e8,02-Feb-2016,0.987451
919536b49b14bff39b925a7417a7c394aab433e1,28-Jan-2016,0.1
91b5977e3588932b10314ef941ab4d308fff4cba,23-Jan-2016,0.79375
91c00418277df32d94ff959c33f0f1bcd9e1dd69,04-May-2016,0.331176
91ca0922198a10089d16daf55cb2e3a84c57f4ec,06-Feb-2016,0
91fa1e08c18a8bc57b9eadba3d23d03c84476d9b,24-Jan-2016,0.811631
92718b1439087c586652ae4567ca0ced9e37a2a5,14-Jan-2016,0.875
929fe7060e6686fbbe7bd7d642f91f6a61db75a8,19-Apr-2016,0.124167
92fadb34730a1ba5da25de18d732474f8baa2159,22-Apr-2016,0.881618
93024355fb9643b096fce8465babc9adc8f8b7ec,22-Jan-2016,0.075
931a826ced6a847926ad149a8f3c077d86da9d86,26-Jan-2016,0.075
933d6b5b05796ebb8e50aec6d48d075f29dac320,25-Mar-2016,0.3
93477c20c69ce4d25802cc1816a6937215549ba2,18-Apr-2016,0.996667
9354b870266c8998bbbea5f5bf98cac8fc5af187,18-Jan-2016,0.1375
936a1d254f92337caf160e6661d9f6e09e2e3e08,08-Feb-2016,0.840417
938823bd51b05085d9224dea2271ee7756126576,11-Feb-2016,0.86418
938f65162bc3a557e5c1e60fff774f1dae89fefe,14-Jan-2016,0.978409
93eabd289d4f74f35dcb7df3396737c743a1705e,08-Feb-2016,0.14375
9436a758231e21d52867d5ed209f60609d92aeb1,23-Feb-2016,0.898371
945a40272dc2d5e2c2494e2cb99c5944cbe03068,28-Feb-2016,0.959559
946a6ec6a782cedc6b4679ba2de316602cb27d15,16-Feb-2016,0.443725
947d450d406d902327c2a9c8c3ed3c59ae019d7b,13-Mar-2016,0.6
949f19a3ce87ef5f07069e88de513f2de5bc77d0,09-Feb-2016,0.789205
952897638cd73f3112adefbe51c3a7ac4d665692,11-Jan-2016,0.892747
954b988b4f55ee85442385d7352f98a77100019f,03-Apr-2016,0.876705
95ea7ecdf5eb1c0c60195ca0ce90817d41a62387,28-Mar-2016,0.948763
95f6845f0d93893f9e5c0e62d8f5134f037a3746,01-Feb-2016,0.358619
95fe137f401935d9c5489d5ab3a7d106d9138c62,14-Feb-2016,0.86875
963aef004e5005ebdeefb6cc5df321069d294f00,03-Feb-2016,0.935
964bf91b80b7fee3a20c6e1d9c625185ed12deae,19-Jan-2016,0.957955
964c651af1374c3501f30dbae9d44298568b0d63,08-May-2016,0.2875
965523941542fcaafc486f05243a72aad7344883,13-Jan-2016,0.272727
9662dc876fad4edf7757dc081a9de39ad751eae5,24-Feb-2016,0.864205
9673cee51d7c8c90642682fa28d45b415cb69324,13-Jan-2016,0.146667
969756d561a006cd119373f9137a10b89d12df14,21-Jan-2016,0.111667
96b5e2f7eb2ee4a1111cc501b3dbe32b8e6f1125,02-Apr-2016,0.930833
96fea8a0fb1efca601271ca60c3aee135071a271,05-Feb-2016,0.934167
9766555e3ab95195d95d3c9bb347d5b21bbb1a79,12-Apr-2016,0.995455
977514642134e983482314184d69bd8d82578b7f,24-Jan-2016,0.957955
9788327eda79b359e0ec5fd06930a55cfb632e5b,14-Feb-2016,0.909559
97956fa66f22bb79c9505e3fc89900173a43fd8a,08-Feb-2016,1
9797ee59efd4fe4eef3e6dccc4a5f42a8f10e8e1,06-Feb-2016,0.984091
97b6fa2efe47436f63c0db7738ce2c69fbbedcef,03-Feb-2016,0.902917
97d96f8caf02e646001812cd2855bc155b0f22d9,31-Jan-2016,0.9625
97e6cc49dab8d5a000fd233defec790d19a121fe,31-Jan-2016,0
9841ac252e036c2cc41e75d79d409eae532ade15,08-May-2016,0.832955
9844931f519487edb6908149aca757136876219a,29-Feb-2016,0.980833
985c58f01f525487ac8f895b9fc1b3ee60830771,02-Feb-2016,0.980013
993b51756eeaeb50493909ec6ae64a178258df30,14-Apr-2016,0.4375
995b005641c0b46654e8473b71c2e51f37eabcf1,08-Feb-2016,0.932696
995b51c547f171a9df4b975bfa2794dde1503604,07-Feb-2016,0.843826
995b845f0d0671f6f891121018ea4bdf5a6e967f,31-Jan-2016,0.882386
999949f3af4ee26d1b3cd54faa0db7c79655353b,08-Feb-2016,0.832121
99ca25cb5f871907c3f520c934bc012a7f700146,09-Feb-2016,0.84625
99d0c053254d45439bc22f3d1a2cdaa1c7ae18cf,09-Jan-2016,0
99d6285b73d510f40a83bd42f9e5aa00b4525e7d,15-Feb-2016,0.82211
99f3ada48a9403df929a37876308308b41183d85,08-Feb-2016,0.768676
9a025bf081b4c27dd121dc7bda420b41c724d834,31-Jan-2016,0
9a30559a048a4b593ef25ac2ceb336fb24cece96,09-Feb-2016,0.88125
9a3934082162459a8c71d39ef4998399f12dae8e,27-Jan-2016,0.9875
9a50f5a264b0e0a6fb1288347ba6a447fe40b69f,05-Jan-2016,0
9b425dd759cee7a135006d0e902c8792d8677e6b,04-May-2016,0.89375
9b567432daa879569faa7b730505e189f000423b,20-Jan-2016,0
9b683ecb2718dd3ed84d59d70080df31616d551b,11-Jan-2016,0
9b946358b90d9d00042272d8da6cc10315b65ce9,10-Mar-2016,0
9ba663b8a99b67a903990368872fc8f4a396e960,08-May-2016,0.9
9bf5a021d44e077aa373531f22d8a7a9e59029b0,05-Apr-2016,0.954572
9bf8411f6745f95526dd749e488c4c8a28f1c70c,27-Jan-2016,0
9c01ab9ad5f18c926013462d83a7ee1a5c090f74,07-Feb-2016,0.255833
9c084fbe23238a8328ae74479b60d0ff28a54068,08-May-2016,0.121667
9c6829caa8a33f94b38516f27610dc91f85bd01c,16-Apr-2016,0.2
9c83027be993103a1602e79c3428e1e9238f26f2,04-Feb-2016,0.759926
9cb085c108777179090c91982bf7542ab6ee7105,10-Jan-2016,0.1
9cc5cba9df6bc2c7d13e45d7f2d9268f97774087,05-Apr-2016,0.934559
9ce843e5c54afe4a1c46932b9870f520d9af1af4,02-Apr-2016,0.962968
9cfa4bd3c26c23cecfaf126b1b6f86ce295a80db,14-Jan-2016,0.815909
9d0d020e1e670bfb5c96cf241e3495dd8753d6dc,20-Apr-2016,0.826288
9d1160eaafb3a2ddc55d6f0260860e5937005d5d,22-Feb-2016,0.937576
9d128b99f6813c54d002346a8af5204edbbac0e5,11-Feb-2016,0.856326
9d5d02fc5db90e65dc4479d25d3e9f02e491f6c3,13-Apr-2016,0.841705
9d8a2bb09c67669d923ed27246c69b2a24050de9,24-Jan-2016,0.075
9e7fc3980321793910540aa60362f9df672dbc85,28-Jan-2016,0.868333
9e873f756462210d1f177d7a607547d5dce56d44,31-Jan-2016,0.80625
9e9b1462050b892a46ff700e5b80ae1a6c263534,24-Mar-2016,0.805833
9e9e245a57b15ce876327408bcbcfc5cbf867608,01-Feb-2016,0.9625
9eaa79d3b3bf622ff4c981c52263e99d011ba454,27-Jan-2016,0.990909
9ebb938af756ecff946b130e096241b9db0a7e2d,14-Jan-2016,0
9edfd5bb9260464bc41ae531aca61258cfd7ccaa,23-Mar-2016,0.921642
9ef8355835f71d4a03a8abbc0dcc102c67d6fccb,01-Feb-2016,0.953409
9effca8de0b7ee047fdd0b1225a737bec948435b,04-Jan-2016,0
9f02a7298a75a71f8c521853c88b64801aeb1ca5,21-Feb-2016,0.1625
9f419b7463f3f55ea98d789b0b464e53e0e51712,15-Jan-2016,0.1625
9f5d363a6ade940c6989329f636fd014c2f681ae,29-Apr-2016,0.918725
9fb6144241d66bb835933c79b0802a31b95f7234,03-Mar-2016,0.205
9fcd5ff3249be832c3f6261d9b9ae79c62ff0cbc,21-Jan-2016,0.1625
9feb771f28f4e2a0f8d0c66578362871ac6857f5,25-Feb-2016,0.890909
9ffd7888919dab4a44c4f00712bad45cf8fd0d4d,28-Jan-2016,0.844886
a002887767313d345c506f4c4e63e33aca50934f,29-Jan-2016,0.948371
a056b58e88c0cbabf0fca80c99e70bbd9e89d338,08-Mar-2016,0.2625
a05b858f3181aa314ad0349af8ac822956d02959,30-Jan-2016,0.89625
a05d00e85dfece1d1cc2c59628efd27ed6c61596,13-Feb-2016,0.075
a06e264f114deb91fb870a6b261a100d63fef25a,28-Jan-2016,0.907955
a072aa4023324f397e8d4570e6f360c670e61316,31-Jan-2016,0.8625
a0a13bdcc7b54b36b4e38c91591fc308a1a3cde3,10-Feb-2016,0.9625
a0b1f348ead23ea07c2be8e106360b859f30f352,19-Jan-2016,0
a0b3b4e18b0abc38f7e1fe3f02ad38a7bb248237,31-Jan-2016,0.895038
a0b967ca7caabe685dcc49d799578fdc227bd58b,30-Jan-2016,0.9125
a0ded898d57df046addfa1eb9bdacebfb4c6933f,09-Feb-2016,0
a0f4f464fb35b3c62fb695a3b76287edf2e47c86,07-Jan-2016,0
a1757e289f1ba671e3b78bdd4acf2677855a0f8b,12-Jan-2016,0.88125
a1de1b920313564933d4fdde679ad90ba1b3ba70,04-Feb-2016,0.855809
a231bc530eb5134f27b68da1a9d965c486f993c9,19-Feb-2016,0.995455
a2330214c51733c05d6525a347f3e8151b1127cb,29-Jan-2016,0.120833
a26a21183b675738cebb5fe72ca9107273b5d5ae,07-Feb-2016,0.859142
a28a6e2b9cb503d845a860ac856c652c9cdf906e,02-May-2016,0.895196
a2b3b8b23ccd1d09674874bee148368321e38ace,07-Feb-2016,0.895455
a2ce096cffc3cebd183b0da73fa1fa4f147e27eb,26-Mar-2016,0.896667
a2d5207dbb1531b30173e0da25fd77d8e4b59c1f,01-Mar-2016,0
a303d00d3045f9c481ba0bbdefff506a7cbc459d,11-Jan-2016,0.1
a3190092149f8d6b9e4931fc58b91f8cf6c3327b,19-Jan-2016,0
a3ba12eda2a90f51dba96d586d2fad4efeafc106,06-Jan-2016,0.15
a3f5435bfdbd0d62822668bb3d064eba56a738a7,03-Feb-2016,0.900468
a3fb4c64c29ae0eee7d8afe5dc50f6362b5ef204,08-May-2016,0.962576
a42ff9f9412653cd7cc5dd97d1f0a496d533f8aa,31-Jan-2016,0.315909
a47eaf16670895b059d007895e9c84b7bb004c7a,10-Mar-2016,0.93918
a49789c09d35b147fe120bfaecaab224d9723eb5,06-Feb-2016,0.995455
a4c0d489eab266f6d0462c804810dbb51983cc5e,27-Jan-2016,0.926705
a4ddffc7b8ab43f8a9088f548c2201a7ac2d0a21,18-Feb-2016,0.151364
a592738f3b7207daa9ed668a3fdb39711e723a1e,28-Apr-2016,0.279621
a5e3be182f371bea6799c8b4e18341a6cbead188,30-Jan-2016,0.95
a60ea2e1d10d3772070e626f62cb2da0f6acc57b,22-Jan-2016,0.265076
a6323158388cfbfb87bfad6ddd0043cc3edbd86c,09-Jan-2016,0.1
a694e08adb69f97e276a42842ee585590d15ae46,01-Feb-2016,0
a6f8949cf4468db6691112c097940b90e2829093,20-Jan-2016,0
a728b874edff530fdadd77e1a0bd7782230b744c,18-Jan-2016,0.832955
a771785859f4b747c92a3c55ac442f43940025bc,07-Feb-2016,0.175
a772c91e5065e0fb0a9ddc794056757846b8d14e,17-Feb-2016,0.91875
a783c2548b430233f870f83df072f33f1df6496c,26-Jan-2016,0.922159
a789a6b031ac524bafa83dcf60eac785889eef86,06-Mar-2016,0.967121
a794ebe6c3d458af56edd0c61c400987a5964868,29-Jan-2016,0.89375
a85d35333954d1343bffc5cb1e70d4ffffa3fbc8,31-Jan-2016,0.882955
a870d81ece639fe67139313c34a1e8b7ad225221,05-Feb-2016,0.87043
a89d9a29ea4682180f492ed87e573463a8ae810a,31-Mar-2016,0.975
a9267c189a3923693ed12ee43747c76e3391d373,07-Feb-2016,0.922059
a9bdbd992158eb6cb4d86d56cec20775e87e39bb,20-Apr-2016,0.906201
aa410aa04a5a85d6489b9c577c0f1f4f8322302f,30-Jan-2016,0.9875
aa65658da4477faf87e7eeef1adc6edf73f83dd0,14-Mar-2016,0.901705
aa71f96555c972c0a4bf93a032bb1337d72a0dcb,08-Feb-2016,0.947159
aa85e6fe95b06de9cdc1c3e1dd5f603685a549f3,25-Jan-2016,0.15
aadd2fba755bfa2b5d6f043086576bcc3f6b4dd3,12-Feb-2016,0.880013
aadd33ba8fd91276db3019e3fbf7ae88dc238780,08-Feb-2016,0.885871
ab1b5ed10a6c62fb194979e089e5f645986eac07,31-Jan-2016,0.982955
ab73459fdbe70732bb7d15b29ea972cfa4bab8be,09-Feb-2016,0.975
ab8d602d72b60284e1bdf0f4b373267c5294ef1a,21-Feb-2016,0
ab9ec6a2281b26e9473f022b7d7d9f94743b6867,26-Jan-2016,0
abac562480d79864966d980d0af9d1429482e3c1,17-Feb-2016,0.924976
abb2a6fa62c2579d8970c53a1be7bc49d388d3a3,01-Feb-2016,0.9875
abbf1ad957d7739883e6de1421a1b79e4007d186,27-Jan-2016,0.818777
abed1fbd74a8615a3039dc8ddf6e6e58e61538a0,11-Jan-2016,0.9625
ac1f8ff5c4392f7a96c1a71a2b50bc2f1ad1affb,06-Feb-2016,1
ac29adcbbd5773ba99360c04120aa74b5f867da6,19-Jan-2016,0.982955
ac4836b90f211bfa23ac26df908ae4535142929d,01-Feb-2016,0.959167
ac49141d04d508aa7757f76ea584ec36a6ca2fd9,31-Jan-2016,0.930013
ac63c7298b8f70d3d62ced3aad138378b127a329,02-May-2016,0.907955
ac71dd6d88d8c52981dace1172cc3cc6371eebc4,06-May-2016,0
ac8f9057d7e80a119993a88f47d7ac4eed64e94b,21-Feb-2016,0.945455
ac9cd5ef37e2bc27412c176eaf322f81d66274b5,08-May-2016,0.585455
acb2ce4d2ef36822810504538987af8970b4dafc,05-Feb-2016,0.720455
acbbf6efc0cd2246add3d51a6f9acb32711159a9,27-Feb-2016,0.9625
ad0a01c98b540dcbd2627263db42900b9a6bb43f,19-Feb-2016,0.968333
ad42dc51ce5641cbf0abf249e802efe63a4d9654,17-Mar-2016,0.134167
ad57efd8cc500e2da30815d6b853be492bde9338,23-Jan-2016,0.953409
ad816281784ebccc4419d6c4e5de8b25345272d6,12-Feb-2016,0.869621
adde4a5aaffb067ab0ee645a1911c219ed0d49a4,29-Feb-2016,0.993725
adde71c63fc100abbc501b14b9efd1828ab772fd,07-Feb-2016,0.89375
ae0dec30b0c9b9f98c2779d61e17d7b411b8a33d,15-Feb-2016,0.990392
ae31738dd26066eb49b31d962b9abfaf42433db3,06-Feb-2016,0.9625
ae3f0bacd2aab8efc49f02d837dba2986ad3da36,24-Jan-2016,0.257955
ae53ee1c29d326355a58566fcddc7d5d8b454dc1,05-Jan-2016,0
ae773a71ff3b137987634b261f5c6c45db698f17,16-Feb-2016,0.860909
ae808e2284fcd36a37423fe1663954d19aa19a77,16-Feb-2016,0.849401
ae9a5add08bddea5e636587d4cee5bb475238a69,06-Mar-2016,0.242197
aeb84d16fa25044ca7f55660fe7ef1d02011b92d,25-Jan-2016,0.2875
af3bf3b580f79c630319ac222e14907605242f53,14-Mar-2016,0.912968
af63ae57b5d89923a7deafef588f390cffecb598,10-Jan-2016,1
af8910869ea8d7ec07e65ffd0bc24ac9150dbbd6,03-May-2016,0.290909
afd7d9a6a46c6df446e8e64c1f2f7430f82ac5f7,04-May-2016,0.955013
afe22aad7c7a52b3ae7a429d1a1dcf0bab0790ff,06-Feb-2016,0
b02d8840a20f285fec1d1c9cbf80481497fb0dd6,15-Feb-2016,0.967647
b0462c0cd58cbc67747be5713777347aef8febec,28-Feb-2016,0
b06f0d2c26dce25ff746e850210d4e7fd0098f31,29-Jan-2016,0.851705
b09c2e3fe29ff5956e5213db5ed7ac0f0b4c0e6c,15-Jan-2016,0
b0f261fc75f82c046c5029e062a5609163c5cdf9,31-Jan-2016,0.963605
b10a66661a0938205902ece37b49faafbf822353,03-Mar-2016,0.902917
b12487c016c33f99ac1cca5ea034e65b9af90640,24-Feb-2016,0
b16482826819c23ef872aba7f5971ec5da54e572,31-Jan-2016,0.997059
b16fb6195b4624a969b060f6a32d375c87654e0c,14-Feb-2016,0.716176
b1c79acecc9123d7bd4bd3d1744ef3ac8882b3f7,17-Mar-2016,0.875
b20db43df5514936fac8dd60efa55815470c56f0,04-Feb-2016,0
b24cc25961c2a6f9ed3f6b6d160424d9ffd45a7d,20-Mar-2016,0.61875
b2b69b4cc0683fbbbbde956dcf0ef6e151f5b0f1,18-Jan-2016,0
b2d95b4fc6730270c6a4ad71ba6facd680fcd2a2,20-Jan-2016,0.2
b2db50bfc3fa5c197b3166aa801450d394f9ae4d,28-Apr-2016,0.909167
b2edce71809f4a2445d097247327ef105fe9f5bf,01-Mar-2016,0
b3154dceeb6fcd484c2cabfd46ee579355df100d,31-Jan-2016,0
b3c570ccbe00f2c2af7aef8ccfb8ddc979b7bdf0,26-Jan-2016,0.894218
b3e03edf0da9a29400332b53c089f870afde1756,22-Mar-2016,0.085
b433588633b56a3c3070f310754af809848933c5,31-Mar-2016,0.9125
b43e80f455798e4891144c950ea7985167436ca7,24-Jan-2016,0.905013
b45c1196db5c629e1dac2195e2b6e1100f0bd553,07-Feb-2016,0.393725
b4719037dcda36732b7a443e343104cd5010c90a,07-Feb-2016,0.993788
b4e3b48b81d3e62a0af916979291c25a6a5c1cb2,04-Mar-2016,0.95
b50264f532a15b20b1e2a73073be57302f33cfbd,20-Jan-2016,0.993333
b52316c8ddf1960f4eaaa3a0f81f371a2986ec17,25-Jan-2016,0.975
b546927adda1d56f3ade637b7a445a0483a73d89,15-Mar-2016,0.178409
b578a8ef0fd3db52f34caaae22a3c34a58f445ee,12-Feb-2016,0.984167
b57d4a4f4231a0f11577232f88e9cdc28c068856,26-Jan-2016,0.9125
b57fefdd28d8c30be5f66aef625547619d335aee,24-Mar-2016,0.903309
b58d84398c9610faab53bd913cf5b039ebbdf106,04-Feb-2016,0.940909
b5ccb3a4f681b0bdf633ef4faf251a13bce29436,14-Mar-2016,0
b5f2370e0816674b74cb1b97e3a5e23d32c7081e,28-Jan-2016,0.95
b65d7c21ea6f23e207ffd49faf8933fef48e4842,17-Feb-2016,0.125
b6ba4220f3476ab0378b9910937308931b59c5d2,01-Feb-2016,0.880833
b6ffd9b9fd7a37db8ff8e1a5047af9f4c552c99c,07-Feb-2016,0.91875
b76d50cb6fbe3699b9299817a3cf867c467af5d5,18-Jan-2016,0.940809
b78d2764824a426982c6881a803d515c44276528,27-Mar-2016,0.254621
b78f2c3f5d36898a5d73314bb2f4798602a104a8,04-Mar-2016,0.8
b7dc0ab966128baf6a6afeeee8cd04b798efce93,24-Feb-2016,0.884167
b8080c800f3fcd8fb7da0c850eb449f2b4098ace,10-Apr-2016,0.95
b81abfe61a5d892d5064058bacc5d82af749d113,30-Apr-2016,0.920406
b81b0a7f1743b95a7a8c2befe27f53d98498e2a3,31-Jan-2016,0.0466667
b84dbc0d67a133dfa7b41f4432791e8b5cee5957,27-Apr-2016,0.884167
b857f7ea7ca923fe514a17cd6e9931a65561bb92,06-Feb-2016,0.993333
b88f3b80bf32170575ba01e5b122f83d2aad7fdf,30-Jan-2016,0
b8a5e8bce7ff63ab0ddf9251e1f57c3a20b531a6,26-Jan-2016,0.878309
b92c6101d7ebf6c1b6325a97f514de0185baec0e,21-Jan-2016,0.075
b959d2c9b258b20742543855c5a7c59b4f00ec1d,15-Jan-2016,0.852992
b9650c970bf48267d8fc39a4bea19a63076cbd61,12-Feb-2016,0.233333
b981bb1f455c2eafd75e0db02a0b13b15f33ca9c,30-Mar-2016,0
ba20b28d1c2ea8fd28b46779728eb6adb75ee892,10-Apr-2016,1
ba3d637c7ca4659c89a62b8ab49dfd249abca1de,13-Feb-2016,0.95
ba4a4fca354c92591aede30e14c456bd8f24c56c,24-Jan-2016,0.922426
ba65f07752cf1052611bb964f59e0bc339630b62,15-Feb-2016,0.0266667
ba7da7e62d872d6248759922a30311626aa23c4f,21-Jan-2016,0
ba9aaf1b5cfb1db8dfd5f203eeca2033e884865a,15-Mar-2016,0.995455
bae304a57119ef3aee92eaab93e37ee47fb38840,10-Jan-2016,0
bafbdc2cb76ac5bdf5438f687a39d7102e3d01f3,16-Mar-2016,0.907955
bb03dee49e69c5ef5c536f2819ccb85f6c794975,31-Jan-2016,0.932955
bb45a8a3adb0682826c11ca09278c5e530889ea6,04-Feb-2016,0.906252
bb545c162e5a5b57956aca5609a6d6a974c16a3e,07-May-2016,0.820089
bb7edbfa9488bc953c2d8e308cbb97ea05db0e8b,17-Jan-2016,0.7375
bbafa336dfd1f6af15e6cdb8c85e1b755e63a2db,25-Jan-2016,0.1
bbb529125dbe0692a84ab1cf142c65be35ae7a80,28-Mar-2016,0.95336
bbc3913f06f5f2a578346559db982068ac4a2e4c,14-Feb-2016,0.6
bbedc02acf804d86fc14c569e7f773d78d8c92b6,10-Jan-2016,0.1
bc061bf50c80fb72fb0178ea5ef78538ab10260c,07-May-2016,0.392121
bc31554098c346f03211c43e08b24318a6bab491,24-Jan-2016,0.40625
bc5d7ea35d3d9919b4d6f2612278b0dc8daf34b9,30-Jan-2016,0
bc5fd8f3c7f3e811a64ea4bfaaadc9a11146412a,18-Jan-2016,0.1625
bc9766120236455aacde25450bb647754baf99e6,18-Apr-2016,0.1
bcecfcac634cb01aeac08d449cca72800e22fff8,21-Jan-2016,0.963102
bcee743cb2bb0db992697076e5129f0f80111c1b,25-Jan-2016,0.189167
bd364e208fe09c14185dd8b2dd24c18270b36b83,13-Feb-2016,0.18
bd7c048a03e25e41c7ea7978d60248f2d61a8cae,02-May-2016,0.946225
bd84c2f98d057fd3cd40a7f011a26cb58a12902c,18-Apr-2016,0.955833
bdab6eff3785e64656c168eaf4a786beb2485030,02-Feb-2016,0.982955
be84996951e6a3650d0eee0d699604e144d84a97,14-Jan-2016,0.809091
becd0025c04366634826fbd701721a700c97646c,31-Jan-2016,0.906288
bef748b828aee6cb5c8c581b3746ddc5dd741708,05-May-2016,0.1375
befb8c72b765f50321e15591c086e4c161c13301,09-Feb-2016,0.850051
bf1fc98267b2ccd82388562805b4eda85776b667,07-Feb-2016,0.584167
bf4de9947d44c0dc8eca4f4963287fd457e82d49,15-Feb-2016,0.880417
bf73bd6445c8adf836af63ddd97ea9b4b7a4a0e0,03-Apr-2016,0.995455
bfa1fee47901d14319ec24af601885a72f276c86,10-Feb-2016,0.225
bfe191e704165e924db463a56448a04346db2081,08-May-2016,0.0333333
bfead35355eee245017fc04170a92add7090e98e,07-Feb-2016,0.255833
c03e0e6495181274757fdd973cd58d7a371d8db7,31-Jan-2016,0.901288
c096954e3e9d4e40201210d84d216f0231a489be,04-Feb-2016,0.956226
c0d48abb55a96869165dcadc1640671c584a6d25,29-Jan-2016,0.225
c12c3c8dd550b9a5613e45fddbb090255b6c3963,20-Feb-2016,0.926263
c21e8fefa61b8a78ebd73f9d664ef78361c95d15,08-Apr-2016,0.675
c223f7c733cf1d63eb5de14c3b08692bb31c41e4,08-May-2016,0.0875
c22b86c5d27967f4a2808b6117231e007881d057,26-Apr-2016,0.075
c243947a5c5626e44e4746fa219cac151801c3c2,27-Jan-2016,0.934091
c24497c0b30d1ee477a3e4f563ed0e19fd09a966,01-Feb-2016,0.134167
c25750209a190421a0654d5dc1c8a6f2a78414ce,26-Mar-2016,0.857955
c27b2e434459b4eee3a48f39f1b95c4b4ce53e94,30-Jan-2016,0.836263
c2816123a947f804a9f00856f4b352e9698ebb60,13-Jan-2016,0
c2b240bd4a188162896be19107e3091a91880b14,18-Mar-2016,0.9925
c2b759be61740d3e0f9131beffcd1b184139ddb2,31-Jan-2016,0.929621
c2d5508b09c493b285f18b14c141aa34d24e089f,06-May-2016,0.2625
c2d8ec1fbb427426c63cf93d2e9020645a1748fd,03-Feb-2016,0
c2e810532f0a965d64943d24a897f09a95dae3f9,17-Jan-2016,0.934659
c2f428ed27e20c288dacbac3d4f2ea92b2dfdf86,14-Feb-2016,0.924167
c31541b6afc0c6c619f5c6cff8b7a6ff1d9252a1,24-Jan-2016,0.15
c382daca44b3feab4ada1ca43dc5baa588ecd0c6,03-May-2016,0.1
c3a3253718a3524fe540ad3bcb463559b9e9ca4c,09-Mar-2016,0.996667
c3b1fe0e1d5c650dd1ec764406a7b6523b50cb44,05-Jan-2016,0
c3f74289c59dc08f7054c4648df17a35fce67455,07-Feb-2016,0.424229
c3fc1d6428ebd65830d27b985946fa10a4134fe1,10-Feb-2016,0.893801
c44ec831c035bcf226d2e0ee3f35ff688720c5dc,15-Jan-2016,0.887451
c4507349840f2c7aa87915a15efbc89ec06b09bd,07-Feb-2016,0.877576
c488cd938413f4a475b93aa0ea511c13bc4ca9ce,12-Feb-2016,0.866176
c4c7c91336dced9d777bb6698a193fcf55ab8a5e,08-Jan-2016,0
c4d73f7e2af2acd77a5ea4522b2b2f440f73e69c,11-Feb-2016,0.3
c4ebbe329cd32126c407c4f5ca498428ee06c0e9,10-Jan-2016,0.0375
c5021e72692edfbb27dbbceb3244d9e1091d3806,24-Jan-2016,0.0875
c549dd9aac00ddb90c46ead3b0f147bacf27b43a,23-Jan-2016,0.7125
c5af145ee26db473505b2a8a63447bfc6093178a,25-Apr-2016,0.893801
c5b2d2a4e9ab3a4d4326030bfc7e9776830a7bf6,03-Feb-2016,0.0875
c5c56c2d76f7362d7dde2d127648fbe0a4b3623a,20-Jan-2016,0.967513
c5d551da2bc22802ef7990dfe629c5dfa534ef1a,28-Feb-2016,0.974167
c63a224bf368b286a4dcec82a4e750e69dde4252,29-Jan-2016,0.90625
c64e307d9c89c2b67d282ef03fd01b236b924965,28-Jan-2016,0.370455
c67cdef81e8819402a541415076976f3f6109182,08-May-2016,0.406618
c6d1a592e61956c3236383c8d761cb965c327ce8,24-Feb-2016,0.938788
c6f4d09600cc5b10013e248ac660e33bc44970d5,31-Jan-2016,0.897059
c74126426878669680ae94864f9acc9b0aeb8923,18-Apr-2016,0.990909
c7707affd5be2997a7312886024fafa897d4e3bc,16-Feb-2016,0.799659
c7e31401f9042bf6a00d7374bd57b8bbe1544a40,07-Apr-2016,0.885455
c7f80f35c882632cd1c9ece9a151e0e6dfc08ede,08-Jan-2016,0.125
c855191bf9a40d8d2fd5cca19de6eddcd376041b,29-Feb-2016,0.845455
c85aef55a4af8d0173099646f8934860025251ca,05-Feb-2016,0.85168
c8fbbc270642ceecd80b69990948cd93bf8e3e1e,25-Apr-2016,0.9
c93a37897f7526bcffde670557e018ac650d45fb,04-Feb-2016,1
c968eddff46339ade9e3d41a0a289b0913125ecd,12-Apr-2016,0.959167
c979230a008789869cad5d85e9d44cace4ec92fa,06-Feb-2016,0.910871
c9a0ffa124406e16c7915789601b71de82b64aaf,09-Jan-2016,0.9625
c9aa12b33c5f15cc0be59b76338139c40fe7be89,18-Feb-2016,0.847159
c9e614bc65f9e544d3d5e833bff823ffd373340f,07-Feb-2016,0.8875
ca4eb24a192bafe4a220ea535744c7d289bb5e61,19-Jan-2016,0.876288
ca53c33627bb44e7351d0d364ea1bfb5a783aa50,03-May-2016,0.852917
ca7de99ce566abe0ee4b427e163da538d47a51fb,01-Feb-2016,0.901938
ca9112efd588d253e86e55025a370214abd57e1c,25-Jan-2016,0.125
cb0c174b3b42565a490fd214c4a09ba22934b389,29-Apr-2016,0.915885
cb2809defe42e1e75f15cc2b651530ecf5973e0d,16-Feb-2016,0.214924
cb8c83a4725dcd6ab6933dfde49bda2d9baf52c0,05-May-2016,0.295455
cbdfca6502cfe388050209d6085e18d12af01126,08-Jan-2016,1
cbf60561612971e07971e8b923be3882ecae4c99,26-Jan-2016,0.1275
cc13fe06a87fd903f5cf6f278caa10c7290d2ea6,30-Jan-2016,0.888336
cc44ed2564890fe4741b1fd586c4f5e66b374e3f,09-Jan-2016,0.7625
cc483feb2fe5bdbc5ef5a5d49675f5bb57d2c7fa,14-Feb-2016,0.938788
cc699548a07cbd78208d298edde48bfc235496b7,08-Feb-2016,0.770798
cca5543582644e732326b833dc01a83e5c5b4eb7,09-Jan-2016,0
cccd1860163ac222c5cf8efde11585fffbe0e459,16-Feb-2016,0.790809
ccf3d59d0b9ab0381c0296ce13b98c66200b69fa,12-Feb-2016,0.9625
ccffb802ffb26ec030284eed5fc8017830bf25f8,31-Jan-2016,0.1625
cd068c86e25487837c046a681586fce2a9f95f39,26-Jan-2016,0.894621
cd4f16d87b833f5a284b9e7e1a3c292576ce37e6,03-May-2016,0.9775
cd6e05b5c28d18a99614d40cff1ce3ce2710ba60,13-Jan-2016,0
cdba783622d1f3b24e5fcfcddc62fbcf51f244ba,11-Apr-2016,0.143333
cdbc1f35f07f3752dc3041213b44f7603a41c893,30-Mar-2016,0.856277
cdbfad56cd65901abe9e16394dcec34d50e08f8d,07-Feb-2016,0.934167
ce0fb0b4d59d220f13dd83bf85c4a4997ef2d491,03-Feb-2016,0
ce281ec4ccb5cc0cc1fcce0f2fd89c86370d392d,25-Apr-2016,0.962968
ce9d1c420ea182559cb57d5640e8b6a02beb4aaa,07-Jan-2016,0.1375
cead306457eb09ac568a6f0d6bc68616e1c3b459,27-Jan-2016,0.882538
cf39963ccd2f67341edc49785608dca5d4b938b3,30-Jan-2016,0.995455
cf617a259867244ea5613de4ecc9443d7d0abfbc,05-Feb-2016,0.859635
cfae3481903fc56f0702df98d1465ab10171dc3b,19-Feb-2016,0.1
cfb49afa72076a8ac988e8460fe8dd75ebc20f4c,02-Apr-2016,0.813371
cff23a7b7fdd1378c948bedcbf02006735ee7039,06-Jan-2016,0
d00a380439c5895dc6c9e574aaed3d99e4a61c86,28-Jan-2016,0.9875
d01529c2d88db8a814ce8d56ef83eea5983ba1f5,04-Mar-2016,0.862083
d032bf361adcee0d0b83a56ba4dd19675ead88eb,05-May-2016,0.860871
d039706acb603c1e40a27e46dd1d40273f4481bc,31-Jan-2016,0.05
d061aebdb9a1d20317a4f866f7c224a5e6b42735,16-Jan-2016,0.130833
d0681d5048444530d489fe1b16bfb0c198ffa7f0,25-Apr-2016,0.0875
d084fea979a6a6baca6070e56c76bb8097ba2505,24-Jan-2016,0.625
d08bfa78144e68692443f5b050a9a87be9eb10e5,04-Feb-2016,0
d0ba978aae15aacbe1777c3c9d55205377fd78f0,17-Jan-2016,0
d19e41bbb6552c5e6dc6c2004f673ecbe26a30d1,06-Jan-2016,0
d1eff642f2b8e9b57871472afc7bb028a94c5a7a,03-Mar-2016,0.4625
d20a4e4120bc319b2ee3b34db67824d8a6b3e41f,03-Feb-2016,0.15
d2155886fae1323314ac59a180e7457c2a391c6c,17-Mar-2016,0
d227032130a73b4646cd16b96c05b38e09af09ca,24-Jan-2016,0.0875
d2428cc4df4aeb209a2d83f98b2c7f200a34c919,16-Jan-2016,0.130833
d255144cdc54125a8f47381c34adf635dce8e5b9,01-Feb-2016,0.899131
d2655d8debc23a73769cfc94a166eea3aa4ab815,07-Feb-2016,0.884093
d28586b626f96014365c7239d8c25c005d1cbcbd,30-Jan-2016,0
d2e018c7ae8fac033a5dcead754dd57a25356108,21-Jan-2016,0.882955
d311c2b426b6d50f5c7cd9c90a8674a936920239,04-May-2016,0.384167
d3141d3b710230e9b0fdc42dc3091669af8adcb5,21-Jan-2016,0.897527
d31fd5b7c0a272e54f5733bcea0eeaeadbec88da,09-Feb-2016,0.895455
d3838a3a185108715b7241b3ba78be203388f50d,29-Jan-2016,0.930013
d3a9e49f48ad55b2906aa443e6d20498abae3f2f,18-Jan-2016,1
d3d6466b9bb977fdc59a2be5db144228336095fb,07-Mar-2016,0.075
d3e9ba8ebf9ff70bbdca32b0973930540a0fd466,20-Jan-2016,0.475
d41c03ab09ba2591b79ff979dbcd41f29ef8922e,08-Feb-2016,0.828309
d44f2f089082e3e9cc862059081554a05930ca77,25-Jan-2016,0
d461234c61fe41a4e8097197bdad719280a9d445,28-Apr-2016,0.856718
d480e849e89b19e08b710e99d6ec6bf9eeea07fe,30-Jan-2016,0.872059
d4cc57c00a239721c476a9fe7496c1ed8be5431f,07-Mar-2016,0.278409
d4f988324ccac3a41c66abb60ae943ec2b905f70,23-Feb-2016,0.899583
d5030422035e309e8d374d4fb09a03f12b4b4da8,18-Jan-2016,0.1
d5173f91620cf1669d6a4b9ee8f2035f1793ad48,17-Jan-2016,0.0625
d5198aa2d6fe86ed1226b870e8d0007fd7965b84,19-Jan-2016,0.965909
d551dc41016918fbb63e951ab672491f066edc93,07-Feb-2016,0.971667
d55529edab67a5e58e50c731bfcaf34fe50bac27,27-Feb-2016,0
d581fe171c1ccb80a852910c62ddd253d2ddfd13,30-Apr-2016,0.956226
d586439f377bcbe03e6b5b21aabe2520bf5b3dd6,07-Feb-2016,0.96
d5a338d302a427848d6ac00d352e9da0590d188f,18-Jan-2016,0
d5ded7ed3b7b9b495b321f7c2633c1aa28a0aa89,23-Jan-2016,0.287576
d63fa1ec08616be36d42bcc1304b77ecc0c322ce,25-Jan-2016,0.1125
d65d2a8efe5901a1947e7fbe0bf00373f87052b3,07-Feb-2016,0.884167
d6655a730928659676d43e8a94ce50caf0da397f,14-Feb-2016,0.350468
d67fb25119c25f1887a97fa0c6afa5be167d5cdc,11-Apr-2016,0.996667
d69667e27a59521ac28a1511f7657d001fa24642,24-Apr-2016,0.9
d69ad9b4cab9371b6137c0ec5d3e6195d226a33e,06-Feb-2016,0.842097
d6a5b47fd6355e0775cd59d0ac7c2d7cd58a7c0b,03-May-2016,0
d6ca4baf5266215639e3382984bbcf27995f9dc2,19-Jan-2016,0.825871
d74dda0feb1a9841d1ee6e6ed991a25defcf51bd,11-Feb-2016,0.83125
d7a4d5ce835fe797b42d61f87318259c6b29587c,02-Feb-2016,0.95
d7a53d87d3794973d90b0b3371724eeb71a37ab4,08-Feb-2016,0.227576
d7f307ccfeca5975d66bce9533b4e984e78233c1,24-Jan-2016,0.133333
d7fb8dc882007235f5b85e8e41772d94281673c3,15-Feb-2016,0
d806cc1d0991535e9aa445c49a31de32b49227f1,27-Jan-2016,0.539205
d82353cfd460cf57ab6534414b6486d123a9eda1,07-Feb-2016,0.920455
d86680e133d33cae702d37f676970faf415863a1,29-Jan-2016,0.982955
d89581d249e508aaaec2f1e168db78ca205dc646,29-Feb-2016,0.856301
d8a96c51a53783886927c4050451204728ca4c9d,26-Jan-2016,1
d9189fc043254337cd8eaeee9f673bb35be58183,05-May-2016,0.15
d923c68d29872c2e2030831c29e9f95fd913af72,11-Apr-2016,0.095
d95f8f5a6e6bfd41edb12447fd18725573ab718b,01-Feb-2016,0.859167
d96675ba06f69350b845c275c9e11631d6367ce1,16-Feb-2016,0.9625
d9a8fcc00bde95b4d7a6e5e1c5b5777c7c4748b2,03-Apr-2016,0.864205
d9b4de214ed4500f1051a005e9cd7daef3d2b665,31-Jan-2016,0.920455
d9f0cb6ef6c43868369558858627c128e30b0f05,28-Jan-2016,0
d9f6996372a85489fbd2bfd4aa06945aee9c2829,03-May-2016,0.873763
da054e4613f32527ffa2089e58d617280fe0810a,11-Feb-2016,0.862083
da19100d1643db807df55eb6189067d6bd76e22f,16-Apr-2016,0.108333
da432b5507dc1138ed35a2b5f8d2dc3257a40f16,19-Mar-2016,0.9525
da483d4de5766b999c3cd7f3f868df74e0c0ded5,18-Feb-2016,0.982955
da802e912940706d4fcb2f1059cc46c96f69e06a,03-Feb-2016,0.796023
dabd23fd78039a42831b8852a67ee35b3e6fa94c,06-Feb-2016,0.900368
daf173beefb39e0a95bc1b974316ec62441aff6e,25-Jan-2016,0.851705
db2a040159c450332cb57403226958670ad8a4d1,06-Feb-2016,0.84793
dba8104298dd502c9ae0f33fb45bc473347b6145,14-Feb-2016,0.903409
dbb58af1975eb83c11670b0de4a422d75f183203,03-May-2016,0.988788
dbc91d52c461d220f60f3fe2dd9234350065db2c,07-Feb-2016,0.84375
dbe2ec57e6060edc7e5c21f837f1e7ae047039b5,29-Jan-2016,1
dc2969c07f7cc054b486a8e681271572228bb885,26-Jan-2016,0.15
dc74736c7b7a14e5c68e9106597c2c01bb8f5933,01-Feb-2016,0
dcc127061ac9a3ba88d7db8761d4c8fc04c499d8,08-Mar-2016,0.921225
dccf3a7e52a2ecd08a34e2788a79c4db339855ec,14-Mar-2016,0.955013
dce44e5ad024c276ddb5f54b4b83a29f0278b25f,09-Feb-2016,0.830833
dd0ae6e4f2f4d0e991cf67feb7f877c86c8b15f3,15-Mar-2016,0.1
dd549becce06db339b45c5693df2565dca1c7017,29-Jan-2016,0.821718
dd724017f33b78b815c52a43fdb1eaf7e120098d,11-Feb-2016,0.9375
dd795c6c470fcc4ebfbb784358ac4cd34870a50c,13-Feb-2016,0.845455
dd8d7ef2d17dc140520d517e2d7b7e6610da7992,16-Feb-2016,0
dda68cb796c99a62bb9b311df070139e12343e71,25-Jan-2016,0
ddb527d4c26f08dd86ac0f44c4ac99e3bd6ec040,05-Jan-2016,0.15
de690b3f01be4f9eabb9524ff110103bf76ab994,14-Jan-2016,0.075
de7d178e0a515928abe6985a7dfbe90bd63d0724,28-Apr-2016,0.880013
de7fa58d0e899c7237d6fe909041a540e9fe74e4,27-Jan-2016,0.9775
de984a104f2ddae8b12a659c3c19d3ba94faecd9,28-Feb-2016,0.954621
deb01c7151f38263a6ee6acb9d61c984b795b0b8,12-Feb-2016,0
debeb443dd69677244c9f839c2e5c21669a1d7a3,25-Jan-2016,0.887968
ded6c86d1a6c8ae81d91791662ce2e82ee95e0f8,08-Feb-2016,1
df108f5f87f73fee46100ab81edc9bf21e2bdbe7,09-Jan-2016,0.1
df1d67b0eeab929491448dd1caba67b9660c3786,01-Feb-2016,0
df672cebbb3ae3c39ae639ac40727a4aac73ff20,24-Jan-2016,0
df760ce109dfd5a3f176a44e90330dab4d097c03,05-Jan-2016,0.0875
dfbb9d62147e594f12fd600e1fd9bb930f0c05c7,06-Feb-2016,0.889205
dfc4a0e0454e1253fa14241b3912a07a9c3bccdd,01-Feb-2016,0.887097
e0115f5a3592ae15edd03332b5193180d9cdede2,18-Jan-2016,0.7375
e01e9e724f6fc69617ab2e0a807e2aae71cc6018,24-Mar-2016,0.871576
e03fe7c8efa49d821f025c40b37bd60b471a302b,08-Feb-2016,0.801288
e04ededb17b65e27e30b9b868a55455727810a39,19-Jan-2016,0
e055df8604fcf974b732c5a84d68d0279c545f09,09-Feb-2016,0
e066268e5876ad0ab5af5fc046dd27edc2ebd647,05-Feb-2016,0.075
e0b3d301e717361fe8f3ab9bd9936d23e56f937a,20-Mar-2016,1
e0bc56fa341542efdf213e1fb86c78c411c03c54,15-Mar-2016,0.969621
e0e99ca8f55848a6a751546ca467dc6fbf997f58,25-Jan-2016,0.892906
e0f436414956e6c96d19ac1410331273b334bdf2,06-Mar-2016,0.892513
e1121845735643465010783cd886252238bc59fb,14-Feb-2016,0.553409
e11655cd413891b202c3e626206af06e69a9f5a6,12-Jan-2016,0
e117888423337ed0190ad789554ffd78c06023bd,18-Jan-2016,0.884167
e11894f309a5d39733afedbe5ad9d6c023dcbc78,10-Feb-2016,0.898371
e122186bb82be387dc913778324100e3abf37880,20-Jan-2016,0.984559
e1389d44307551196f27b7c3aae4ba686852b40d,11-Feb-2016,0.8375
e14a1fc2065bf777cfe3cdb878df61ab7ce1c210,06-Feb-2016,0.9375
e1626ca38e97dbbc85d1660966848a08931ebc44,24-Mar-2016,0.801288
e18860e3f2729bd677fdc65462757a05413a1626,04-Mar-2016,0
e1c95c4cc3fdc271e95e34de0860ffec3e2f10b9,15-Jan-2016,0.882955
e2c24f835bad7c7bc751bf3d08486b82a143c5ea,15-Mar-2016,1
e2e6355b7521c0e2c7987f5fdcf8ca6a867aeaf3,12-Jan-2016,0
e2f2585775831a0f116054501a743a15302bc43a,25-Jan-2016,0.322727
e2fa3f35193546ec8a2108f3ec181517afabe343,29-Jan-2016,0.827892
e31fe14741c5d7cdd7ffc202d52043d4d062b7bd,23-Mar-2016,0.891
e3b46e6de674c9336b3c485e9a1f7dfae20a293b,07-May-2016,0.1625
e3fc7b297ba7a92e4c54bd3bbc7ceaaa1f8c32aa,06-May-2016,0.95625
e40ba0352307dae31c01e299c1a5b01ba5a067d0,07-May-2016,0.95
e4215913dcedd12d19e1fec847f793b45cf31f61,16-Feb-2016,0.075
e42818cec785e28b5e056d7c72b80ba0fa5b3b8e,31-Jan-2016,0.886029
e4351872927b7008e8a9872365139787ce391e08,13-Mar-2016,0.971667
e43abb6c8c3f1a06e23891e64ce911c763e5e458,29-Jan-2016,0.847059
e452e295eecc2b200dd0d49cbc10630d24634a6a,09-Jan-2016,0
e4d648245dd16ea8065be865f2741bb64f4ba5f2,01-Feb-2016,0.909167
e4dc38ba3b642cbeb71fa9b7688bf81c1a6d884b,30-Jan-2016,0.907955
e4e68f7d93c2d04843fc7667665eb2abe97b10d4,25-Jan-2016,0.971667
e507ea55a5ac4e9bf859356b3d88dd2d28ac2b15,27-Jan-2016,0
e5493f902ddea2f01972466298d3069e0a7f19ee,02-Mar-2016,0.878676
e5eec6a1f838979efd850e8b5bc89d2f3cd1cfe9,18-Jan-2016,0
e62315c6468da46b2637034ce5b021028608fe5d,05-Feb-2016,0
e69c5f8344957ace4f7e1309e8eaff475253db7e,06-Feb-2016,0.901838
e6a42dd7b61020f366e922230f1cbac4549f6868,02-May-2016,0.1625
e6c85a5befe6426f84ad761ff7f487a5f69b4776,31-Jan-2016,0.193333
e6d355f5122cf9be4676ce3c20c6f43502d5a18e,20-Mar-2016,0.1125
e6db1fc386c1cdce58254124b9230fb799607187,03-May-2016,0.175
e70f2a19d1737a48a2d9b0d9bfd1a30f67eff9e2,23-Apr-2016,1
e74eacee0360e2f0b9b21c1ec2fa0459d73b07eb,07-Feb-2016,0.830833
e751c7933b1f23b10b471d5f53f295abba1b4577,06-Mar-2016,0.873763
e7c2b46f9bf9417400c5833101e4468bd34f44a1,22-Jan-2016,0.996667
e7cf560ea3f9de82d0e3a88d32f40542c20fe454,30-Jan-2016,0.9625
e7f1bc8345c2ebd250287f250142c1bbc65e8f62,22-Jan-2016,0
e7faf3323113509e7c95088bb4c627126a767bcb,12-Apr-2016,0.1
e8170f005794f144014f213e6cde1be933412528,17-Feb-2016,0.91875
e831216cf53ddc8aba0501789ccd8a76a5e72e6b,06-May-2016,0.125
e864e16adc38877837fe912383bd0e617a1d6077,26-Jan-2016,0.2875
e86852910012bfa2faa49ea478773ff1a3be927f,01-Feb-2016,0.871288
e8d55991db7acfe07d800a679c11098364f2a57e,01-May-2016,0.978409
e8dc19591f03f365f292fb0fc79dcc2568f896ed,28-Jan-2016,0.865909
e90438db6b1551d5392bccc84f204e94bd35ee1a,28-Feb-2016,0.912576
e9178f7714180f0c82e098bed16cd05de0d3bda7,12-Jan-2016,0
e95529c3f55ad4b4cb10db4ae0177d414680ecc1,28-Jan-2016,0.075
e999c1efd7d37ec696f38a8064935627b6287407,31-Jan-2016,0.791945
e99b69d89db5ec57dff3867c8b74d6a53d2faf46,25-Jan-2016,0.254621
e9c4e81bb725d2c75e0b6d39c683f421e82da69c,29-Jan-2016,0.86875
ea16c9744ac9ee1aa4f847c009e21d8b6e9e8dd9,09-Feb-2016,0.898371
ea4c183441d374999162920a29edb75713406e0e,21-Mar-2016,0.926288
ea6c910e072512f19431c11c8f468f7370b2319c,08-Apr-2016,0.810871
ea70298336671e1186cb482151edd62a861050bd,22-Jan-2016,0.864205
ea92f5358a358a5e19f8ad87e4953c68a9e31f1b,20-Mar-2016,0.901288
eaae5b5e883ab7e5e5488e0ced09f692e531fb44,07-May-2016,0.199167
eab1b20f2f96a2e4edc29e191602709cd6af04a5,15-Jan-2016,0.927072
eacbb05324c57ad617a53b3ad533529ce7ef99da,10-Feb-2016,0.923333
eb1d4c5a068a06753d9cbac669f48bd3b2e9daa4,20-Jan-2016,0.9875
eb3949452fe3bd054de940a3a932e67f8203170e,08-May-2016,0.0875
eb797c60bc02c426f98c892e5c2cc35df2deee1b,04-May-2016,0.390784
eb99076fdfebc2e3ab4b1dd8e769d3ed9c75e252,27-Feb-2016,0.9625
eb9af07b3a757318b070bc5bedafa639504f336c,10-Jan-2016,0.982955
ebc0274138fc0b8514d59e112bc735ae9521e5d6,10-Feb-2016,0.975076
ec1216d9c9b42e29eabfb3b599d8794574b20ef6,11-Jan-2016,0.075
ec1d06392ca137d0baf7b1725b28f677cc54a75c,01-Feb-2016,0.943409
ec2c7a905ed9c31c4276d764112b322d4683273b,23-Jan-2016,0.772086
ecae3849be413504a992b8b658899b3730cd4787,02-Feb-2016,0.334661
eccc59c1043ba778064250a16aa36405882b87c0,21-Feb-2016,0.979167
ecdf85213ebff76cf267046394605031a634991c,21-Jan-2016,1
ecf5ab732b7c7b6c53bb8a9bda2a35bdf10898f4,07-Feb-2016,0.868725
ecf7245cd95ff6b33dd8cb902075f18d3f2cdf6c,08-Feb-2016,0
ed1686deff529cd77fd1bf0d6a79c55641332215,28-Jan-2016,0.782955
ed57be6fa13a04ac4dff0ff3a77fb58df34db991,27-Jan-2016,0.910871
edeeeea299a253a1bb415dec6a37a5da1d58ece6,25-Apr-2016,0.898763
ee1a7059860ce4c0c93205ced7837561f1015ba7,24-Jan-2016,0.175
ee214a2356282e5fde26cfccf783f2de010f8c7f,11-Jan-2016,0.136667
ee3cb4c912e0d691044bf13c7baa38ffcf2063d9,11-Jan-2016,0
ee578a56e23b473437595cd03e6f6d52d38c3e8c,01-May-2016,0.795455
ee62b684a56f4b7ec6a38454bd06e35ab191f70b,29-Feb-2016,0
eeddb3f02146eb138d183ed233dabd35ac30c40f,31-Jan-2016,0.1875
eee69db40bd9179c834d18b20acdf795f29c9cfa,14-Mar-2016,0.1
eef164e6eae1559afca02a09c1e6e1732e9b61c0,24-Jan-2016,0.8375
ef0b039e77fb02b92ce184227a5cf720e3d75ef1,15-Feb-2016,0.917121
ef308ba6241557c406e740a326eb33b7a34187e2,31-Jan-2016,0.0625
ef3363da7a6f7b7be3a14f54bb7774e7190b8c3d,31-Jan-2016,0.134167
ef38d7bbc605b61716631c4b583f6a368b79e013,23-Jan-2016,0.995455
ef3d2984ea2b4dcec934c4dd42d8682290e17c05,06-May-2016,0.3
ef903077a2f17bf1f126ef4c5e4f3193a54e359d,14-Apr-2016,0.85625
efd68f3d40d5b4422f459175507620832b6eb337,14-Feb-2016,0.900871
efd7f216e0b529f306b960ea6431cd07540bd206,31-Jan-2016,1
f02ccfe7b448194ae3b0d943b08fb8b4eabfab7b,05-May-2016,0.446667
f0885b992c0a0b0d9c5330114d43d24faa88d294,05-May-2016,0.0333333
f0a460ac6bdfaaa2109a6c63dba4c6c17b5b582c,09-Apr-2016,0.779621
f0b5c5cfd8f8ab4da13ad0fb3d1a63bb4fc18a9c,28-Jan-2016,0.867881
f0db58cf9146c992233b3a2dd4210d3160eb0544,03-Feb-2016,0.935871
f0dd9fe2b626b165e762d2e15c07e154664db43a,30-Jan-2016,0.88125
f11b6435712e7d15cb7a896e0cb10bc69129bce5,06-Feb-2016,0.975
f1419de20f4552cf4fba89b1fe6571bf3d69b927,18-Mar-2016,0
f17e47f89d99e3f921032249145d3eb9151203c0,05-May-2016,0.804621
f1ad8b82976cb012ef947e6b737e815fefad88fc,02-May-2016,1
f1fd25814318f152bcd329767cb154d1f115a590,19-Jan-2016,0.9125
f214b8fe31fc4f41db6fb9d1550501049791bab2,09-Jan-2016,0.145455
f222ad5293cf704a40ad29952e8bb6c1cd9200e6,27-Jan-2016,0.319318
f22c31b44fb6dc1bb53adb437a7235c2eee81c45,07-Feb-2016,0.9725
f2751055e2df9fac7fea292bf4d20b65a1ecf1a7,06-Mar-2016,0.902576
f2884f73585f9123b4e86799d19da86c1690b3e2,24-Jan-2016,0.922059
f291a3aaa7bb963e7e7b299a420c50e1c5f5b1d0,06-Feb-2016,0
f2a81a42ab38e2ca9fcb2aab76c5e77fdf6e63a4,07-Feb-2016,1
f2b4316ad0d13f5c7fc4aa77fb8f65834f3e56e3,14-Jan-2016,0.956618
f2b7ebea12721debb694371cdeaf96c499dbdac1,30-Jan-2016,0.855013
f2b8a3db7216b1c8b5e49cb9f1777da611c3b463,29-Mar-2016,0.859559
f2c3bd1daec1e17e4105a070d83997985578025b,11-Jan-2016,0
f2e4298b259d3b74283249f6e1d8ee4d429232c2,06-Mar-2016,0.890809
f2f13edc966290fbeaecbb4e831f01076befc095,18-Mar-2016,0.95
f30179c800bcc0629178a6acb52e68e6c31016b8,04-May-2016,0.146667
f306db328a060026aa3bf1df3aa4317fcfbe557a,18-Jan-2016,0.124167
f31d1a7bc861b78f2c2c324e075c96e85563bebe,12-Feb-2016,0.982955
f3ac13252165c9371243a8efc36e045f089e81a7,07-Feb-2016,0.827892
f4ba87f3c3e9e16929bcb550f978e13718f8d74a,30-Jan-2016,0.945455
f4e37ab64d817a2a6177ebe7a6eda5f45dd7342b,29-Jan-2016,0.208333
f50d9ba86bdb3819b97852fdde821176fbd34297,03-Feb-2016,0.45
f52013668e0582a0e78483b66a9fc003700c6802,24-Jan-2016,0.310455
f5209d5b73ed2cd2e4beee8d71dc1a1f0e0b5a8c,27-Jan-2016,0.225152
f61165f647959d947b3432c73ad1e29b222f5f79,29-Jan-2016,0.877048
f62374565337415b48d92fb10a7ef5ab788c26c1,20-Feb-2016,0.925
f624361b9637de02e6872edbee3659fbe3f7c8b4,09-Jan-2016,0.0875
f633a4309f7d2d49d8e37644e47a2b2b6cd544f3,05-Apr-2016,0.175
f63d3e4de6db519f9d1982a5e50e2085c95ec91a,11-Jan-2016,0.075
f66898cfcc845582c5e569b343008b8745ee476c,12-Feb-2016,0.075
f67b92053c8b087589cbb9299cbfd51bc926cf86,23-Apr-2016,0.893309
f6f4b7bd6edf4348c666039d22b9451ec0fe7023,25-Feb-2016,0.878409
f6fab07a41d3f8ee779f1e5250db28dea8f8dbbf,31-Mar-2016,0.945455
f71ddf7953ca05a6b3aa820a2e4f768bfa8d9696,12-Jan-2016,0.0983333
f7a2e368613e86af389b4d76406e0f41464e14a0,15-Jan-2016,0.862159
f7b5ad225b7f2c23d146776747849b243a229f22,02-Feb-2016,0.918801
f7b7260d60c6abfa938a8466a22677e4090f7779,10-Jan-2016,0.143333
f7ba67bb7d8b2b6d4c58742b69c2bb7a9d2f031c,06-Feb-2016,0.915909
f7e20f7fbe47cfc4e32dccd9d32635a89f448439,01-Feb-2016,0.95
f83385baa4cfd6907720c798eda5e9dd21f3ab41,30-Mar-2016,0.124167
f849830e9c3f637b2d97337f8b089d4d9d10e5ed,21-Jan-2016,0.995455
f85ad44bc4c82b487db03c2d0e809c08d601c6bc,30-Jan-2016,0.925468
f8675181333810028dba40db5d0f7f0cf3c39386,08-Jan-2016,0.138636
f8888278596180cf282f85e18f9fbee1dd66f12d,06-Mar-2016,0.0875
f889f197d46a20a0475f90b3a64d84cd6e5823b6,13-Feb-2016,0.915
f8cadaaeea66885d12ed2b53994c859769cfddb8,04-Feb-2016,0.884167
f91a33f46621e2e8cda5561d4876399c76ce40eb,07-Feb-2016,0.785847
f97aea60f971029a1767a0ca185f73d0e5776ef9,05-Feb-2016,0.932538
f9aa424b048da7a24a51594ecc2ee0a5e9ec12f1,01-Feb-2016,0.990909
f9ab94b6b6a83f4c3baa52dcca3bef6255258354,08-Apr-2016,0.075
f9c2aa6c4c76182267084f2be170f07400dd138c,26-Jan-2016,0.889205
f9ee112cbc68758eb5a07b8733d35ae08a53712c,27-Mar-2016,0.85
f9fc4e93792d97c36295d24f2e8a73dd5ae86858,22-Feb-2016,0.855013
fa0204358ee44f19701faff07d2b83a756fbf206,02-Feb-2016,0.025
fa9dea0933740365ef744e09129a4413b34d38ae,31-Jan-2016,0
faa3b60eaff249125c5dafdc3fe83f1081777ad8,25-Jan-2016,0
facbf349bc90c21abfb54fbd50f6973d96210900,07-May-2016,0.15
fad6568060fa2ec91f9ac843516162b04bdd1cfa,23-Feb-2016,0.134167
fb143d0f4e034d27a4ffa926b95106677587e482,14-Feb-2016,0.823763
fb2c8ba2aaaa9c1711db4353755743dbd379d179,15-Mar-2016,0.834659
fb31e3294f2c5990b5e989ef78ce180a10521253,13-Apr-2016,0.863788
fb3962d39dff997238ee8496fc298b582ee49a89,29-Jan-2016,0.905833
fb4d3b7c94e51fcc33ced5c076a55dc1e400cd07,31-Jan-2016,1
fb729a5e6408b1f0fd210c7910771bc08c4a8f10,25-Apr-2016,0.376288
fbf2248b24556411d5049998b0b21d0ac51122f9,17-Mar-2016,0.851938
fc162dd6c27e51ac257a7e3a30d96df796d9f86e,25-Jan-2016,0.175
fc3e514ecf9c00f639d120aa8dec05221cb4657c,27-Jan-2016,0.909394
fc63b5568411e9840c5c94b1e27e248deb26d47c,07-Feb-2016,0.887576
fc91d8a28d5dcd5bf959ae2a7cc00c55abbea59f,07-Feb-2016,0.856176
fc967bca946df789269c9001546c9701c73ba25b,03-Feb-2016,0.827917
fcafb8a7b0c05921199de470a93233727c98b674,16-Mar-2016,0.5125
fcc8982d5154fbd5aa53314fafaa10b74ed44b8b,01-Feb-2016,0
fcf55fa435d126ce378ba3daeee28d5614d260bb,18-Mar-2016,0.859093
fd2a5ae4ec51b698a8cfe70d8f3790524dd16775,15-Jan-2016,0
fd383e4656e8ca18d530221495d299877deaddd4,01-Feb-2016,0
fd9bb18f444acc73771ad248ac9ab07164d327a4,11-Jan-2016,0.075
fdb09caec61910275db6b9fccb9785d1b4c36837,08-Feb-2016,0.992513
fdb3ca27ff60b3ddb184364d4c2b946a834c3686,04-Feb-2016,0.9625
fe11c81d705c0716aa9c465292856e88339422d9,22-Jan-2016,0.45
fe55fe575bb45fe720a9a809edd2506dab0a1494,31-Jan-2016,0.881225
fe58dba18f9254c8f82a7d71da3de9eb1a570490,14-Mar-2016,0.898763
fe795e7232109d3f02fe86e977d279c2d7ca49a1,31-Jan-2016,1
fe947b5116b03b0567368463167a0cc4b80f67a2,12-Mar-2016,0.946667
fecac405c8c97f8e83f3dd58489ba6df86476aac,17-Jan-2016,0.0625
fee641cc01987d1e639156ecdbfd91031312a8c8,10-Feb-2016,0.880013
ff0610a88450e3c20b37dbced45083d458ffa86c,31-Jan-2016,0.964205
ff66a8968a85e1f119d2e969090025eba37b796c,07-Feb-2016,0.91875
ff66baf73e6ef524708288bba77765715e2d0e0d,04-Feb-2016,0.836667
